model,dataset,seed,scenario,metric_type,delta,L_estimate,bound_final,actual_final_divergence,actual_max_divergence,bound_holds,decision,notes
quadratic,"synthetic_quadratic(n=20,kappa=30)",0,scheduler_mismatch,raw_theta_M,0.0,1.0197870381164895,0.0,0.026248129084706306,0.041798628866672516,False,certified_safe,OLD METRIC BLIND: delta=0 -> bound identically 0 (vacuous/misleading)
quadratic,"synthetic_quadratic(n=20,kappa=30)",0,scheduler_mismatch,raw_plus_sched_time,0.005416467785835266,1.0197870381164895,0.011860299858785834,0.026248129084706306,0.041798628866672516,False,abstained,
quadratic,"synthetic_quadratic(n=20,kappa=30)",0,scheduler_mismatch,block_normalized,0.0,1.0197870381164895,0.0,0.026248129084706306,0.041798628866672516,False,certified_safe,
quadratic,"synthetic_quadratic(n=20,kappa=30)",0,scheduler_mismatch,denom_aware_v,0.0,1.0197870381164895,0.0,0.026248129084706306,0.041798628866672516,False,certified_safe,
quadratic,"synthetic_quadratic(n=20,kappa=30)",0,scheduler_mismatch,full_repaired,0.005416467785835266,1.0197870381164895,0.011860299858785834,0.026248129084706306,0.041798628866672516,False,abstained,metric used by repaired analyzer
quadratic,"synthetic_quadratic(n=20,kappa=30)",0,reset_second_moment,raw_theta_M,2.244577646255493,1.7723240357569163,19627262256.07479,3.4351906776428223,4.140129089355469,False,flagged_dangerous,
quadratic,"synthetic_quadratic(n=20,kappa=30)",0,reset_second_moment,raw_plus_sched_time,2.244577646255493,1.7723240357569163,19627262256.07479,3.4351906776428223,4.140129089355469,False,flagged_dangerous,
quadratic,"synthetic_quadratic(n=20,kappa=30)",0,reset_second_moment,block_normalized,0.1694058179864592,1.7723240357569163,1481335440.9333878,3.4351906776428223,4.140129089355469,False,flagged_dangerous,
quadratic,"synthetic_quadratic(n=20,kappa=30)",0,reset_second_moment,denom_aware_v,1.7150911092758179,1.7723240357569163,14997272672.200089,3.4351906776428223,4.140129089355469,False,flagged_dangerous,
quadratic,"synthetic_quadratic(n=20,kappa=30)",0,reset_second_moment,full_repaired,1.7150911092758179,1.7723240357569163,14997272672.200089,3.4351906776428223,4.140129089355469,False,flagged_dangerous,metric used by repaired analyzer
quadratic,"synthetic_quadratic(n=20,kappa=30)",0,ema_loaded_as_parameters,raw_theta_M,1.1700841188430786,1.023918179660917,3.0118077282989266,0.18741340935230255,1.1700841188430786,True,flagged_dangerous,
quadratic,"synthetic_quadratic(n=20,kappa=30)",0,ema_loaded_as_parameters,raw_plus_sched_time,1.1700841188430786,1.023918179660917,3.0118077282989266,0.18741340935230255,1.1700841188430786,True,flagged_dangerous,
quadratic,"synthetic_quadratic(n=20,kappa=30)",0,ema_loaded_as_parameters,block_normalized,1.1700841188430786,1.023918179660917,3.0118077282989266,0.18741340935230255,1.1700841188430786,True,flagged_dangerous,
quadratic,"synthetic_quadratic(n=20,kappa=30)",0,ema_loaded_as_parameters,denom_aware_v,1.1700841188430786,1.023918179660917,3.0118077282989266,0.18741340935230255,1.1700841188430786,True,flagged_dangerous,
quadratic,"synthetic_quadratic(n=20,kappa=30)",0,ema_loaded_as_parameters,full_repaired,1.1700841188430786,1.023918179660917,3.0118077282989266,0.18741340935230255,1.1700841188430786,True,flagged_dangerous,metric used by repaired analyzer
quadratic,"synthetic_quadratic(n=20,kappa=30)",0,stale_adam_moments,raw_theta_M,1.5651813745498657,1.0192428102721882,3.3548332312857023,0.03056841529905796,0.15064282715320587,True,flagged_dangerous,
quadratic,"synthetic_quadratic(n=20,kappa=30)",0,stale_adam_moments,raw_plus_sched_time,1.5651813745498657,1.0192428102721882,3.3548332312857023,0.03056841529905796,0.15064282715320587,True,flagged_dangerous,
quadratic,"synthetic_quadratic(n=20,kappa=30)",0,stale_adam_moments,block_normalized,0.6432174844106654,1.0192428102721882,1.3786820024391648,0.03056841529905796,0.15064282715320587,True,flagged_dangerous,
quadratic,"synthetic_quadratic(n=20,kappa=30)",0,stale_adam_moments,denom_aware_v,1.5646972668683998,1.0192428102721882,3.35379558762107,0.03056841529905796,0.15064282715320587,True,flagged_dangerous,
quadratic,"synthetic_quadratic(n=20,kappa=30)",0,stale_adam_moments,full_repaired,0.037023723125457764,1.0192428102721882,0.07935720339307516,0.03056841529905796,0.15064282715320587,False,flagged_dangerous,metric used by repaired analyzer
quadratic,"synthetic_quadratic(n=20,kappa=30)",0,mild_lr_decrease,raw_theta_M,0.0,1.0192428102721882,0.0,0.04539256542921066,0.05845864117145538,False,certified_safe,OLD METRIC BLIND: delta=0 -> bound identically 0 (vacuous/misleading)
quadratic,"synthetic_quadratic(n=20,kappa=30)",0,mild_lr_decrease,raw_plus_sched_time,0.005416467320173979,1.0192428102721882,0.01160973728499588,0.04539256542921066,0.05845864117145538,False,abstained,
quadratic,"synthetic_quadratic(n=20,kappa=30)",0,mild_lr_decrease,block_normalized,0.0,1.0192428102721882,0.0,0.04539256542921066,0.05845864117145538,False,certified_safe,
quadratic,"synthetic_quadratic(n=20,kappa=30)",0,mild_lr_decrease,denom_aware_v,0.0,1.0192428102721882,0.0,0.04539256542921066,0.05845864117145538,False,certified_safe,
quadratic,"synthetic_quadratic(n=20,kappa=30)",0,mild_lr_decrease,full_repaired,0.005416467320173979,1.0192428102721882,0.01160973728499588,0.04539256542921066,0.05845864117145538,False,abstained,metric used by repaired analyzer
quadratic,"synthetic_quadratic(n=20,kappa=30)",1,scheduler_mismatch,raw_theta_M,0.0,1.0283196203327094,0.0,0.05397976189851761,0.0774640366435051,False,certified_safe,OLD METRIC BLIND: delta=0 -> bound identically 0 (vacuous/misleading)
quadratic,"synthetic_quadratic(n=20,kappa=30)",1,scheduler_mismatch,raw_plus_sched_time,0.008968967013061047,1.0283196203327094,0.02740736701531008,0.05397976189851761,0.0774640366435051,False,abstained,
quadratic,"synthetic_quadratic(n=20,kappa=30)",1,scheduler_mismatch,block_normalized,0.0,1.0283196203327094,0.0,0.05397976189851761,0.0774640366435051,False,certified_safe,
quadratic,"synthetic_quadratic(n=20,kappa=30)",1,scheduler_mismatch,denom_aware_v,0.0,1.0283196203327094,0.0,0.05397976189851761,0.0774640366435051,False,certified_safe,
quadratic,"synthetic_quadratic(n=20,kappa=30)",1,scheduler_mismatch,full_repaired,0.008968967013061047,1.0283196203327094,0.02740736701531008,0.05397976189851761,0.0774640366435051,False,abstained,metric used by repaired analyzer
quadratic,"synthetic_quadratic(n=20,kappa=30)",1,reset_second_moment,raw_theta_M,4.226723670959473,1.718850737831723,10852516437.458942,1.59944486618042,3.560349225997925,True,flagged_dangerous,
quadratic,"synthetic_quadratic(n=20,kappa=30)",1,reset_second_moment,raw_plus_sched_time,4.226723670959473,1.718850737831723,10852516437.458942,1.59944486618042,3.560349225997925,True,flagged_dangerous,
quadratic,"synthetic_quadratic(n=20,kappa=30)",1,reset_second_moment,block_normalized,0.31316074729058346,1.718850737831723,804070107.7500293,1.59944486618042,3.560349225997925,False,flagged_dangerous,
quadratic,"synthetic_quadratic(n=20,kappa=30)",1,reset_second_moment,denom_aware_v,1.7076084613800049,1.718850737831723,4384447704.305145,1.59944486618042,3.560349225997925,False,flagged_dangerous,
quadratic,"synthetic_quadratic(n=20,kappa=30)",1,reset_second_moment,full_repaired,1.7076084613800049,1.718850737831723,4384447704.305145,1.59944486618042,3.560349225997925,False,flagged_dangerous,metric used by repaired analyzer
quadratic,"synthetic_quadratic(n=20,kappa=30)",1,ema_loaded_as_parameters,raw_theta_M,1.3281701803207397,1.0283196203327094,4.0586220841074825,0.28577202558517456,1.3281701803207397,True,flagged_dangerous,
quadratic,"synthetic_quadratic(n=20,kappa=30)",1,ema_loaded_as_parameters,raw_plus_sched_time,1.3281701803207397,1.0283196203327094,4.0586220841074825,0.28577202558517456,1.3281701803207397,True,flagged_dangerous,
quadratic,"synthetic_quadratic(n=20,kappa=30)",1,ema_loaded_as_parameters,block_normalized,1.3281701803207397,1.0283196203327094,4.0586220841074825,0.28577202558517456,1.3281701803207397,True,flagged_dangerous,
quadratic,"synthetic_quadratic(n=20,kappa=30)",1,ema_loaded_as_parameters,denom_aware_v,1.3281701803207397,1.0283196203327094,4.0586220841074825,0.28577202558517456,1.3281701803207397,True,flagged_dangerous,
quadratic,"synthetic_quadratic(n=20,kappa=30)",1,ema_loaded_as_parameters,full_repaired,1.3281701803207397,1.0283196203327094,4.0586220841074825,0.28577202558517456,1.3281701803207397,True,flagged_dangerous,metric used by repaired analyzer
quadratic,"synthetic_quadratic(n=20,kappa=30)",1,stale_adam_moments,raw_theta_M,3.61255145072937,1.0283196203327094,11.039233763224546,0.04064293950796127,0.19634804129600525,True,flagged_dangerous,
quadratic,"synthetic_quadratic(n=20,kappa=30)",1,stale_adam_moments,raw_plus_sched_time,3.61255145072937,1.0283196203327094,11.039233763224546,0.04064293950796127,0.19634804129600525,True,flagged_dangerous,
quadratic,"synthetic_quadratic(n=20,kappa=30)",1,stale_adam_moments,block_normalized,0.8127690847666242,1.0283196203327094,2.4836595532637533,0.04064293950796127,0.19634804129600525,True,flagged_dangerous,
quadratic,"synthetic_quadratic(n=20,kappa=30)",1,stale_adam_moments,denom_aware_v,3.6121132394462423,1.0283196203327094,11.037894677302004,0.04064293950796127,0.19634804129600525,True,flagged_dangerous,
quadratic,"synthetic_quadratic(n=20,kappa=30)",1,stale_adam_moments,full_repaired,0.05040372163057327,1.0283196203327094,0.15402367916560902,0.04064293950796127,0.19634804129600525,False,flagged_dangerous,metric used by repaired analyzer
quadratic,"synthetic_quadratic(n=20,kappa=30)",1,mild_lr_decrease,raw_theta_M,0.0,1.0289843555982927,0.0,0.1059509813785553,0.10624025762081146,False,certified_safe,OLD METRIC BLIND: delta=0 -> bound identically 0 (vacuous/misleading)
quadratic,"synthetic_quadratic(n=20,kappa=30)",1,mild_lr_decrease,raw_plus_sched_time,0.008968966081738472,1.0289843555982927,0.028125047090512865,0.1059509813785553,0.10624025762081146,False,abstained,
quadratic,"synthetic_quadratic(n=20,kappa=30)",1,mild_lr_decrease,block_normalized,0.0,1.0289843555982927,0.0,0.1059509813785553,0.10624025762081146,False,certified_safe,
quadratic,"synthetic_quadratic(n=20,kappa=30)",1,mild_lr_decrease,denom_aware_v,0.0,1.0289843555982927,0.0,0.1059509813785553,0.10624025762081146,False,certified_safe,
quadratic,"synthetic_quadratic(n=20,kappa=30)",1,mild_lr_decrease,full_repaired,0.008968966081738472,1.0289843555982927,0.028125047090512865,0.1059509813785553,0.10624025762081146,False,abstained,metric used by repaired analyzer
quadratic,"synthetic_quadratic(n=20,kappa=30)",2,scheduler_mismatch,raw_theta_M,0.0,1.0213189815068162,0.0,0.13270461559295654,0.13275519013404846,False,certified_safe,OLD METRIC BLIND: delta=0 -> bound identically 0 (vacuous/misleading)
quadratic,"synthetic_quadratic(n=20,kappa=30)",2,scheduler_mismatch,raw_plus_sched_time,0.010288073681294918,1.0213189815068162,0.023921598931696868,0.13270461559295654,0.13275519013404846,False,abstained,
quadratic,"synthetic_quadratic(n=20,kappa=30)",2,scheduler_mismatch,block_normalized,0.0,1.0213189815068162,0.0,0.13270461559295654,0.13275519013404846,False,certified_safe,
quadratic,"synthetic_quadratic(n=20,kappa=30)",2,scheduler_mismatch,denom_aware_v,0.0,1.0213189815068162,0.0,0.13270461559295654,0.13275519013404846,False,certified_safe,
quadratic,"synthetic_quadratic(n=20,kappa=30)",2,scheduler_mismatch,full_repaired,0.010288073681294918,1.0213189815068162,0.023921598931696868,0.13270461559295654,0.13275519013404846,False,abstained,metric used by repaired analyzer
quadratic,"synthetic_quadratic(n=20,kappa=30)",2,reset_second_moment,raw_theta_M,2.988950490951538,1.7843554426092225,34258908058.530277,13.405367851257324,14.160714149475098,False,flagged_dangerous,
quadratic,"synthetic_quadratic(n=20,kappa=30)",2,reset_second_moment,raw_plus_sched_time,2.988950490951538,1.7843554426092225,34258908058.530277,13.405367851257324,14.160714149475098,False,flagged_dangerous,
quadratic,"synthetic_quadratic(n=20,kappa=30)",2,reset_second_moment,block_normalized,0.6788908297705,1.7843554426092225,7781346191.345793,13.405367851257324,14.160714149475098,False,flagged_dangerous,
quadratic,"synthetic_quadratic(n=20,kappa=30)",2,reset_second_moment,denom_aware_v,1.7047110795974731,1.7843554426092225,19539146037.743664,13.405367851257324,14.160714149475098,False,flagged_dangerous,
quadratic,"synthetic_quadratic(n=20,kappa=30)",2,reset_second_moment,full_repaired,1.7047110795974731,1.7843554426092225,19539146037.743664,13.405367851257324,14.160714149475098,False,flagged_dangerous,metric used by repaired analyzer
quadratic,"synthetic_quadratic(n=20,kappa=30)",2,ema_loaded_as_parameters,raw_theta_M,1.4435858726501465,1.023180663396055,3.6102359309465744,0.39333808422088623,1.4435858726501465,True,flagged_dangerous,
quadratic,"synthetic_quadratic(n=20,kappa=30)",2,ema_loaded_as_parameters,raw_plus_sched_time,1.4435858726501465,1.023180663396055,3.6102359309465744,0.39333808422088623,1.4435858726501465,True,flagged_dangerous,
quadratic,"synthetic_quadratic(n=20,kappa=30)",2,ema_loaded_as_parameters,block_normalized,1.4435858726501465,1.023180663396055,3.6102359309465744,0.39333808422088623,1.4435858726501465,True,flagged_dangerous,
quadratic,"synthetic_quadratic(n=20,kappa=30)",2,ema_loaded_as_parameters,denom_aware_v,1.4435858726501465,1.023180663396055,3.6102359309465744,0.39333808422088623,1.4435858726501465,True,flagged_dangerous,
quadratic,"synthetic_quadratic(n=20,kappa=30)",2,ema_loaded_as_parameters,full_repaired,1.4435858726501465,1.023180663396055,3.6102359309465744,0.39333808422088623,1.4435858726501465,True,flagged_dangerous,metric used by repaired analyzer
quadratic,"synthetic_quadratic(n=20,kappa=30)",2,stale_adam_moments,raw_theta_M,3.2948663234710693,1.0157898355783852,6.165840849504335,0.04083573818206787,0.21789811551570892,True,flagged_dangerous,
quadratic,"synthetic_quadratic(n=20,kappa=30)",2,stale_adam_moments,raw_plus_sched_time,3.2948663234710693,1.0157898355783852,6.165840849504335,0.04083573818206787,0.21789811551570892,True,flagged_dangerous,
quadratic,"synthetic_quadratic(n=20,kappa=30)",2,stale_adam_moments,block_normalized,1.6696294517522372,1.0157898355783852,3.124457403268568,0.04083573818206787,0.21789811551570892,True,flagged_dangerous,
quadratic,"synthetic_quadratic(n=20,kappa=30)",2,stale_adam_moments,denom_aware_v,3.294653178928829,1.0157898355783852,6.165441981933886,0.04083573818206787,0.21789811551570892,True,flagged_dangerous,
quadratic,"synthetic_quadratic(n=20,kappa=30)",2,stale_adam_moments,full_repaired,0.05428793281316757,1.0157898355783852,0.10159160369879403,0.04083573818206787,0.21789811551570892,False,flagged_dangerous,metric used by repaired analyzer
quadratic,"synthetic_quadratic(n=20,kappa=30)",2,mild_lr_decrease,raw_theta_M,0.0,1.0297602778595831,0.0,0.17858576774597168,0.17858576774597168,False,certified_safe,OLD METRIC BLIND: delta=0 -> bound identically 0 (vacuous/misleading)
quadratic,"synthetic_quadratic(n=20,kappa=30)",2,mild_lr_decrease,raw_plus_sched_time,0.010288073681294918,1.0297602778595831,0.03324906803835086,0.17858576774597168,0.17858576774597168,False,abstained,
quadratic,"synthetic_quadratic(n=20,kappa=30)",2,mild_lr_decrease,block_normalized,0.0,1.0297602778595831,0.0,0.17858576774597168,0.17858576774597168,False,certified_safe,
quadratic,"synthetic_quadratic(n=20,kappa=30)",2,mild_lr_decrease,denom_aware_v,0.0,1.0297602778595831,0.0,0.17858576774597168,0.17858576774597168,False,certified_safe,
quadratic,"synthetic_quadratic(n=20,kappa=30)",2,mild_lr_decrease,full_repaired,0.010288073681294918,1.0297602778595831,0.03324906803835086,0.17858576774597168,0.17858576774597168,False,abstained,metric used by repaired analyzer
mnist_mlp,real MNIST train split,0,scheduler_mismatch,raw_theta_M,0.0,1.645401638018924,0.0,0.5297757983207703,0.5297757983207703,False,certified_safe,OLD METRIC BLIND: delta=0 -> bound identically 0 (vacuous/misleading)
mnist_mlp,real MNIST train split,0,scheduler_mismatch,raw_plus_sched_time,0.038620948791503906,1.645401638018924,118844.9406963521,0.5297757983207703,0.5297757983207703,True,flagged_dangerous,
mnist_mlp,real MNIST train split,0,scheduler_mismatch,block_normalized,0.0,1.645401638018924,0.0,0.5297757983207703,0.5297757983207703,False,certified_safe,
mnist_mlp,real MNIST train split,0,scheduler_mismatch,denom_aware_v,0.0,1.645401638018924,0.0,0.5297757983207703,0.5297757983207703,False,certified_safe,
mnist_mlp,real MNIST train split,0,scheduler_mismatch,full_repaired,0.038620948791503906,1.645401638018924,118844.9406963521,0.5297757983207703,0.5297757983207703,True,flagged_dangerous,metric used by repaired analyzer
mnist_mlp,real MNIST train split,0,reset_second_moment,raw_theta_M,0.0025042498018592596,7.075009084746269,7.77119315881418e+22,2341.58837890625,2341.58837890625,False,flagged_dangerous,
mnist_mlp,real MNIST train split,0,reset_second_moment,raw_plus_sched_time,0.0025042498018592596,7.075009084746269,7.77119315881418e+22,2341.58837890625,2341.58837890625,False,flagged_dangerous,
mnist_mlp,real MNIST train split,0,reset_second_moment,block_normalized,7.196012494075721,7.075009084746269,2.2330680838302984e+26,2341.58837890625,2341.58837890625,False,flagged_dangerous,
mnist_mlp,real MNIST train split,0,reset_second_moment,denom_aware_v,1.4085023403167725,7.075009084746269,4.370867372383094e+25,2341.58837890625,2341.58837890625,False,flagged_dangerous,
mnist_mlp,real MNIST train split,0,reset_second_moment,full_repaired,1.4085023403167725,7.075009084746269,4.370867372383094e+25,2341.58837890625,2341.58837890625,False,flagged_dangerous,metric used by repaired analyzer
mnist_mlp,real MNIST train split,0,ema_loaded_as_parameters,raw_theta_M,3.0628538131713867,1.5464413410589086,1465985.9374700112,1.751371145248413,3.0628538131713867,True,flagged_dangerous,
mnist_mlp,real MNIST train split,0,ema_loaded_as_parameters,raw_plus_sched_time,3.0628538131713867,1.5464413410589086,1465985.9374700112,1.751371145248413,3.0628538131713867,True,flagged_dangerous,
mnist_mlp,real MNIST train split,0,ema_loaded_as_parameters,block_normalized,3.0628538131713867,1.5464413410589086,1465985.9374700112,1.751371145248413,3.0628538131713867,True,flagged_dangerous,
mnist_mlp,real MNIST train split,0,ema_loaded_as_parameters,denom_aware_v,3.0628538131713867,1.5464413410589086,1465985.9374700112,1.751371145248413,3.0628538131713867,True,flagged_dangerous,
mnist_mlp,real MNIST train split,0,ema_loaded_as_parameters,full_repaired,3.0628538131713867,1.5464413410589086,1465985.9374700112,1.751371145248413,3.0628538131713867,True,flagged_dangerous,metric used by repaired analyzer
mnist_mlp,real MNIST train split,0,stale_adam_moments,raw_theta_M,0.5523527264595032,1.5881393877865182,587320.2966367449,0.5462979674339294,0.5536357164382935,True,flagged_dangerous,
mnist_mlp,real MNIST train split,0,stale_adam_moments,raw_plus_sched_time,0.5523527264595032,1.5881393877865182,587320.2966367449,0.5462979674339294,0.5536357164382935,True,flagged_dangerous,
mnist_mlp,real MNIST train split,0,stale_adam_moments,block_normalized,7.7553917738856555,1.5881393877865182,8246359.217540037,0.5462979674339294,0.5536357164382935,True,flagged_dangerous,
mnist_mlp,real MNIST train split,0,stale_adam_moments,denom_aware_v,0.5536790929918083,1.5881393877865182,588730.6309175147,0.5462979674339294,0.5536357164382935,True,flagged_dangerous,
mnist_mlp,real MNIST train split,0,stale_adam_moments,full_repaired,0.10181882232427597,1.5881393877865182,108264.6252404842,0.5462979674339294,0.5536357164382935,True,flagged_dangerous,metric used by repaired analyzer
mnist_mlp,real MNIST train split,0,mild_lr_decrease,raw_theta_M,0.0,1.5404801238352253,0.0,0.6078659296035767,0.6078659296035767,False,certified_safe,OLD METRIC BLIND: delta=0 -> bound identically 0 (vacuous/misleading)
mnist_mlp,real MNIST train split,0,mild_lr_decrease,raw_plus_sched_time,0.038620952516794205,1.5404801238352253,16462.885429211863,0.6078659296035767,0.6078659296035767,True,flagged_dangerous,
mnist_mlp,real MNIST train split,0,mild_lr_decrease,block_normalized,0.0,1.5404801238352253,0.0,0.6078659296035767,0.6078659296035767,False,certified_safe,
mnist_mlp,real MNIST train split,0,mild_lr_decrease,denom_aware_v,0.0,1.5404801238352253,0.0,0.6078659296035767,0.6078659296035767,False,certified_safe,
mnist_mlp,real MNIST train split,0,mild_lr_decrease,full_repaired,0.038620952516794205,1.5404801238352253,16462.885429211863,0.6078659296035767,0.6078659296035767,True,flagged_dangerous,metric used by repaired analyzer
mnist_mlp,real MNIST train split,1,scheduler_mismatch,raw_theta_M,0.0,1.6565953442169277,0.0,0.6103419661521912,0.6103419661521912,False,certified_safe,OLD METRIC BLIND: delta=0 -> bound identically 0 (vacuous/misleading)
mnist_mlp,real MNIST train split,1,scheduler_mismatch,raw_plus_sched_time,0.04532726854085922,1.6565953442169277,170943.5200709505,0.6103419661521912,0.6103419661521912,True,flagged_dangerous,
mnist_mlp,real MNIST train split,1,scheduler_mismatch,block_normalized,0.0,1.6565953442169277,0.0,0.6103419661521912,0.6103419661521912,False,certified_safe,
mnist_mlp,real MNIST train split,1,scheduler_mismatch,denom_aware_v,0.0,1.6565953442169277,0.0,0.6103419661521912,0.6103419661521912,False,certified_safe,
mnist_mlp,real MNIST train split,1,scheduler_mismatch,full_repaired,0.04532726854085922,1.6565953442169277,170943.5200709505,0.6103419661521912,0.6103419661521912,True,flagged_dangerous,metric used by repaired analyzer
mnist_mlp,real MNIST train split,1,reset_second_moment,raw_theta_M,0.0038877814076840878,7.533240260806199,7.927867849653375e+23,2200.82470703125,2200.82470703125,False,flagged_dangerous,
mnist_mlp,real MNIST train split,1,reset_second_moment,raw_plus_sched_time,0.0038877814076840878,7.533240260806199,7.927867849653375e+23,2200.82470703125,2200.82470703125,False,flagged_dangerous,
mnist_mlp,real MNIST train split,1,reset_second_moment,block_normalized,7.106435348341251,7.533240260806199,1.4491267490606012e+27,2200.82470703125,2200.82470703125,False,flagged_dangerous,
mnist_mlp,real MNIST train split,1,reset_second_moment,denom_aware_v,1.3962013721466064,7.533240260806199,2.8470993631498027e+26,2200.82470703125,2200.82470703125,False,flagged_dangerous,
mnist_mlp,real MNIST train split,1,reset_second_moment,full_repaired,1.3962013721466064,7.533240260806199,2.8470993631498027e+26,2200.82470703125,2200.82470703125,False,flagged_dangerous,metric used by repaired analyzer
mnist_mlp,real MNIST train split,1,ema_loaded_as_parameters,raw_theta_M,2.9627602100372314,1.5799934452233604,2699945.8908276577,2.2809996604919434,2.9627602100372314,True,flagged_dangerous,
mnist_mlp,real MNIST train split,1,ema_loaded_as_parameters,raw_plus_sched_time,2.9627602100372314,1.5799934452233604,2699945.8908276577,2.2809996604919434,2.9627602100372314,True,flagged_dangerous,
mnist_mlp,real MNIST train split,1,ema_loaded_as_parameters,block_normalized,2.9627602100372314,1.5799934452233604,2699945.8908276577,2.2809996604919434,2.9627602100372314,True,flagged_dangerous,
mnist_mlp,real MNIST train split,1,ema_loaded_as_parameters,denom_aware_v,2.9627602100372314,1.5799934452233604,2699945.8908276577,2.2809996604919434,2.9627602100372314,True,flagged_dangerous,
mnist_mlp,real MNIST train split,1,ema_loaded_as_parameters,full_repaired,2.9627602100372314,1.5799934452233604,2699945.8908276577,2.2809996604919434,2.9627602100372314,True,flagged_dangerous,metric used by repaired analyzer
mnist_mlp,real MNIST train split,1,stale_adam_moments,raw_theta_M,0.5152265429496765,1.602264728534747,714539.7636384773,0.49082955718040466,0.4914506673812866,True,flagged_dangerous,
mnist_mlp,real MNIST train split,1,stale_adam_moments,raw_plus_sched_time,0.5152265429496765,1.602264728534747,714539.7636384773,0.49082955718040466,0.4914506673812866,True,flagged_dangerous,
mnist_mlp,real MNIST train split,1,stale_adam_moments,block_normalized,5.915338986918018,1.602264728534747,8203662.989402133,0.49082955718040466,0.4914506673812866,True,flagged_dangerous,
mnist_mlp,real MNIST train split,1,stale_adam_moments,denom_aware_v,0.5178793472220738,1.602264728534747,718218.7940838537,0.49082955718040466,0.4914506673812866,True,flagged_dangerous,
mnist_mlp,real MNIST train split,1,stale_adam_moments,full_repaired,0.0845017209649086,1.602264728534747,117190.85623895701,0.49082955718040466,0.4914506673812866,True,flagged_dangerous,metric used by repaired analyzer
mnist_mlp,real MNIST train split,1,mild_lr_decrease,raw_theta_M,0.0,1.5446873153767384,0.0,0.7180306911468506,0.7180306911468506,False,certified_safe,OLD METRIC BLIND: delta=0 -> bound identically 0 (vacuous/misleading)
mnist_mlp,real MNIST train split,1,mild_lr_decrease,raw_plus_sched_time,0.04532727226614952,1.5446873153767384,20968.96484508334,0.7180306911468506,0.7180306911468506,True,flagged_dangerous,
mnist_mlp,real MNIST train split,1,mild_lr_decrease,block_normalized,0.0,1.5446873153767384,0.0,0.7180306911468506,0.7180306911468506,False,certified_safe,
mnist_mlp,real MNIST train split,1,mild_lr_decrease,denom_aware_v,0.0,1.5446873153767384,0.0,0.7180306911468506,0.7180306911468506,False,certified_safe,
mnist_mlp,real MNIST train split,1,mild_lr_decrease,full_repaired,0.04532727226614952,1.5446873153767384,20968.96484508334,0.7180306911468506,0.7180306911468506,True,flagged_dangerous,metric used by repaired analyzer
mnist_mlp,real MNIST train split,2,scheduler_mismatch,raw_theta_M,0.0,1.66025850074725,0.0,0.5853301286697388,0.5853301286697388,False,certified_safe,OLD METRIC BLIND: delta=0 -> bound identically 0 (vacuous/misleading)
mnist_mlp,real MNIST train split,2,scheduler_mismatch,raw_plus_sched_time,0.03963430970907211,1.66025850074725,159713.88561674935,0.5853301286697388,0.5853301286697388,True,flagged_dangerous,
mnist_mlp,real MNIST train split,2,scheduler_mismatch,block_normalized,0.0,1.66025850074725,0.0,0.5853301286697388,0.5853301286697388,False,certified_safe,
mnist_mlp,real MNIST train split,2,scheduler_mismatch,denom_aware_v,0.0,1.66025850074725,0.0,0.5853301286697388,0.5853301286697388,False,certified_safe,
mnist_mlp,real MNIST train split,2,scheduler_mismatch,full_repaired,0.03963430970907211,1.66025850074725,159713.88561674935,0.5853301286697388,0.5853301286697388,True,flagged_dangerous,metric used by repaired analyzer
mnist_mlp,real MNIST train split,2,reset_second_moment,raw_theta_M,0.0026395523454993963,6.109951797997136,1.0061524775675546e+21,425.6249694824219,425.6249694824219,False,flagged_dangerous,
mnist_mlp,real MNIST train split,2,reset_second_moment,raw_plus_sched_time,0.0026395523454993963,6.109951797997136,1.0061524775675546e+21,425.6249694824219,425.6249694824219,False,flagged_dangerous,
mnist_mlp,real MNIST train split,2,reset_second_moment,block_normalized,7.219979920322295,6.109951797997136,2.7521335946250637e+24,425.6249694824219,425.6249694824219,False,flagged_dangerous,
mnist_mlp,real MNIST train split,2,reset_second_moment,denom_aware_v,1.4100302457809448,6.109951797997136,5.3747955696225083e+23,425.6249694824219,425.6249694824219,False,flagged_dangerous,
mnist_mlp,real MNIST train split,2,reset_second_moment,full_repaired,1.4100302457809448,6.109951797997136,5.3747955696225083e+23,425.6249694824219,425.6249694824219,False,flagged_dangerous,metric used by repaired analyzer
mnist_mlp,real MNIST train split,2,ema_loaded_as_parameters,raw_theta_M,3.0655479431152344,1.5581836537872398,1841057.8448877926,1.7481528520584106,3.0655479431152344,True,flagged_dangerous,
mnist_mlp,real MNIST train split,2,ema_loaded_as_parameters,raw_plus_sched_time,3.0655479431152344,1.5581836537872398,1841057.8448877926,1.7481528520584106,3.0655479431152344,True,flagged_dangerous,
mnist_mlp,real MNIST train split,2,ema_loaded_as_parameters,block_normalized,3.0655479431152344,1.5581836537872398,1841057.8448877926,1.7481528520584106,3.0655479431152344,True,flagged_dangerous,
mnist_mlp,real MNIST train split,2,ema_loaded_as_parameters,denom_aware_v,3.0655479431152344,1.5581836537872398,1841057.8448877926,1.7481528520584106,3.0655479431152344,True,flagged_dangerous,
mnist_mlp,real MNIST train split,2,ema_loaded_as_parameters,full_repaired,3.0655479431152344,1.5581836537872398,1841057.8448877926,1.7481528520584106,3.0655479431152344,True,flagged_dangerous,metric used by repaired analyzer
mnist_mlp,real MNIST train split,2,stale_adam_moments,raw_theta_M,0.41871774196624756,1.616515327964609,757384.0815616021,0.5403857827186584,0.5403857827186584,True,flagged_dangerous,
mnist_mlp,real MNIST train split,2,stale_adam_moments,raw_plus_sched_time,0.41871774196624756,1.616515327964609,757384.0815616021,0.5403857827186584,0.5403857827186584,True,flagged_dangerous,
mnist_mlp,real MNIST train split,2,stale_adam_moments,block_normalized,6.607656751800803,1.616515327964609,11952046.781529456,0.5403857827186584,0.5403857827186584,True,flagged_dangerous,
mnist_mlp,real MNIST train split,2,stale_adam_moments,denom_aware_v,0.42195204878413706,1.616515327964609,763234.3531246188,0.5403857827186584,0.5403857827186584,True,flagged_dangerous,
mnist_mlp,real MNIST train split,2,stale_adam_moments,full_repaired,0.08497738093137741,1.616515327964609,153708.59450089824,0.5403857827186584,0.5403857827186584,True,flagged_dangerous,metric used by repaired analyzer
mnist_mlp,real MNIST train split,2,mild_lr_decrease,raw_theta_M,0.0,1.5509347522990409,0.0,0.6261784434318542,0.6261784434318542,False,certified_safe,OLD METRIC BLIND: delta=0 -> bound identically 0 (vacuous/misleading)
mnist_mlp,real MNIST train split,2,mild_lr_decrease,raw_plus_sched_time,0.03963432088494301,1.5509347522990409,20695.5629847214,0.6261784434318542,0.6261784434318542,True,flagged_dangerous,
mnist_mlp,real MNIST train split,2,mild_lr_decrease,block_normalized,0.0,1.5509347522990409,0.0,0.6261784434318542,0.6261784434318542,False,certified_safe,
mnist_mlp,real MNIST train split,2,mild_lr_decrease,denom_aware_v,0.0,1.5509347522990409,0.0,0.6261784434318542,0.6261784434318542,False,certified_safe,
mnist_mlp,real MNIST train split,2,mild_lr_decrease,full_repaired,0.03963432088494301,1.5509347522990409,20695.5629847214,0.6261784434318542,0.6261784434318542,True,flagged_dangerous,metric used by repaired analyzer
