model,dataset,seed,scenario,bound_type,delta,final_bound,max_bound,actual_final_divergence,actual_max_divergence,looseness_final,looseness_max,bound_holds,certifies_safe,abstains,runtime_seconds
quadratic,"synthetic_quadratic(n=20,kappa=30)",0,exact_restore,A_fixed_clean,0.0,0.0,0.0,0.0,0.0,0.0,0.0,True,False,True,0.13611129999844707
quadratic,"synthetic_quadratic(n=20,kappa=30)",0,exact_restore,B_fixed_rewritten,0.0,0.0,0.0,0.0,0.0,0.0,0.0,True,False,True,0.13611129999844707
quadratic,"synthetic_quadratic(n=20,kappa=30)",0,exact_restore,C_fixed_max,0.0,0.0,0.0,0.0,0.0,0.0,0.0,True,False,True,0.13611129999844707
quadratic,"synthetic_quadratic(n=20,kappa=30)",0,exact_restore,D_stepwise_product,0.0,0.0,0.0,0.0,0.0,0.0,0.0,True,False,True,0.5501152416651773
quadratic,"synthetic_quadratic(n=20,kappa=30)",0,exact_restore,E_empirical_envelope,0.0,0.0,0.0,0.0,0.0,0.0,0.0,True,False,False,0.13611129999844707
quadratic,"synthetic_quadratic(n=20,kappa=30)",0,noop_restore,A_fixed_clean,0.0,0.0,0.0,0.0,0.0,0.0,0.0,True,False,True,0.13484319999952277
quadratic,"synthetic_quadratic(n=20,kappa=30)",0,noop_restore,B_fixed_rewritten,0.0,0.0,0.0,0.0,0.0,0.0,0.0,True,False,True,0.13484319999952277
quadratic,"synthetic_quadratic(n=20,kappa=30)",0,noop_restore,C_fixed_max,0.0,0.0,0.0,0.0,0.0,0.0,0.0,True,False,True,0.13484319999952277
quadratic,"synthetic_quadratic(n=20,kappa=30)",0,noop_restore,D_stepwise_product,0.0,0.0,0.0,0.0,0.0,0.0,0.0,True,False,True,0.548847141666253
quadratic,"synthetic_quadratic(n=20,kappa=30)",0,noop_restore,E_empirical_envelope,0.0,0.0,0.0,0.0,0.0,0.0,0.0,True,False,False,0.13484319999952277
quadratic,"synthetic_quadratic(n=20,kappa=30)",0,stale_adam_moments,A_fixed_clean,0.037023723125457764,0.07935720339307516,0.07935720339307516,0.03056841529905796,0.15064282715320587,2.596052252519637,0.5267904545655384,False,False,False,0.1351212999998097
quadratic,"synthetic_quadratic(n=20,kappa=30)",0,stale_adam_moments,B_fixed_rewritten,0.037023723125457764,0.08786310773517302,0.08786310773517302,0.03056841529905796,0.15064282715320587,2.8743101948723107,0.583254506009868,False,False,False,0.1351212999998097
quadratic,"synthetic_quadratic(n=20,kappa=30)",0,stale_adam_moments,C_fixed_max,0.037023723125457764,0.08786310773517302,0.08786310773517302,0.03056841529905796,0.15064282715320587,2.8743101948723107,0.583254506009868,False,False,False,0.1351212999998097
quadratic,"synthetic_quadratic(n=20,kappa=30)",0,stale_adam_moments,D_stepwise_product,0.037023723125457764,0.07925672432873111,0.07925672432873111,0.03056841529905796,0.15064282715320587,2.5927652301679376,0.5261234525831483,False,False,False,0.54912524166654
quadratic,"synthetic_quadratic(n=20,kappa=30)",0,stale_adam_moments,E_empirical_envelope,0.037023723125457764,0.033934702949344565,0.16723207732168696,0.03056841529905796,0.15064282715320587,1.110123067138202,1.1101230671382023,True,False,False,0.1351212999998097
quadratic,"synthetic_quadratic(n=20,kappa=30)",0,reset_first_moment,A_fixed_clean,0.010832934640347958,0.02321947456999176,0.02321947456999176,0.019631782546639442,0.049525775015354156,1.1827491729204416,0.46883616789021826,False,False,False,0.13381509999999253
quadratic,"synthetic_quadratic(n=20,kappa=30)",0,reset_first_moment,B_fixed_rewritten,0.010832934640347958,0.024183342491489217,0.024183342491489217,0.019631782546639442,0.049525775015354156,1.2318464935130868,0.4882981131338543,False,False,False,0.13381509999999253
quadratic,"synthetic_quadratic(n=20,kappa=30)",0,reset_first_moment,C_fixed_max,0.010832934640347958,0.024183342491489217,0.024183342491489217,0.019631782546639442,0.049525775015354156,1.2318464935130868,0.4882981131338543,False,False,False,0.13381509999999253
quadratic,"synthetic_quadratic(n=20,kappa=30)",0,reset_first_moment,D_stepwise_product,0.010832934640347958,0.023190074956855235,0.023190074956855235,0.019631782546639442,0.049525775015354156,1.18125162102638,0.4682425454153068,False,False,False,0.5478190416667228
quadratic,"synthetic_quadratic(n=20,kappa=30)",0,reset_first_moment,E_empirical_envelope,0.010832934640347958,0.02181349699963184,0.05502966132266985,0.019631782546639442,0.049525775015354156,1.1111317552448066,1.1111317552448066,True,False,False,0.13381509999999253
quadratic,"synthetic_quadratic(n=20,kappa=30)",0,reset_second_moment,A_fixed_clean,1.7150911092758179,3.676152004898431,3.676152004898431,3.4351906776428223,4.140129089355469,1.0701449642443002,0.8879317348703083,False,False,False,0.1348175999992236
quadratic,"synthetic_quadratic(n=20,kappa=30)",0,reset_second_moment,B_fixed_rewritten,1.7150911092758179,35997942301.073524,35997942301.073524,3.4351906776428223,4.140129089355469,10479168604.921455,8694884029.975416,False,False,False,0.1348175999992236
quadratic,"synthetic_quadratic(n=20,kappa=30)",0,reset_second_moment,C_fixed_max,1.7150911092758179,35997942301.073524,35997942301.073524,3.4351906776428223,4.140129089355469,10479168604.921455,8694884029.975416,False,False,False,0.1348175999992236
quadratic,"synthetic_quadratic(n=20,kappa=30)",0,reset_second_moment,D_stepwise_product,1.7150911092758179,3.671497401434029,3.671497401434029,3.4351906776428223,4.140129089355469,1.0687899875046696,0.8868074695723085,False,False,False,0.5488215416659539
quadratic,"synthetic_quadratic(n=20,kappa=30)",0,reset_second_moment,E_empirical_envelope,1.7150911092758179,1.4230631129450084,1.7150911092758179,3.4351906776428223,4.140129089355469,0.4142602977490302,0.4142602977490302,False,False,False,0.1348175999992236
quadratic,"synthetic_quadratic(n=20,kappa=30)",0,scheduler_mismatch,A_fixed_clean,0.005416467785835266,0.011609738283101266,0.011609738283101266,0.026248129084706306,0.041798628866672516,0.4423072686679897,0.2777540459552756,False,False,True,0.13472940000065137
quadratic,"synthetic_quadratic(n=20,kappa=30)",0,scheduler_mismatch,B_fixed_rewritten,0.005416467785835266,0.009708793504481816,0.009708793504481816,0.026248129084706306,0.041798628866672516,0.3698851629824819,0.23227540634049293,False,False,True,0.13472940000065137
quadratic,"synthetic_quadratic(n=20,kappa=30)",0,scheduler_mismatch,C_fixed_max,0.005416467785835266,0.011609738283101266,0.011609738283101266,0.026248129084706306,0.041798628866672516,0.4423072686679897,0.2777540459552756,False,False,True,0.13472940000065137
quadratic,"synthetic_quadratic(n=20,kappa=30)",0,scheduler_mismatch,D_stepwise_product,0.005416467785835266,0.011595038475269246,0.011595038475269246,0.026248129084706306,0.041798628866672516,0.4417472360734919,0.2774023643755063,False,False,True,0.5487333416673816
quadratic,"synthetic_quadratic(n=20,kappa=30)",0,scheduler_mismatch,E_empirical_envelope,0.005416467785835266,0.026673817657054535,0.04247651332049191,0.026248129084706306,0.041798628866672516,1.016217863413216,1.0162178634132157,True,False,False,0.13472940000065137
quadratic,"synthetic_quadratic(n=20,kappa=30)",0,ema_shadow_present_not_loaded,A_fixed_clean,0.0,0.0,0.0,0.0,0.0,0.0,0.0,True,False,True,0.13489529999969818
quadratic,"synthetic_quadratic(n=20,kappa=30)",0,ema_shadow_present_not_loaded,B_fixed_rewritten,0.0,0.0,0.0,0.0,0.0,0.0,0.0,True,False,True,0.13489529999969818
quadratic,"synthetic_quadratic(n=20,kappa=30)",0,ema_shadow_present_not_loaded,C_fixed_max,0.0,0.0,0.0,0.0,0.0,0.0,0.0,True,False,True,0.13489529999969818
quadratic,"synthetic_quadratic(n=20,kappa=30)",0,ema_shadow_present_not_loaded,D_stepwise_product,0.0,0.0,0.0,0.0,0.0,0.0,0.0,True,False,True,0.5488992416664285
quadratic,"synthetic_quadratic(n=20,kappa=30)",0,ema_shadow_present_not_loaded,E_empirical_envelope,0.0,0.0,0.0,0.0,0.0,0.0,0.0,True,False,False,0.13489529999969818
quadratic,"synthetic_quadratic(n=20,kappa=30)",0,ema_loaded_as_parameters,A_fixed_clean,1.1700841188430786,2.5079758481174967,2.5079758481174967,0.18741340935230255,1.1700841188430786,13.382051245879456,2.14341499703223,True,False,False,0.13609080000060203
quadratic,"synthetic_quadratic(n=20,kappa=30)",0,ema_loaded_as_parameters,B_fixed_rewritten,1.1700841188430786,3.793950830190231,3.793950830190231,0.18741340935230255,1.1700841188430786,20.243753332816784,3.242459895910306,True,False,False,0.13609080000060203
quadratic,"synthetic_quadratic(n=20,kappa=30)",0,ema_loaded_as_parameters,C_fixed_max,1.1700841188430786,3.793950830190231,3.793950830190231,0.18741340935230255,1.1700841188430786,20.243753332816784,3.242459895910306,True,False,False,0.13609080000060203
quadratic,"synthetic_quadratic(n=20,kappa=30)",0,ema_loaded_as_parameters,D_stepwise_product,1.1700841188430786,2.50480034474992,2.50480034474992,0.18741340935230255,1.1700841188430786,13.365107402967942,2.1407010867103664,True,False,False,0.5500947416673323
quadratic,"synthetic_quadratic(n=20,kappa=30)",0,ema_loaded_as_parameters,E_empirical_envelope,1.1700841188430786,0.18741340935230255,1.1700841188430786,0.18741340935230255,1.1700841188430786,1.0,1.0,True,False,False,0.13609080000060203
quadratic,"synthetic_quadratic(n=20,kappa=30)",0,mild_lr_decrease,A_fixed_clean,0.005416467320173979,0.01160973728499588,0.01160973728499588,0.04539256542921066,0.05845864117145538,0.2557629685658805,0.1985974537270765,False,False,True,0.13734719999956724
quadratic,"synthetic_quadratic(n=20,kappa=30)",0,mild_lr_decrease,B_fixed_rewritten,0.005416467320173979,0.016822050347011144,0.016822050347011144,0.04539256542921066,0.05845864117145538,0.3705904301277044,0.28775985910574226,False,False,True,0.13734719999956724
quadratic,"synthetic_quadratic(n=20,kappa=30)",0,mild_lr_decrease,C_fixed_max,0.005416467320173979,0.016822050347011144,0.016822050347011144,0.04539256542921066,0.05845864117145538,0.3705904301277044,0.28775985910574226,False,False,True,0.13734719999956724
quadratic,"synthetic_quadratic(n=20,kappa=30)",0,mild_lr_decrease,D_stepwise_product,0.005416467320173979,0.011595037478427618,0.011595037478427618,0.04539256542921066,0.05845864117145538,0.2554391312495872,0.19834599720544527,False,False,True,0.5513511416662975
quadratic,"synthetic_quadratic(n=20,kappa=30)",0,mild_lr_decrease,E_empirical_envelope,0.005416467320173979,0.0461287480098406,0.05940673108245275,0.04539256542921066,0.05845864117145538,1.0162181311778469,1.0162181311778473,True,False,False,0.13734719999956724
quadratic,"synthetic_quadratic(n=20,kappa=30)",0,severe_lr_increase,A_fixed_clean,0.0974964126944542,0.20897527312613662,0.20897527312613662,0.026703575626015663,0.33392342925071716,7.825741243526383,0.6258179415414225,False,False,False,0.13692909999917902
quadratic,"synthetic_quadratic(n=20,kappa=30)",0,severe_lr_increase,B_fixed_rewritten,0.0974964126944542,8337.49952443677,8337.49952443677,0.026703575626015663,0.33392342925071716,312224.08718606405,24968.297502050355,False,False,False,0.13692909999917902
quadratic,"synthetic_quadratic(n=20,kappa=30)",0,severe_lr_increase,C_fixed_max,0.0974964126944542,8337.49952443677,8337.49952443677,0.026703575626015663,0.33392342925071716,312224.08718606405,24968.297502050355,False,False,False,0.13692909999917902
quadratic,"synthetic_quadratic(n=20,kappa=30)",0,severe_lr_increase,D_stepwise_product,0.0974964126944542,0.20871067660538042,0.20871067660538042,0.026703575626015663,0.33392342925071716,7.8158325884285835,0.6250255547318179,False,False,False,0.5509330416659093
quadratic,"synthetic_quadratic(n=20,kappa=30)",0,severe_lr_increase,E_empirical_envelope,0.0974964126944542,0.027136659031350274,0.33933905964742034,0.026703575626015663,0.33392342925071716,1.0162181803440842,1.0162181803440842,True,False,False,0.13692909999917902
quadratic,"synthetic_quadratic(n=20,kappa=30)",0,optimizer_state_from_older_checkpoint,A_fixed_clean,0.0682404562830925,0.14626761740150274,0.14626761740150274,0.06079908460378647,0.2899182140827179,2.405753612158717,0.5045133775547143,False,False,False,0.137261199999557
quadratic,"synthetic_quadratic(n=20,kappa=30)",0,optimizer_state_from_older_checkpoint,B_fixed_rewritten,0.0682404562830925,0.22369904288734177,0.22369904288734177,0.06079908460378647,0.2899182140827179,3.679315969066583,0.77159361509973,False,False,False,0.137261199999557
quadratic,"synthetic_quadratic(n=20,kappa=30)",0,optimizer_state_from_older_checkpoint,C_fixed_max,0.0682404562830925,0.22369904288734177,0.22369904288734177,0.06079908460378647,0.2899182140827179,3.679315969066583,0.77159361509973,False,False,False,0.137261199999557
quadratic,"synthetic_quadratic(n=20,kappa=30)",0,optimizer_state_from_older_checkpoint,D_stepwise_product,0.0682404562830925,0.14608241892282742,0.14608241892282742,0.06079908460378647,0.2899182140827179,2.4027075386876735,0.5038745819576137,False,False,False,0.5512651416662873
quadratic,"synthetic_quadratic(n=20,kappa=30)",0,optimizer_state_from_older_checkpoint,E_empirical_envelope,0.0682404562830925,0.06748654652982859,0.3218071319994781,0.06079908460378647,0.2899182140827179,1.1099928061355324,1.1099928061355324,True,False,False,0.137261199999557
quadratic,"synthetic_quadratic(n=20,kappa=30)",0,params_current_optimizer_older,A_fixed_clean,0.10239264369010925,0.2194699280711577,0.2194699280711577,0.07577040046453476,0.38311612606048584,2.8965127111065385,0.5728548425458554,False,False,False,0.13638240000000224
quadratic,"synthetic_quadratic(n=20,kappa=30)",0,params_current_optimizer_older,B_fixed_rewritten,0.10239264369010925,0.19391685562597288,0.19391685562597288,0.07577040046453476,0.38311612606048584,2.559269245471891,0.5061568606364473,False,False,False,0.13638240000000224
quadratic,"synthetic_quadratic(n=20,kappa=30)",0,params_current_optimizer_older,C_fixed_max,0.10239264369010925,0.2194699280711577,0.2194699280711577,0.07577040046453476,0.38311612606048584,2.8965127111065385,0.5728548425458554,False,False,False,0.13638240000000224
quadratic,"synthetic_quadratic(n=20,kappa=30)",0,params_current_optimizer_older,D_stepwise_product,0.10239264369010925,0.21919204361856431,0.21919204361856431,0.07577040046453476,0.38311612606048584,2.8928452571813947,0.5721295155922478,False,False,False,0.5503863416667325
quadratic,"synthetic_quadratic(n=20,kappa=30)",0,params_current_optimizer_older,E_empirical_envelope,0.10239264369010925,0.08393198062016465,0.4243833353214506,0.07577040046453476,0.38311612606048584,1.1077146234623638,1.1077146234623638,True,False,False,0.13638240000000224
quadratic,"synthetic_quadratic(n=20,kappa=30)",1,exact_restore,A_fixed_clean,0.0,0.0,0.0,0.0,0.0,0.0,0.0,True,False,True,0.14278620000004594
quadratic,"synthetic_quadratic(n=20,kappa=30)",1,exact_restore,B_fixed_rewritten,0.0,0.0,0.0,0.0,0.0,0.0,0.0,True,False,True,0.14278620000004594
quadratic,"synthetic_quadratic(n=20,kappa=30)",1,exact_restore,C_fixed_max,0.0,0.0,0.0,0.0,0.0,0.0,0.0,True,False,True,0.14278620000004594
quadratic,"synthetic_quadratic(n=20,kappa=30)",1,exact_restore,D_stepwise_product,0.0,0.0,0.0,0.0,0.0,0.0,0.0,True,False,True,0.5583269833333968
quadratic,"synthetic_quadratic(n=20,kappa=30)",1,exact_restore,E_empirical_envelope,0.0,0.0,0.0,0.0,0.0,0.0,0.0,True,False,False,0.14278620000004594
quadratic,"synthetic_quadratic(n=20,kappa=30)",1,noop_restore,A_fixed_clean,0.0,0.0,0.0,0.0,0.0,0.0,0.0,True,False,True,0.1332682999982353
quadratic,"synthetic_quadratic(n=20,kappa=30)",1,noop_restore,B_fixed_rewritten,0.0,0.0,0.0,0.0,0.0,0.0,0.0,True,False,True,0.1332682999982353
quadratic,"synthetic_quadratic(n=20,kappa=30)",1,noop_restore,C_fixed_max,0.0,0.0,0.0,0.0,0.0,0.0,0.0,True,False,True,0.1332682999982353
quadratic,"synthetic_quadratic(n=20,kappa=30)",1,noop_restore,D_stepwise_product,0.0,0.0,0.0,0.0,0.0,0.0,0.0,True,False,True,0.5488090833315862
quadratic,"synthetic_quadratic(n=20,kappa=30)",1,noop_restore,E_empirical_envelope,0.0,0.0,0.0,0.0,0.0,0.0,0.0,True,False,False,0.1332682999982353
quadratic,"synthetic_quadratic(n=20,kappa=30)",1,stale_adam_moments,A_fixed_clean,0.05040372163057327,0.15402367916560902,0.15402367916560902,0.04064293950796127,0.19634804129600525,3.7896786263562054,0.7844421474691975,False,False,False,0.14078880000124627
quadratic,"synthetic_quadratic(n=20,kappa=30)",1,stale_adam_moments,B_fixed_rewritten,0.05040372163057327,0.11572129893154082,0.11572129893154082,0.04064293950796127,0.19634804129600525,2.847266962786315,0.5893682369720445,False,False,False,0.14078880000124627
quadratic,"synthetic_quadratic(n=20,kappa=30)",1,stale_adam_moments,C_fixed_max,0.05040372163057327,0.15402367916560902,0.15402367916560902,0.04064293950796127,0.19634804129600525,3.7896786263562054,0.7844421474691975,False,False,False,0.14078880000124627
quadratic,"synthetic_quadratic(n=20,kappa=30)",1,stale_adam_moments,D_stepwise_product,0.05040372163057327,0.110237651339664,0.110237651339664,0.04064293950796127,0.19634804129600525,2.7123444483652634,0.5614400358263559,False,False,False,0.5563295833345971
quadratic,"synthetic_quadratic(n=20,kappa=30)",1,stale_adam_moments,E_empirical_envelope,0.05040372163057327,0.04509055301170755,0.2178346810537221,0.04064293950796127,0.19634804129600525,1.1094313934373536,1.1094313934373534,True,False,False,0.14078880000124627
quadratic,"synthetic_quadratic(n=20,kappa=30)",1,reset_first_moment,A_fixed_clean,0.017937932163476944,0.05481472833874961,0.05481472833874961,0.051464736461639404,0.08916588127613068,1.0650929569921574,0.6147500316740915,False,False,False,0.1342432999990706
quadratic,"synthetic_quadratic(n=20,kappa=30)",1,reset_first_moment,B_fixed_rewritten,0.017937932163476944,0.03993582534257062,0.03993582534257062,0.051464736461639404,0.08916588127613068,0.7759842581208559,0.4478823600576162,False,False,False,0.1342432999990706
quadratic,"synthetic_quadratic(n=20,kappa=30)",1,reset_first_moment,C_fixed_max,0.017937932163476944,0.05481472833874961,0.05481472833874961,0.051464736461639404,0.08916588127613068,1.0650929569921574,0.6147500316740915,False,False,False,0.1342432999990706
quadratic,"synthetic_quadratic(n=20,kappa=30)",1,reset_first_moment,D_stepwise_product,0.017937932163476944,0.03923193461953543,0.03923193461953543,0.051464736461639404,0.08916588127613068,0.7623071119537936,0.4399881889580746,False,False,False,0.5497840833324215
quadratic,"synthetic_quadratic(n=20,kappa=30)",1,reset_first_moment,E_empirical_envelope,0.017937932163476944,0.057184278239511416,0.09907534585679045,0.051464736461639404,0.08916588127613068,1.1111351611046376,1.1111351611046376,True,False,False,0.1342432999990706
quadratic,"synthetic_quadratic(n=20,kappa=30)",1,reset_second_moment,A_fixed_clean,1.7076084613800049,5.2181094825454,5.2181094825454,1.59944486618042,3.560349225997925,3.262450361922503,1.4656173176615348,False,False,False,0.13421050000033574
quadratic,"synthetic_quadratic(n=20,kappa=30)",1,reset_second_moment,B_fixed_rewritten,1.7076084613800049,7507444382.558774,7507444382.558774,1.59944486618042,3.560349225997925,4693781287.058083,2108625841.459281,False,False,False,0.13421050000033574
quadratic,"synthetic_quadratic(n=20,kappa=30)",1,reset_second_moment,C_fixed_max,1.7076084613800049,7507444382.558774,7507444382.558774,1.59944486618042,3.560349225997925,4693781287.058083,2108625841.459281,False,False,False,0.13421050000033574
quadratic,"synthetic_quadratic(n=20,kappa=30)",1,reset_second_moment,D_stepwise_product,1.7076084613800049,3.7346993456151263,3.7346993456151263,1.59944486618042,3.560349225997925,2.3349972384692665,1.0489699488870599,False,False,False,0.5497512833336866
quadratic,"synthetic_quadratic(n=20,kappa=30)",1,reset_second_moment,E_empirical_envelope,1.7076084613800049,0.7671229459899298,1.7076084613800049,1.59944486618042,3.560349225997925,0.47961824893775185,0.47961824893775185,False,False,False,0.13421050000033574
quadratic,"synthetic_quadratic(n=20,kappa=30)",1,scheduler_mismatch,A_fixed_clean,0.008968967013061047,0.02740736701531008,0.02740736701531008,0.05397976189851761,0.0774640366435051,0.5077341220369989,0.35380762742123417,False,False,True,0.13388149999991583
quadratic,"synthetic_quadratic(n=20,kappa=30)",1,scheduler_mismatch,B_fixed_rewritten,0.008968967013061047,0.018338649706249266,0.018338649706249266,0.05397976189851761,0.0774640366435051,0.33973194881307694,0.23673759464207902,False,False,True,0.13388149999991583
quadratic,"synthetic_quadratic(n=20,kappa=30)",1,scheduler_mismatch,C_fixed_max,0.008968967013061047,0.02740736701531008,0.02740736701531008,0.05397976189851761,0.0774640366435051,0.5077341220369989,0.35380762742123417,False,False,True,0.13388149999991583
quadratic,"synthetic_quadratic(n=20,kappa=30)",1,scheduler_mismatch,D_stepwise_product,0.008968967013061047,0.019615969346657255,0.019615969346657255,0.05397976189851761,0.0774640366435051,0.36339488461500513,0.25322679009010746,False,False,True,0.5494222833332667
quadratic,"synthetic_quadratic(n=20,kappa=30)",1,scheduler_mismatch,E_empirical_envelope,0.008968967013061047,0.056423874350911916,0.08097147739378227,0.05397976189851761,0.0774640366435051,1.0452783111009134,1.0452783111009134,True,False,False,0.13388149999991583
quadratic,"synthetic_quadratic(n=20,kappa=30)",1,ema_shadow_present_not_loaded,A_fixed_clean,0.0,0.0,0.0,0.0,0.0,0.0,0.0,True,False,True,0.13418889999957173
quadratic,"synthetic_quadratic(n=20,kappa=30)",1,ema_shadow_present_not_loaded,B_fixed_rewritten,0.0,0.0,0.0,0.0,0.0,0.0,0.0,True,False,True,0.13418889999957173
quadratic,"synthetic_quadratic(n=20,kappa=30)",1,ema_shadow_present_not_loaded,C_fixed_max,0.0,0.0,0.0,0.0,0.0,0.0,0.0,True,False,True,0.13418889999957173
quadratic,"synthetic_quadratic(n=20,kappa=30)",1,ema_shadow_present_not_loaded,D_stepwise_product,0.0,0.0,0.0,0.0,0.0,0.0,0.0,True,False,True,0.5497296833329226
quadratic,"synthetic_quadratic(n=20,kappa=30)",1,ema_shadow_present_not_loaded,E_empirical_envelope,0.0,0.0,0.0,0.0,0.0,0.0,0.0,True,False,False,0.13418889999957173
quadratic,"synthetic_quadratic(n=20,kappa=30)",1,ema_loaded_as_parameters,A_fixed_clean,1.3281701803207397,4.0586220841074825,4.0586220841074825,0.28577202558517456,1.3281701803207397,14.20230715654079,3.0557997342835734,True,False,False,0.13374130000011064
quadratic,"synthetic_quadratic(n=20,kappa=30)",1,ema_loaded_as_parameters,B_fixed_rewritten,1.3281701803207397,3.9875708133326366,3.9875708133326366,0.28577202558517456,1.3281701803207397,13.95367795419198,3.0023041266968353,True,False,False,0.13374130000011064
quadratic,"synthetic_quadratic(n=20,kappa=30)",1,ema_loaded_as_parameters,C_fixed_max,1.3281701803207397,4.0586220841074825,4.0586220841074825,0.28577202558517456,1.3281701803207397,14.20230715654079,3.0557997342835734,True,False,False,0.13374130000011064
quadratic,"synthetic_quadratic(n=20,kappa=30)",1,ema_loaded_as_parameters,D_stepwise_product,1.3281701803207397,2.9048323520842194,2.9048323520842194,0.28577202558517456,1.3281701803207397,10.164859020528697,2.187093487810976,True,False,False,0.5492820833334615
quadratic,"synthetic_quadratic(n=20,kappa=30)",1,ema_loaded_as_parameters,E_empirical_envelope,1.3281701803207397,0.28577202558517456,1.3281701803207397,0.28577202558517456,1.3281701803207397,1.0,1.0,True,False,False,0.13374130000011064
quadratic,"synthetic_quadratic(n=20,kappa=30)",1,mild_lr_decrease,A_fixed_clean,0.008968966081738472,0.027407364169374806,0.027407364169374806,0.1059509813785553,0.10624025762081146,0.25867966311185214,0.25797531729635004,False,False,True,0.13455750000139233
quadratic,"synthetic_quadratic(n=20,kappa=30)",1,mild_lr_decrease,B_fixed_rewritten,0.008968966081738472,0.02471665323607738,0.02471665323607738,0.1059509813785553,0.10624025762081146,0.233283853669713,0.23264865682362224,False,False,True,0.13455750000139233
quadratic,"synthetic_quadratic(n=20,kappa=30)",1,mild_lr_decrease,C_fixed_max,0.008968966081738472,0.027407364169374806,0.027407364169374806,0.1059509813785553,0.10624025762081146,0.25867966311185214,0.25797531729635004,False,False,True,0.13455750000139233
quadratic,"synthetic_quadratic(n=20,kappa=30)",1,mild_lr_decrease,D_stepwise_product,0.008968966081738472,0.019615967309767716,0.019615967309767716,0.1059509813785553,0.10624025762081146,0.18514191236871383,0.18463779878791572,False,False,True,0.5500982833347432
quadratic,"synthetic_quadratic(n=20,kappa=30)",1,mild_lr_decrease,E_empirical_envelope,0.008968966081738472,0.11074814318955813,0.11105051704473043,0.1059509813785553,0.10624025762081146,1.0452771814719009,1.0452771814719009,True,False,False,0.13455750000139233
quadratic,"synthetic_quadratic(n=20,kappa=30)",1,severe_lr_increase,A_fixed_clean,0.1614413857460022,0.4933325436650054,0.4933325436650054,0.07233166694641113,0.6268767714500427,6.820422706841585,0.7869689325445364,False,False,False,0.13431259999924805
quadratic,"synthetic_quadratic(n=20,kappa=30)",1,severe_lr_increase,B_fixed_rewritten,0.1614413857460022,2558.515463274858,2558.515463274858,0.07233166694641113,0.6268767714500427,35371.996406088685,4081.369066135117,False,False,False,0.13431259999924805
quadratic,"synthetic_quadratic(n=20,kappa=30)",1,severe_lr_increase,C_fixed_max,0.1614413857460022,2558.515463274858,2558.515463274858,0.07233166694641113,0.6268767714500427,35371.996406088685,4081.369066135117,False,False,False,0.13431259999924805
quadratic,"synthetic_quadratic(n=20,kappa=30)",1,severe_lr_increase,D_stepwise_product,0.1614413857460022,0.3530874034282609,0.3530874034282609,0.07233166694641113,0.6268767714500427,4.8815051323213,0.5632485035480362,False,False,False,0.5498533833325989
quadratic,"synthetic_quadratic(n=20,kappa=30)",1,severe_lr_increase,E_empirical_envelope,0.1614413857460022,0.0756066884503033,0.6552603964024504,0.07233166694641113,0.6268767714500427,1.0452778380777337,1.045277838077734,True,False,False,0.13431259999924805
quadratic,"synthetic_quadratic(n=20,kappa=30)",1,optimizer_state_from_older_checkpoint,A_fixed_clean,0.0638786181807518,0.1952002644631432,0.1952002644631432,0.07388726621866226,0.27925047278404236,2.641866108369293,0.6990149829185816,False,False,False,0.13431469999886758
quadratic,"synthetic_quadratic(n=20,kappa=30)",1,optimizer_state_from_older_checkpoint,B_fixed_rewritten,0.0638786181807518,0.18327518480908736,0.18327518480908736,0.07388726621866226,0.27925047278404236,2.480470508500099,0.6563110994294458,False,False,False,0.13431469999886758
quadratic,"synthetic_quadratic(n=20,kappa=30)",1,optimizer_state_from_older_checkpoint,C_fixed_max,0.0638786181807518,0.1952002644631432,0.1952002644631432,0.07388726621866226,0.27925047278404236,2.641866108369293,0.6990149829185816,False,False,False,0.13431469999886758
quadratic,"synthetic_quadratic(n=20,kappa=30)",1,optimizer_state_from_older_checkpoint,D_stepwise_product,0.0638786181807518,0.13970850983348596,0.13970850983348596,0.07388726621866226,0.27925047278404236,1.8908333869063723,0.5002982034036847,False,False,False,0.5498554833322185
quadratic,"synthetic_quadratic(n=20,kappa=30)",1,optimizer_state_from_older_checkpoint,E_empirical_envelope,0.0638786181807518,0.08218260566112166,0.3106019840763334,0.07388726621866226,0.27925047278404236,1.112270217413514,1.112270217413514,True,False,False,0.13431469999886758
quadratic,"synthetic_quadratic(n=20,kappa=30)",1,params_current_optimizer_older,A_fixed_clean,0.09909094125032425,0.30280207194265,0.30280207194265,0.09197995811700821,0.3884899616241455,3.292044029390118,0.779433452222901,False,False,False,0.1335665999995399
quadratic,"synthetic_quadratic(n=20,kappa=30)",1,params_current_optimizer_older,B_fixed_rewritten,0.09909094125032425,0.2760873896859564,0.2760873896859564,0.09197995811700821,0.3884899616241455,3.0016037769308848,0.7106680145137552,False,False,False,0.1335665999995399
quadratic,"synthetic_quadratic(n=20,kappa=30)",1,params_current_optimizer_older,C_fixed_max,0.09909094125032425,0.30280207194265,0.30280207194265,0.09197995811700821,0.3884899616241455,3.292044029390118,0.779433452222901,False,False,False,0.1335665999995399
quadratic,"synthetic_quadratic(n=20,kappa=30)",1,params_current_optimizer_older,D_stepwise_product,0.09909094125032425,0.21672115230964414,0.21672115230964414,0.09197995811700821,0.3884899616241455,2.356177984272965,0.55785521819819,False,False,False,0.5491073833328908
quadratic,"synthetic_quadratic(n=20,kappa=30)",1,params_current_optimizer_older,E_empirical_envelope,0.09909094125032425,0.10180877703996973,0.43000332566954536,0.09197995811700821,0.3884899616241455,1.1068582669983196,1.1068582669983196,True,False,False,0.1335665999995399
quadratic,"synthetic_quadratic(n=20,kappa=30)",2,exact_restore,A_fixed_clean,0.0,0.0,0.0,0.0,0.0,0.0,0.0,True,False,True,0.13166239999918616
quadratic,"synthetic_quadratic(n=20,kappa=30)",2,exact_restore,B_fixed_rewritten,0.0,0.0,0.0,0.0,0.0,0.0,0.0,True,False,True,0.13166239999918616
quadratic,"synthetic_quadratic(n=20,kappa=30)",2,exact_restore,C_fixed_max,0.0,0.0,0.0,0.0,0.0,0.0,0.0,True,False,True,0.13166239999918616
quadratic,"synthetic_quadratic(n=20,kappa=30)",2,exact_restore,D_stepwise_product,0.0,0.0,0.0,0.0,0.0,0.0,0.0,True,False,True,0.5336428666658624
quadratic,"synthetic_quadratic(n=20,kappa=30)",2,exact_restore,E_empirical_envelope,0.0,0.0,0.0,0.0,0.0,0.0,0.0,True,False,False,0.13166239999918616
quadratic,"synthetic_quadratic(n=20,kappa=30)",2,noop_restore,A_fixed_clean,0.0,0.0,0.0,0.0,0.0,0.0,0.0,True,False,True,0.1351582999996026
quadratic,"synthetic_quadratic(n=20,kappa=30)",2,noop_restore,B_fixed_rewritten,0.0,0.0,0.0,0.0,0.0,0.0,0.0,True,False,True,0.1351582999996026
quadratic,"synthetic_quadratic(n=20,kappa=30)",2,noop_restore,C_fixed_max,0.0,0.0,0.0,0.0,0.0,0.0,0.0,True,False,True,0.1351582999996026
quadratic,"synthetic_quadratic(n=20,kappa=30)",2,noop_restore,D_stepwise_product,0.0,0.0,0.0,0.0,0.0,0.0,0.0,True,False,True,0.5371387666662788
quadratic,"synthetic_quadratic(n=20,kappa=30)",2,noop_restore,E_empirical_envelope,0.0,0.0,0.0,0.0,0.0,0.0,0.0,True,False,False,0.1351582999996026
quadratic,"synthetic_quadratic(n=20,kappa=30)",2,stale_adam_moments,A_fixed_clean,0.05428793281316757,0.10159160369879403,0.10159160369879403,0.04083573818206787,0.21789811551570892,2.487811123821089,0.4662344300608235,False,False,False,0.1326485000008688
quadratic,"synthetic_quadratic(n=20,kappa=30)",2,stale_adam_moments,B_fixed_rewritten,0.05428793281316757,0.11153520464946781,0.11153520464946781,0.04083573818206787,0.21789811551570892,2.7313135409033964,0.5118686060477972,False,False,False,0.1326485000008688
quadratic,"synthetic_quadratic(n=20,kappa=30)",2,stale_adam_moments,C_fixed_max,0.05428793281316757,0.11153520464946781,0.11153520464946781,0.04083573818206787,0.21789811551570892,2.7313135409033964,0.5118686060477972,False,False,False,0.1326485000008688
quadratic,"synthetic_quadratic(n=20,kappa=30)",2,stale_adam_moments,D_stepwise_product,0.05428793281316757,0.12321863252530767,0.12321863252530767,0.04083573818206787,0.21789811551570892,3.0174214550973013,0.5654873711673953,False,False,False,0.534628966667545
quadratic,"synthetic_quadratic(n=20,kappa=30)",2,stale_adam_moments,E_empirical_envelope,0.05428793281316757,0.045342969641029254,0.24194854988576975,0.04083573818206787,0.21789811551570892,1.1103746781523993,1.1103746781524,True,False,False,0.1326485000008688
quadratic,"synthetic_quadratic(n=20,kappa=30)",2,reset_first_moment,A_fixed_clean,0.020576147362589836,0.03850512812308067,0.03850512812308067,0.080690898001194,0.10924903303384781,0.47719295579671084,0.3524528048788397,False,False,True,0.13323710000076971
quadratic,"synthetic_quadratic(n=20,kappa=30)",2,reset_first_moment,B_fixed_rewritten,0.020576147362589836,0.06003716044328164,0.06003716044328164,0.080690898001194,0.10924903303384781,0.7440388188813224,0.5495440900120441,False,False,True,0.13323710000076971
quadratic,"synthetic_quadratic(n=20,kappa=30)",2,reset_first_moment,C_fixed_max,0.020576147362589836,0.06003716044328164,0.06003716044328164,0.080690898001194,0.10924903303384781,0.7440388188813224,0.5495440900120441,False,False,True,0.13323710000076971
quadratic,"synthetic_quadratic(n=20,kappa=30)",2,reset_first_moment,D_stepwise_product,0.020576147362589836,0.04670217872142998,0.04670217872142998,0.080690898001194,0.10924903303384781,0.5787787703234994,0.42748368039981277,False,False,True,0.5352175666674459
quadratic,"synthetic_quadratic(n=20,kappa=30)",2,reset_first_moment,E_empirical_envelope,0.020576147362589836,0.08965309510198147,0.12138313231113303,0.080690898001194,0.10924903303384781,1.111068253332053,1.1110682533320528,True,False,False,0.13323710000076971
quadratic,"synthetic_quadratic(n=20,kappa=30)",2,reset_second_moment,A_fixed_clean,1.7047110795974731,3.1901073303974443,3.1901073303974443,13.405367851257324,14.160714149475098,0.23797238283903085,0.22527870393568347,False,False,False,0.1335613999999623
quadratic,"synthetic_quadratic(n=20,kappa=30)",2,reset_second_moment,B_fixed_rewritten,1.7047110795974731,10719169689.73067,10719169689.73067,13.405367851257324,14.160714149475098,799617720.950887,756965332.1565003,False,False,False,0.1335613999999623
quadratic,"synthetic_quadratic(n=20,kappa=30)",2,reset_second_moment,C_fixed_max,1.7047110795974731,10719169689.73067,10719169689.73067,13.405367851257324,14.160714149475098,799617720.950887,756965332.1565003,False,False,False,0.1335613999999623
quadratic,"synthetic_quadratic(n=20,kappa=30)",2,reset_second_moment,D_stepwise_product,1.7047110795974731,3.8692239176179006,3.8692239176179006,13.405367851257324,14.160714149475098,0.28863243146699596,0.27323649618061974,False,False,False,0.5355418666666385
quadratic,"synthetic_quadratic(n=20,kappa=30)",2,reset_second_moment,E_empirical_envelope,1.7047110795974731,1.6137801286642877,1.7047110795974731,13.405367851257324,14.160714149475098,0.12038312909950674,0.12038312909950678,False,False,False,0.1335613999999623
quadratic,"synthetic_quadratic(n=20,kappa=30)",2,scheduler_mismatch,A_fixed_clean,0.010288073681294918,0.019252564061540335,0.019252564061540335,0.13270461559295654,0.13275519013404846,0.14507833036187318,0.14502306118578276,False,False,True,0.13329809999959252
quadratic,"synthetic_quadratic(n=20,kappa=30)",2,scheduler_mismatch,B_fixed_rewritten,0.010288073681294918,0.023247625531024434,0.023247625531024434,0.13270461559295654,0.13275519013404846,0.1751832475995532,0.17511650962610453,False,False,True,0.13329809999959252
quadratic,"synthetic_quadratic(n=20,kappa=30)",2,scheduler_mismatch,C_fixed_max,0.010288073681294918,0.023247625531024434,0.023247625531024434,0.13270461559295654,0.13275519013404846,0.1751832475995532,0.17511650962610453,False,False,True,0.13329809999959252
quadratic,"synthetic_quadratic(n=20,kappa=30)",2,scheduler_mismatch,D_stepwise_product,0.010288073681294918,0.02335108936071499,0.02335108936071499,0.13270461559295654,0.13275519013404846,0.17596290269465487,0.17589586770307375,False,False,True,0.5352785666662687
quadratic,"synthetic_quadratic(n=20,kappa=30)",2,scheduler_mismatch,E_empirical_envelope,0.010288073681294918,0.1349948290277949,0.13504627638324185,0.13270461559295654,0.13275519013404846,1.0172579787417726,1.0172579787417726,True,False,False,0.13329809999959252
quadratic,"synthetic_quadratic(n=20,kappa=30)",2,ema_shadow_present_not_loaded,A_fixed_clean,0.0,0.0,0.0,0.0,0.0,0.0,0.0,True,False,True,0.1336120000014489
quadratic,"synthetic_quadratic(n=20,kappa=30)",2,ema_shadow_present_not_loaded,B_fixed_rewritten,0.0,0.0,0.0,0.0,0.0,0.0,0.0,True,False,True,0.1336120000014489
quadratic,"synthetic_quadratic(n=20,kappa=30)",2,ema_shadow_present_not_loaded,C_fixed_max,0.0,0.0,0.0,0.0,0.0,0.0,0.0,True,False,True,0.1336120000014489
quadratic,"synthetic_quadratic(n=20,kappa=30)",2,ema_shadow_present_not_loaded,D_stepwise_product,0.0,0.0,0.0,0.0,0.0,0.0,0.0,True,False,True,0.5355924666681251
quadratic,"synthetic_quadratic(n=20,kappa=30)",2,ema_shadow_present_not_loaded,E_empirical_envelope,0.0,0.0,0.0,0.0,0.0,0.0,0.0,True,False,False,0.1336120000014489
quadratic,"synthetic_quadratic(n=20,kappa=30)",2,ema_loaded_as_parameters,A_fixed_clean,1.4435858726501465,2.7014512485522357,2.7014512485522357,0.39333808422088623,1.4435858726501465,6.868013439133919,1.8713478011480467,True,False,False,0.1345965000000433
quadratic,"synthetic_quadratic(n=20,kappa=30)",2,ema_loaded_as_parameters,B_fixed_rewritten,1.4435858726501465,4.501153388077426,4.501153388077426,0.39333808422088623,1.4435858726501465,11.443472088377083,3.118036462780127,True,False,False,0.1345965000000433
quadratic,"synthetic_quadratic(n=20,kappa=30)",2,ema_loaded_as_parameters,C_fixed_max,1.4435858726501465,4.501153388077426,4.501153388077426,0.39333808422088623,1.4435858726501465,11.443472088377083,3.118036462780127,True,False,False,0.1345965000000433
quadratic,"synthetic_quadratic(n=20,kappa=30)",2,ema_loaded_as_parameters,D_stepwise_product,1.4435858726501465,3.2765417274768653,3.2765417274768653,0.39333808422088623,1.4435858726501465,8.330090217343061,2.269724156736006,True,False,False,0.5365769666667195
quadratic,"synthetic_quadratic(n=20,kappa=30)",2,ema_loaded_as_parameters,E_empirical_envelope,1.4435858726501465,0.39333808422088623,1.4435858726501465,0.39333808422088623,1.4435858726501465,1.0,1.0,True,False,False,0.1345965000000433
quadratic,"synthetic_quadratic(n=20,kappa=30)",2,mild_lr_decrease,A_fixed_clean,0.010288073681294918,0.019252564061540335,0.019252564061540335,0.17858576774597168,0.17858576774597168,0.10780570201386953,0.10780570201386953,False,False,True,0.13560150000012072
quadratic,"synthetic_quadratic(n=20,kappa=30)",2,mild_lr_decrease,B_fixed_rewritten,0.010288073681294918,0.032374427366798825,0.032374427366798825,0.17858576774597168,0.17858576774597168,0.18128223640334903,0.18128223640334903,False,False,True,0.13560150000012072
quadratic,"synthetic_quadratic(n=20,kappa=30)",2,mild_lr_decrease,C_fixed_max,0.010288073681294918,0.032374427366798825,0.032374427366798825,0.17858576774597168,0.17858576774597168,0.18128223640334903,0.18128223640334903,False,False,True,0.13560150000012072
quadratic,"synthetic_quadratic(n=20,kappa=30)",2,mild_lr_decrease,D_stepwise_product,0.010288073681294918,0.02335108936071499,0.02335108936071499,0.17858576774597168,0.17858576774597168,0.1307556008266606,0.1307556008266606,False,False,True,0.5375819666667969
quadratic,"synthetic_quadratic(n=20,kappa=30)",2,mild_lr_decrease,E_empirical_envelope,0.010288073681294918,0.1816674625459727,0.1816674625459727,0.17858576774597168,0.17858576774597168,1.0172561052254991,1.0172561052254991,True,False,False,0.13560150000012072
quadratic,"synthetic_quadratic(n=20,kappa=30)",2,severe_lr_increase,A_fixed_clean,0.18518531322479248,0.3465461287081277,0.3465461287081277,0.12168604880571365,0.9675938487052917,2.847870664791081,0.35815247189906246,False,False,False,0.1337162999989232
quadratic,"synthetic_quadratic(n=20,kappa=30)",2,severe_lr_increase,B_fixed_rewritten,0.18518531322479248,638.3638051288578,638.3638051288578,0.12168604880571365,0.9675938487052917,5245.990081805368,659.7435545740946,False,False,False,0.1337162999989232
quadratic,"synthetic_quadratic(n=20,kappa=30)",2,severe_lr_increase,C_fixed_max,0.18518531322479248,638.3638051288578,638.3638051288578,0.12168604880571365,0.9675938487052917,5245.990081805368,659.7435545740946,False,False,False,0.1337162999989232
quadratic,"synthetic_quadratic(n=20,kappa=30)",2,severe_lr_increase,D_stepwise_product,0.18518531322479248,0.42031957889903526,0.42031957889903526,0.12168604880571365,0.9675938487052917,3.45413120915879,0.43439670421784127,False,False,False,0.5356967666655994
quadratic,"synthetic_quadratic(n=20,kappa=30)",2,severe_lr_increase,E_empirical_envelope,0.18518531322479248,0.12378598007659608,0.9842915770016051,0.12168604880571365,0.9675938487052917,1.0172569599513845,1.0172569599513845,True,False,False,0.1337162999989232
quadratic,"synthetic_quadratic(n=20,kappa=30)",2,optimizer_state_from_older_checkpoint,A_fixed_clean,0.07583688199520111,0.1419171823676435,0.1419171823676435,0.09866441041231155,0.36862844228744507,1.438382713428091,0.38498706580264597,False,False,False,0.13339360000099987
quadratic,"synthetic_quadratic(n=20,kappa=30)",2,optimizer_state_from_older_checkpoint,B_fixed_rewritten,0.07583688199520111,0.2455682394930286,0.2455682394930286,0.09866441041231155,0.36862844228744507,2.488924207490993,0.6661673688801856,False,False,False,0.13339360000099987
quadratic,"synthetic_quadratic(n=20,kappa=30)",2,optimizer_state_from_older_checkpoint,C_fixed_max,0.07583688199520111,0.2455682394930286,0.2455682394930286,0.09866441041231155,0.36862844228744507,2.488924207490993,0.6661673688801856,False,False,False,0.13339360000099987
quadratic,"synthetic_quadratic(n=20,kappa=30)",2,optimizer_state_from_older_checkpoint,D_stepwise_product,0.07583688199520111,0.1721288030360457,0.1721288030360457,0.09866441041231155,0.36862844228744507,1.7445885736987803,0.4669439014741705,False,False,False,0.5353740666676761
quadratic,"synthetic_quadratic(n=20,kappa=30)",2,optimizer_state_from_older_checkpoint,E_empirical_envelope,0.07583688199520111,0.10913613099637626,0.40775272257090045,0.09866441041231155,0.36862844228744507,1.1061347302467437,1.106134730246744,True,False,False,0.13339360000099987
quadratic,"synthetic_quadratic(n=20,kappa=30)",2,params_current_optimizer_older,A_fixed_clean,0.11641296744346619,0.2178491506504496,0.2178491506504496,0.10202145576477051,0.4911620318889618,2.135326819416706,0.44353825521207896,False,False,False,0.13177290000021458
quadratic,"synthetic_quadratic(n=20,kappa=30)",2,params_current_optimizer_older,B_fixed_rewritten,0.11641296744346619,0.21292541512259255,0.21292541512259255,0.10202145576477051,0.4911620318889618,2.0870650543698552,0.43351358879207735,False,False,False,0.13177290000021458
quadratic,"synthetic_quadratic(n=20,kappa=30)",2,params_current_optimizer_older,C_fixed_max,0.11641296744346619,0.2178491506504496,0.2178491506504496,0.10202145576477051,0.4911620318889618,2.135326819416706,0.44353825521207896,False,False,False,0.13177290000021458
quadratic,"synthetic_quadratic(n=20,kappa=30)",2,params_current_optimizer_older,D_stepwise_product,0.11641296744346619,0.2642253243637573,0.2642253243637573,0.10202145576477051,0.4911620318889618,2.5898995694883835,0.5379595880967676,False,False,False,0.5337533666668908
quadratic,"synthetic_quadratic(n=20,kappa=30)",2,params_current_optimizer_older,E_empirical_envelope,0.11641296744346619,0.11255777538610784,0.5418870496320882,0.10202145576477051,0.4911620318889618,1.1032755271168722,1.103275527116872,True,False,False,0.13177290000021458
mnist_mlp,real MNIST train split,0,exact_restore,A_fixed_clean,0.0,0.0,0.0,0.0,0.0,0.0,0.0,True,False,True,0.2746543000012025
mnist_mlp,real MNIST train split,0,exact_restore,B_fixed_rewritten,0.0,0.0,0.0,0.0,0.0,0.0,0.0,True,False,True,0.2746543000012025
mnist_mlp,real MNIST train split,0,exact_restore,C_fixed_max,0.0,0.0,0.0,0.0,0.0,0.0,0.0,True,False,True,0.2746543000012025
mnist_mlp,real MNIST train split,0,exact_restore,D_stepwise_product,0.0,0.0,0.0,0.0,0.0,0.0,0.0,True,False,True,0.5969920916678955
mnist_mlp,real MNIST train split,0,exact_restore,E_empirical_envelope,0.0,0.0,0.0,0.0,0.0,0.0,0.0,True,False,False,0.2746543000012025
mnist_mlp,real MNIST train split,0,noop_restore,A_fixed_clean,0.0,0.0,0.0,0.0,0.0,0.0,0.0,True,False,True,0.28033770000001823
mnist_mlp,real MNIST train split,0,noop_restore,B_fixed_rewritten,0.0,0.0,0.0,0.0,0.0,0.0,0.0,True,False,True,0.28033770000001823
mnist_mlp,real MNIST train split,0,noop_restore,C_fixed_max,0.0,0.0,0.0,0.0,0.0,0.0,0.0,True,False,True,0.28033770000001823
mnist_mlp,real MNIST train split,0,noop_restore,D_stepwise_product,0.0,0.0,0.0,0.0,0.0,0.0,0.0,True,False,True,0.6026754916667112
mnist_mlp,real MNIST train split,0,noop_restore,E_empirical_envelope,0.0,0.0,0.0,0.0,0.0,0.0,0.0,True,False,False,0.28033770000001823
mnist_mlp,real MNIST train split,0,stale_adam_moments,A_fixed_clean,0.10181882232427597,43402.13011921263,43402.13011921263,0.5462979674339294,0.5536357164382935,79447.7239647826,78394.74374672158,True,False,False,0.27757179999935033
mnist_mlp,real MNIST train split,0,stale_adam_moments,B_fixed_rewritten,0.10181882232427597,108034.68423824207,108034.68423824207,0.5462979674339294,0.5536357164382935,197757.80009891404,195136.76778886662,True,False,False,0.27757179999935033
mnist_mlp,real MNIST train split,0,stale_adam_moments,C_fixed_max,0.10181882232427597,108034.68423824207,108034.68423824207,0.5462979674339294,0.5536357164382935,197757.80009891404,195136.76778886662,True,False,False,0.27757179999935033
mnist_mlp,real MNIST train split,0,stale_adam_moments,D_stepwise_product,0.10181882232427597,45814.22690465545,45814.22690465545,0.5462979674339294,0.5536357164382935,83863.0740653384,82751.57390385192,True,False,False,0.5999095916660433
mnist_mlp,real MNIST train split,0,stale_adam_moments,E_empirical_envelope,0.10181882232427597,0.6047706774701238,0.6128938185048955,0.5462979674339294,0.5536357164382935,1.1070344638308875,1.1070344638308875,True,False,False,0.27757179999935033
mnist_mlp,real MNIST train split,0,reset_first_moment,A_fixed_clean,0.07724190503358841,32925.770858423726,32925.770858423726,0.46817460656166077,0.4868798851966858,70327.97250631587,67626.06519495593,True,False,False,0.2591264999991836
mnist_mlp,real MNIST train split,0,reset_first_moment,B_fixed_rewritten,0.07724190503358841,31206.77840616295,31206.77840616295,0.46817460656166077,0.4868798851966858,66656.28158551754,64095.435763496964,True,False,False,0.2591264999991836
mnist_mlp,real MNIST train split,0,reset_first_moment,C_fixed_max,0.07724190503358841,32925.770858423726,32925.770858423726,0.46817460656166077,0.4868798851966858,70327.97250631587,67626.06519495593,True,False,False,0.2591264999991836
mnist_mlp,real MNIST train split,0,reset_first_moment,D_stepwise_product,0.07724190503358841,34755.63832869966,34755.63832869966,0.46817460656166077,0.4868798851966858,74236.48750185296,71384.42023469372,True,False,False,0.5814642916658765
mnist_mlp,real MNIST train split,0,reset_first_moment,E_empirical_envelope,0.07724190503358841,0.52270181375968,0.5435856526786965,0.46817460656166077,0.4868798851966858,1.116467673457291,1.1164676734572905,True,False,False,0.2591264999991836
mnist_mlp,real MNIST train split,0,reset_second_moment,A_fixed_clean,1.4085023403167725,600399.8126490683,600399.8126490683,2341.58837890625,2341.58837890625,256.4070688331284,256.4070688331284,False,False,False,0.26141480000114825
mnist_mlp,real MNIST train split,0,reset_second_moment,B_fixed_rewritten,1.4085023403167725,4.31471711802859e+25,4.31471711802859e+25,2341.58837890625,2341.58837890625,1.8426454268806986e+22,1.8426454268806986e+22,False,False,False,0.26141480000114825
mnist_mlp,real MNIST train split,0,reset_second_moment,C_fixed_max,1.4085023403167725,4.31471711802859e+25,4.31471711802859e+25,2341.58837890625,2341.58837890625,1.8426454268806986e+22,1.8426454268806986e+22,False,False,False,0.26141480000114825
mnist_mlp,real MNIST train split,0,reset_second_moment,D_stepwise_product,1.4085023403167725,633767.3559952925,633767.3559952925,2341.58837890625,2341.58837890625,270.6570299479039,270.6570299479039,False,False,False,0.5837525916678412
mnist_mlp,real MNIST train split,0,reset_second_moment,E_empirical_envelope,1.4085023403167725,12.26347946323242,12.26347946323242,2341.58837890625,2341.58837890625,0.005237248174660253,0.005237248174660253,False,False,False,0.26141480000114825
mnist_mlp,real MNIST train split,0,scheduler_mismatch,A_fixed_clean,0.038620948791503906,16462.883841238927,16462.883841238927,0.5297757983207703,0.5297757983207703,31075.190473821778,31075.190473821778,True,False,False,0.3175061999991158
mnist_mlp,real MNIST train split,0,scheduler_mismatch,B_fixed_rewritten,0.038620948791503906,119274.51203370454,119274.51203370454,0.5297757983207703,0.5297757983207703,225141.48893129663,225141.48893129663,True,False,False,0.3175061999991158
mnist_mlp,real MNIST train split,0,scheduler_mismatch,C_fixed_max,0.038620948791503906,119274.51203370454,119274.51203370454,0.5297757983207703,0.5297757983207703,225141.48893129663,225141.48893129663,True,False,False,0.3175061999991158
mnist_mlp,real MNIST train split,0,scheduler_mismatch,D_stepwise_product,0.038620948791503906,17377.817488124445,17377.817488124445,0.5297757983207703,0.5297757983207703,32802.210941320634,32802.210941320634,True,False,False,0.6398439916658087
mnist_mlp,real MNIST train split,0,scheduler_mismatch,E_empirical_envelope,0.038620948791503906,0.5770745340638862,0.5770745340638862,0.5297757983207703,0.5297757983207703,1.089280665317364,1.089280665317364,True,False,False,0.3175061999991158
mnist_mlp,real MNIST train split,0,ema_shadow_present_not_loaded,A_fixed_clean,0.0,0.0,0.0,0.0,0.0,0.0,0.0,True,False,True,0.2788516999989952
mnist_mlp,real MNIST train split,0,ema_shadow_present_not_loaded,B_fixed_rewritten,0.0,0.0,0.0,0.0,0.0,0.0,0.0,True,False,True,0.2788516999989952
mnist_mlp,real MNIST train split,0,ema_shadow_present_not_loaded,C_fixed_max,0.0,0.0,0.0,0.0,0.0,0.0,0.0,True,False,True,0.2788516999989952
mnist_mlp,real MNIST train split,0,ema_shadow_present_not_loaded,D_stepwise_product,0.0,0.0,0.0,0.0,0.0,0.0,0.0,True,False,True,0.6011894916656881
mnist_mlp,real MNIST train split,0,ema_shadow_present_not_loaded,E_empirical_envelope,0.0,0.0,0.0,0.0,0.0,0.0,0.0,True,False,False,0.2788516999989952
mnist_mlp,real MNIST train split,0,ema_loaded_as_parameters,A_fixed_clean,3.0628538131713867,1305597.3021571322,1305597.3021571322,1.751371145248413,3.0628538131713867,745471.5156746214,426268.2392945391,True,False,False,0.2809923000004346
mnist_mlp,real MNIST train split,0,ema_loaded_as_parameters,B_fixed_rewritten,3.0628538131713867,1449737.9973925897,1449737.9973925897,1.751371145248413,3.0628538131713867,827773.1429604888,473329.15177282976,True,False,False,0.2809923000004346
mnist_mlp,real MNIST train split,0,ema_loaded_as_parameters,C_fixed_max,3.0628538131713867,1449737.9973925897,1449737.9973925897,1.751371145248413,3.0628538131713867,827773.1429604888,473329.15177282976,True,False,False,0.2809923000004346
mnist_mlp,real MNIST train split,0,ema_loaded_as_parameters,D_stepwise_product,3.0628538131713867,1378156.576251885,1378156.576251885,1.751371145248413,3.0628538131713867,786901.4971446319,449958.3265532654,True,False,False,0.6033300916671276
mnist_mlp,real MNIST train split,0,ema_loaded_as_parameters,E_empirical_envelope,3.0628538131713867,1.751371145248413,3.0628538131713867,1.751371145248413,3.0628538131713867,1.0,1.0,True,False,False,0.2809923000004346
mnist_mlp,real MNIST train split,0,mild_lr_decrease,A_fixed_clean,0.038620952516794205,16462.885429211863,16462.885429211863,0.6078659296035767,0.6078659296035767,27083.086298237227,27083.086298237227,True,False,False,0.2791600999989896
mnist_mlp,real MNIST train split,0,mild_lr_decrease,B_fixed_rewritten,0.038620952516794205,549.9103511122703,549.9103511122703,0.6078659296035767,0.6078659296035767,904.657300781601,904.657300781601,False,False,False,0.2791600999989896
mnist_mlp,real MNIST train split,0,mild_lr_decrease,C_fixed_max,0.038620952516794205,16462.885429211863,16462.885429211863,0.6078659296035767,0.6078659296035767,27083.086298237227,27083.086298237227,True,False,False,0.2791600999989896
mnist_mlp,real MNIST train split,0,mild_lr_decrease,D_stepwise_product,0.038620952516794205,17377.81916434983,17377.81916434983,0.6078659296035767,0.6078659296035767,28588.24342348464,28588.24342348464,True,False,False,0.6014978916656826
mnist_mlp,real MNIST train split,0,mild_lr_decrease,E_empirical_envelope,0.038620952516794205,0.6621364593793662,0.6621364593793662,0.6078659296035767,0.6078659296035767,1.089280427036242,1.089280427036242,True,False,False,0.2791600999989896
mnist_mlp,real MNIST train split,0,severe_lr_increase,A_fixed_clean,0.6951775550842285,296332.11240283656,296332.11240283656,7.776417255401611,7.776417255401611,38106.5087778051,38106.5087778051,True,False,False,0.28289159999985714
mnist_mlp,real MNIST train split,0,severe_lr_increase,B_fixed_rewritten,0.6951775550842285,139050328111.36832,139050328111.36832,7.776417255401611,7.776417255401611,17881027154.861317,17881027154.861317,True,False,False,0.28289159999985714
mnist_mlp,real MNIST train split,0,severe_lr_increase,C_fixed_max,0.6951775550842285,139050328111.36832,139050328111.36832,7.776417255401611,7.776417255401611,17881027154.861317,17881027154.861317,True,False,False,0.28289159999985714
mnist_mlp,real MNIST train split,0,severe_lr_increase,D_stepwise_product,0.6951775550842285,312800.92934308987,312800.92934308987,7.776417255401611,7.776417255401611,40224.2985516002,40224.2985516002,True,False,False,0.6052293916665501
mnist_mlp,real MNIST train split,0,severe_lr_increase,E_empirical_envelope,0.6951775550842285,8.470704299729116,8.470704299729116,7.776417255401611,7.776417255401611,1.089281094561283,1.089281094561283,True,False,False,0.28289159999985714
mnist_mlp,real MNIST train split,0,optimizer_state_from_older_checkpoint,A_fixed_clean,0.10473567992448807,44645.49387272794,44645.49387272794,0.6573358178138733,0.6573358178138733,67918.85161713407,67918.85161713407,True,False,False,0.2429922000010265
mnist_mlp,real MNIST train split,0,optimizer_state_from_older_checkpoint,B_fixed_rewritten,0.10473567992448807,172724.88827731134,172724.88827731134,0.6573358178138733,0.6573358178138733,262765.06406078563,262765.06406078563,True,False,False,0.2429922000010265
mnist_mlp,real MNIST train split,0,optimizer_state_from_older_checkpoint,C_fixed_max,0.10473567992448807,172724.88827731134,172724.88827731134,0.6573358178138733,0.6573358178138733,262765.06406078563,262765.06406078563,True,False,False,0.2429922000010265
mnist_mlp,real MNIST train split,0,optimizer_state_from_older_checkpoint,D_stepwise_product,0.10473567992448807,47126.691269241055,47126.691269241055,0.6573358178138733,0.6573358178138733,71693.47842016593,71693.47842016593,True,False,False,0.5653299916677195
mnist_mlp,real MNIST train split,0,optimizer_state_from_older_checkpoint,E_empirical_envelope,0.10473567992448807,0.7249255232169125,0.7249255232169125,0.6573358178138733,0.6573358178138733,1.102823706804575,1.102823706804575,True,False,False,0.2429922000010265
mnist_mlp,real MNIST train split,0,params_current_optimizer_older,A_fixed_clean,0.13859011232852936,59076.5631659146,59076.5631659146,0.9115670323371887,0.9115670323371887,64807.700443539274,64807.700443539274,True,False,False,0.282898400000704
mnist_mlp,real MNIST train split,0,params_current_optimizer_older,B_fixed_rewritten,0.13859011232852936,942112.573627032,942112.573627032,0.9115670323371887,0.9115670323371887,1033508.8262368669,1033508.8262368669,True,False,False,0.282898400000704
mnist_mlp,real MNIST train split,0,params_current_optimizer_older,C_fixed_max,0.13859011232852936,942112.573627032,942112.573627032,0.9115670323371887,0.9115670323371887,1033508.8262368669,1033508.8262368669,True,False,False,0.282898400000704
mnist_mlp,real MNIST train split,0,params_current_optimizer_older,D_stepwise_product,0.13859011232852936,62359.77502017409,62359.77502017409,0.9115670323371887,0.9115670323371887,68409.4233424484,68409.4233424484,True,False,False,0.605236191667397
mnist_mlp,real MNIST train split,0,params_current_optimizer_older,E_empirical_envelope,0.13859011232852936,0.9948111967678298,0.9948111967678298,0.9115670323371887,0.9115670323371887,1.0913198497506096,1.0913198497506096,True,False,False,0.282898400000704
mnist_mlp,real MNIST train split,1,exact_restore,A_fixed_clean,0.0,0.0,0.0,0.0,0.0,0.0,0.0,True,False,True,0.27082010000049195
mnist_mlp,real MNIST train split,1,exact_restore,B_fixed_rewritten,0.0,0.0,0.0,0.0,0.0,0.0,0.0,True,False,True,0.27082010000049195
mnist_mlp,real MNIST train split,1,exact_restore,C_fixed_max,0.0,0.0,0.0,0.0,0.0,0.0,0.0,True,False,True,0.27082010000049195
mnist_mlp,real MNIST train split,1,exact_restore,D_stepwise_product,0.0,0.0,0.0,0.0,0.0,0.0,0.0,True,False,True,0.6025016666671945
mnist_mlp,real MNIST train split,1,exact_restore,E_empirical_envelope,0.0,0.0,0.0,0.0,0.0,0.0,0.0,True,False,False,0.27082010000049195
mnist_mlp,real MNIST train split,1,noop_restore,A_fixed_clean,0.0,0.0,0.0,0.0,0.0,0.0,0.0,True,False,True,0.2717045000008511
mnist_mlp,real MNIST train split,1,noop_restore,B_fixed_rewritten,0.0,0.0,0.0,0.0,0.0,0.0,0.0,True,False,True,0.2717045000008511
mnist_mlp,real MNIST train split,1,noop_restore,C_fixed_max,0.0,0.0,0.0,0.0,0.0,0.0,0.0,True,False,True,0.2717045000008511
mnist_mlp,real MNIST train split,1,noop_restore,D_stepwise_product,0.0,0.0,0.0,0.0,0.0,0.0,0.0,True,False,True,0.6033860666675537
mnist_mlp,real MNIST train split,1,noop_restore,E_empirical_envelope,0.0,0.0,0.0,0.0,0.0,0.0,0.0,True,False,False,0.2717045000008511
mnist_mlp,real MNIST train split,1,stale_adam_moments,A_fixed_clean,0.0845017209649086,39091.55631201479,39091.55631201479,0.49082955718040466,0.4914506673812866,79643.85139431746,79543.19508876775,True,False,False,0.2731309999999212
mnist_mlp,real MNIST train split,1,stale_adam_moments,B_fixed_rewritten,0.0845017209649086,117874.72334045394,117874.72334045394,0.49082955718040466,0.4914506673812866,240154.08529508958,239850.57130668647,True,False,False,0.2731309999999212
mnist_mlp,real MNIST train split,1,stale_adam_moments,C_fixed_max,0.0845017209649086,117874.72334045394,117874.72334045394,0.49082955718040466,0.4914506673812866,240154.08529508958,239850.57130668647,True,False,False,0.2731309999999212
mnist_mlp,real MNIST train split,1,stale_adam_moments,D_stepwise_product,0.0845017209649086,47867.86062053987,47867.86062053987,0.49082955718040466,0.4914506673812866,97524.40520395558,97401.1509143035,True,False,False,0.6048125666666238
mnist_mlp,real MNIST train split,1,stale_adam_moments,E_empirical_envelope,0.0845017209649086,0.549312742166761,0.5500078587151493,0.49082955718040466,0.4914506673812866,1.1191517180063808,1.1191517180063808,True,False,False,0.2731309999999212
mnist_mlp,real MNIST train split,1,reset_first_moment,A_fixed_clean,0.09065454453229904,41937.92969016668,41937.92969016668,0.5047012567520142,0.5413466691970825,83094.56164237957,77469.63651289922,True,False,False,0.2726935000009689
mnist_mlp,real MNIST train split,1,reset_first_moment,B_fixed_rewritten,0.09065454453229904,41922.16831219534,41922.16831219534,0.5047012567520142,0.5413466691970825,83063.33251869406,77440.52138415055,True,False,False,0.2726935000009689
mnist_mlp,real MNIST train split,1,reset_first_moment,C_fixed_max,0.09065454453229904,41937.92969016668,41937.92969016668,0.5047012567520142,0.5413466691970825,83094.56164237957,77469.63651289922,True,False,False,0.2726935000009689
mnist_mlp,real MNIST train split,1,reset_first_moment,D_stepwise_product,0.09065454453229904,51353.26301925465,51353.26301925465,0.5047012567520142,0.5413466691970825,101749.82196346534,94862.06518167196,True,False,False,0.6043750666676715
mnist_mlp,real MNIST train split,1,reset_first_moment,E_empirical_envelope,0.09065454453229904,0.5647201159914303,0.6057233853308233,0.5047012567520142,0.5413466691970825,1.1189195755637014,1.1189195755637018,True,False,False,0.2726935000009689
mnist_mlp,real MNIST train split,1,reset_second_moment,A_fixed_clean,1.3962013721466064,645900.2720766708,645900.2720766708,2200.82470703125,2200.82470703125,293.481016463116,293.481016463116,False,False,False,0.26973110000108136
mnist_mlp,real MNIST train split,1,reset_second_moment,B_fixed_rewritten,1.3962013721466064,1.161963192919506e+25,1.161963192919506e+25,2200.82470703125,2200.82470703125,5.279671703099464e+21,5.279671703099464e+21,False,False,False,0.26973110000108136
mnist_mlp,real MNIST train split,1,reset_second_moment,C_fixed_max,1.3962013721466064,1.161963192919506e+25,1.161963192919506e+25,2200.82470703125,2200.82470703125,5.279671703099464e+21,5.279671703099464e+21,False,False,False,0.26973110000108136
mnist_mlp,real MNIST train split,1,reset_second_moment,D_stepwise_product,1.3962013721466064,790909.0124670288,790909.0124670288,2200.82470703125,2200.82470703125,359.36938091444216,359.36938091444216,False,False,False,0.6014126666677839
mnist_mlp,real MNIST train split,1,reset_second_moment,E_empirical_envelope,1.3962013721466064,12.074836107008151,12.074836107008151,2200.82470703125,2200.82470703125,0.005486505158012431,0.005486505158012431,False,False,False,0.26973110000108136
mnist_mlp,real MNIST train split,1,scheduler_mismatch,A_fixed_clean,0.04532726854085922,20968.96312171731,20968.96312171731,0.6103419661521912,0.6103419661521912,34356.089347604546,34356.089347604546,True,False,False,0.238080600000103
mnist_mlp,real MNIST train split,1,scheduler_mismatch,B_fixed_rewritten,0.04532726854085922,171718.15955154266,171718.15955154266,0.6103419661521912,0.6103419661521912,281347.45613858715,281347.45613858715,True,False,False,0.238080600000103
mnist_mlp,real MNIST train split,1,scheduler_mismatch,C_fixed_max,0.04532726854085922,171718.15955154266,171718.15955154266,0.6103419661521912,0.6103419661521912,281347.45613858715,281347.45613858715,True,False,False,0.238080600000103
mnist_mlp,real MNIST train split,1,scheduler_mismatch,D_stepwise_product,0.04532726854085922,25676.629399354595,25676.629399354595,0.6103419661521912,0.6103419661521912,42069.251048275495,42069.251048275495,True,False,False,0.5697621666668056
mnist_mlp,real MNIST train split,1,scheduler_mismatch,E_empirical_envelope,0.04532726854085922,0.6404516711726679,0.6404516711726679,0.6103419661521912,0.6103419661521912,1.0493325163437455,1.0493325163437455,True,False,False,0.238080600000103
mnist_mlp,real MNIST train split,1,ema_shadow_present_not_loaded,A_fixed_clean,0.0,0.0,0.0,0.0,0.0,0.0,0.0,True,False,True,0.26170749999982945
mnist_mlp,real MNIST train split,1,ema_shadow_present_not_loaded,B_fixed_rewritten,0.0,0.0,0.0,0.0,0.0,0.0,0.0,True,False,True,0.26170749999982945
mnist_mlp,real MNIST train split,1,ema_shadow_present_not_loaded,C_fixed_max,0.0,0.0,0.0,0.0,0.0,0.0,0.0,True,False,True,0.26170749999982945
mnist_mlp,real MNIST train split,1,ema_shadow_present_not_loaded,D_stepwise_product,0.0,0.0,0.0,0.0,0.0,0.0,0.0,True,False,True,0.593389066666532
mnist_mlp,real MNIST train split,1,ema_shadow_present_not_loaded,E_empirical_envelope,0.0,0.0,0.0,0.0,0.0,0.0,0.0,True,False,False,0.26170749999982945
mnist_mlp,real MNIST train split,1,ema_loaded_as_parameters,A_fixed_clean,2.9627602100372314,1370610.0451819652,1370610.0451819652,2.2809996604919434,2.9627602100372314,600881.3017036424,462612.5464148655,True,False,False,0.2856606000004831
mnist_mlp,real MNIST train split,1,ema_loaded_as_parameters,B_fixed_rewritten,2.9627602100372314,2619585.759866078,2619585.759866078,2.2809996604919434,2.9627602100372314,1148437.5930600145,884170.6969708356,True,False,False,0.2856606000004831
mnist_mlp,real MNIST train split,1,ema_loaded_as_parameters,C_fixed_max,2.9627602100372314,2619585.759866078,2619585.759866078,2.2809996604919434,2.9627602100372314,1148437.5930600145,884170.6969708356,True,False,False,0.2856606000004831
mnist_mlp,real MNIST train split,1,ema_loaded_as_parameters,D_stepwise_product,2.9627602100372314,1678320.7627811304,1678320.7627811304,2.2809996604919434,2.9627602100372314,735782.9954341891,566472.0206162212,True,False,False,0.6173421666671857
mnist_mlp,real MNIST train split,1,ema_loaded_as_parameters,E_empirical_envelope,2.9627602100372314,2.2809996604919434,2.9627602100372314,2.2809996604919434,2.9627602100372314,1.0,1.0,True,False,False,0.2856606000004831
mnist_mlp,real MNIST train split,1,mild_lr_decrease,A_fixed_clean,0.04532727226614952,20968.96484508334,20968.96484508334,0.7180306911468506,0.7180306911468506,29203.43810316988,29203.43810316988,True,False,False,0.2736530000001949
mnist_mlp,real MNIST train split,1,mild_lr_decrease,B_fixed_rewritten,0.04532727226614952,625.505935554274,625.505935554274,0.7180306911468506,0.7180306911468506,871.1409460161173,871.1409460161173,False,False,False,0.2736530000001949
mnist_mlp,real MNIST train split,1,mild_lr_decrease,C_fixed_max,0.04532727226614952,20968.96484508334,20968.96484508334,0.7180306911468506,0.7180306911468506,29203.43810316988,29203.43810316988,True,False,False,0.2736530000001949
mnist_mlp,real MNIST train split,1,mild_lr_decrease,D_stepwise_product,0.04532727226614952,25676.631509627325,25676.631509627325,0.7180306911468506,0.7180306911468506,35759.79665801775,35759.79665801775,True,False,False,0.6053345666668974
mnist_mlp,real MNIST train split,1,mild_lr_decrease,E_empirical_envelope,0.04532727226614952,0.7534530138768365,0.7534530138768365,0.7180306911468506,0.7180306911468506,1.0493326025847292,1.0493326025847292,True,False,False,0.2736530000001949
mnist_mlp,real MNIST train split,1,severe_lr_increase,A_fixed_clean,0.8158888220787048,377440.40557325474,377440.40557325474,8.561245918273926,8.561245918273926,44087.08839534799,44087.08839534799,True,False,False,0.2819718999999168
mnist_mlp,real MNIST train split,1,severe_lr_increase,B_fixed_rewritten,0.8158888220787048,187364173114.38174,187364173114.38174,8.561245918273926,8.561245918273926,21885152570.42834,21885152570.42834,True,False,False,0.2819718999999168
mnist_mlp,real MNIST train split,1,severe_lr_increase,C_fixed_max,0.8158888220787048,187364173114.38174,187364173114.38174,8.561245918273926,8.561245918273926,21885152570.42834,21885152570.42834,True,False,False,0.2819718999999168
mnist_mlp,real MNIST train split,1,severe_lr_increase,D_stepwise_product,0.8158888220787048,462178.1896411125,462178.1896411125,8.561245918273926,8.561245918273926,53984.92159354938,53984.92159354938,True,False,False,0.6136534666666194
mnist_mlp,real MNIST train split,1,severe_lr_increase,E_empirical_envelope,0.8158888220787048,8.983561845119903,8.983561845119903,8.561245918273926,8.561245918273926,1.0493287928973687,1.0493287928973687,True,False,False,0.2819718999999168
mnist_mlp,real MNIST train split,1,optimizer_state_from_older_checkpoint,A_fixed_clean,0.09775813668966293,45224.14054677746,45224.14054677746,0.5935485363006592,0.5935485363006592,76192.82633336222,76192.82633336222,True,False,False,0.30297170000085316
mnist_mlp,real MNIST train split,1,optimizer_state_from_older_checkpoint,B_fixed_rewritten,0.09775813668966293,156009.294107501,156009.294107501,0.5935485363006592,0.5935485363006592,262841.6794350837,262841.6794350837,True,False,False,0.30297170000085316
mnist_mlp,real MNIST train split,1,optimizer_state_from_older_checkpoint,C_fixed_max,0.09775813668966293,156009.294107501,156009.294107501,0.5935485363006592,0.5935485363006592,262841.6794350837,262841.6794350837,True,False,False,0.30297170000085316
mnist_mlp,real MNIST train split,1,optimizer_state_from_older_checkpoint,D_stepwise_product,0.09775813668966293,55377.249222270104,55377.249222270104,0.5935485363006592,0.5935485363006592,93298.60295404556,93298.60295404556,True,False,False,0.6346532666675557
mnist_mlp,real MNIST train split,1,optimizer_state_from_older_checkpoint,E_empirical_envelope,0.09775813668966293,0.6579025593673082,0.6579025593673082,0.5935485363006592,0.5935485363006592,1.10842251160746,1.10842251160746,True,False,False,0.30297170000085316
mnist_mlp,real MNIST train split,1,params_current_optimizer_older,A_fixed_clean,0.1242852658033371,57495.923295130175,57495.923295130175,0.8283964395523071,0.8283964395523071,69406.28973031665,69406.28973031665,True,False,False,0.259892400001263
mnist_mlp,real MNIST train split,1,params_current_optimizer_older,B_fixed_rewritten,0.1242852658033371,852632.2829675527,852632.2829675527,0.8283964395523071,0.8283964395523071,1029256.334597893,1029256.334597893,True,False,False,0.259892400001263
mnist_mlp,real MNIST train split,1,params_current_optimizer_older,C_fixed_max,0.1242852658033371,852632.2829675527,852632.2829675527,0.8283964395523071,0.8283964395523071,1029256.334597893,1029256.334597893,True,False,False,0.259892400001263
mnist_mlp,real MNIST train split,1,params_current_optimizer_older,D_stepwise_product,0.1242852658033371,70404.12565244049,70404.12565244049,0.8283964395523071,0.8283964395523071,84988.44549656588,84988.44549656588,True,False,False,0.5915739666679656
mnist_mlp,real MNIST train split,1,params_current_optimizer_older,E_empirical_envelope,0.1242852658033371,0.9042077652318666,0.9042077652318666,0.8283964395523071,0.8283964395523071,1.0915157550900756,1.0915157550900756,True,False,False,0.259892400001263
mnist_mlp,real MNIST train split,2,exact_restore,A_fixed_clean,0.0,0.0,0.0,0.0,0.0,0.0,0.0,True,False,True,0.27512840000053984
mnist_mlp,real MNIST train split,2,exact_restore,B_fixed_rewritten,0.0,0.0,0.0,0.0,0.0,0.0,0.0,True,False,True,0.27512840000053984
mnist_mlp,real MNIST train split,2,exact_restore,C_fixed_max,0.0,0.0,0.0,0.0,0.0,0.0,0.0,True,False,True,0.27512840000053984
mnist_mlp,real MNIST train split,2,exact_restore,D_stepwise_product,0.0,0.0,0.0,0.0,0.0,0.0,0.0,True,False,True,0.5887683166671802
mnist_mlp,real MNIST train split,2,exact_restore,E_empirical_envelope,0.0,0.0,0.0,0.0,0.0,0.0,0.0,True,False,False,0.27512840000053984
mnist_mlp,real MNIST train split,2,noop_restore,A_fixed_clean,0.0,0.0,0.0,0.0,0.0,0.0,0.0,True,False,True,0.25033280000025115
mnist_mlp,real MNIST train split,2,noop_restore,B_fixed_rewritten,0.0,0.0,0.0,0.0,0.0,0.0,0.0,True,False,True,0.25033280000025115
mnist_mlp,real MNIST train split,2,noop_restore,C_fixed_max,0.0,0.0,0.0,0.0,0.0,0.0,0.0,True,False,True,0.25033280000025115
mnist_mlp,real MNIST train split,2,noop_restore,D_stepwise_product,0.0,0.0,0.0,0.0,0.0,0.0,0.0,True,False,True,0.5639727166668915
mnist_mlp,real MNIST train split,2,noop_restore,E_empirical_envelope,0.0,0.0,0.0,0.0,0.0,0.0,0.0,True,False,False,0.25033280000025115
mnist_mlp,real MNIST train split,2,stale_adam_moments,A_fixed_clean,0.08497738093137741,44372.01647651022,44372.01647651022,0.5403857827186584,0.5403857827186584,82111.73923428639,82111.73923428639,True,False,False,0.2636614999992162
mnist_mlp,real MNIST train split,2,stale_adam_moments,B_fixed_rewritten,0.08497738093137741,154022.37675965778,154022.37675965778,0.5403857827186584,0.5403857827186584,285022.99965179985,285022.99965179985,True,False,False,0.2636614999992162
mnist_mlp,real MNIST train split,2,stale_adam_moments,C_fixed_max,0.08497738093137741,154022.37675965778,154022.37675965778,0.5403857827186584,0.5403857827186584,285022.99965179985,285022.99965179985,True,False,False,0.2636614999992162
mnist_mlp,real MNIST train split,2,stale_adam_moments,D_stepwise_product,0.08497738093137741,51335.76544489602,51335.76544489602,0.5403857827186584,0.5403857827186584,94998.36429194697,94998.36429194697,True,False,False,0.5773014166658565
mnist_mlp,real MNIST train split,2,stale_adam_moments,E_empirical_envelope,0.08497738093137741,0.5959108319599035,0.5959108319599035,0.5403857827186584,0.5403857827186584,1.102750758841028,1.102750758841028,True,False,False,0.2636614999992162
mnist_mlp,real MNIST train split,2,reset_first_moment,A_fixed_clean,0.07926864176988602,41391.1259694428,41391.1259694428,0.47559282183647156,0.4889467656612396,87030.59438452749,84653.64509256229,True,False,False,0.27301509999961127
mnist_mlp,real MNIST train split,2,reset_first_moment,B_fixed_rewritten,0.07926864176988602,42004.77257779171,42004.77257779171,0.47559282183647156,0.4889467656612396,88320.87165570106,85908.68276014768,True,False,False,0.27301509999961127
mnist_mlp,real MNIST train split,2,reset_first_moment,C_fixed_max,0.07926864176988602,42004.77257779171,42004.77257779171,0.47559282183647156,0.4889467656612396,88320.87165570106,85908.68276014768,True,False,False,0.27301509999961127
mnist_mlp,real MNIST train split,2,reset_first_moment,D_stepwise_product,0.07926864176988602,47887.05366573359,47887.05366573359,0.47559282183647156,0.4889467656612396,100689.18509076897,97939.19712501281,True,False,False,0.5866550166662516
mnist_mlp,real MNIST train split,2,reset_first_moment,E_empirical_envelope,0.07926864176988602,0.5321530918241019,0.5470951644713612,0.47559282183647156,0.4889467656612396,1.1189258277053602,1.11892582770536,True,False,False,0.27301509999961127
mnist_mlp,real MNIST train split,2,reset_second_moment,A_fixed_clean,1.4100302457809448,736265.1638874852,736265.1638874852,425.6249694824219,425.6249694824219,1729.8448556315082,1729.8448556315082,False,False,False,0.2707307000000583
mnist_mlp,real MNIST train split,2,reset_second_moment,B_fixed_rewritten,1.4100302457809448,1.1308686567571698e+24,1.1308686567571698e+24,425.6249694824219,425.6249694824219,2.656960323855892e+21,2.656960323855892e+21,False,False,False,0.2707307000000583
mnist_mlp,real MNIST train split,2,reset_second_moment,C_fixed_max,1.4100302457809448,1.1308686567571698e+24,1.1308686567571698e+24,425.6249694824219,425.6249694824219,2.656960323855892e+21,2.656960323855892e+21,False,False,False,0.2707307000000583
mnist_mlp,real MNIST train split,2,reset_second_moment,D_stepwise_product,1.4100302457809448,851814.6967376346,851814.6967376346,425.6249694824219,425.6249694824219,2001.3268906038986,2001.3268906038986,False,False,False,0.5843706166666987
mnist_mlp,real MNIST train split,2,reset_second_moment,E_empirical_envelope,1.4100302457809448,6.121280543005945,6.121280543005945,425.6249694824219,425.6249694824219,0.014381864274668104,0.014381864274668104,False,False,False,0.2707307000000583
mnist_mlp,real MNIST train split,2,scheduler_mismatch,A_fixed_clean,0.03963430970907211,20695.557149098768,20695.557149098768,0.5853301286697388,0.5853301286697388,35357.067978258536,35357.067978258536,True,False,False,0.26347460000033607
mnist_mlp,real MNIST train split,2,scheduler_mismatch,B_fixed_rewritten,0.03963430970907211,160544.48503459405,160544.48503459405,0.5853301286697388,0.5853301286697388,274280.2346420445,274280.2346420445,True,False,False,0.26347460000033607
mnist_mlp,real MNIST train split,2,scheduler_mismatch,C_fixed_max,0.03963430970907211,160544.48503459405,160544.48503459405,0.5853301286697388,0.5853301286697388,274280.2346420445,274280.2346420445,True,False,False,0.26347460000033607
mnist_mlp,real MNIST train split,2,scheduler_mismatch,D_stepwise_product,0.03963430970907211,23943.52008140091,23943.52008140091,0.5853301286697388,0.5853301286697388,40906.009973921195,40906.009973921195,True,False,False,0.5771145166669764
mnist_mlp,real MNIST train split,2,scheduler_mismatch,E_empirical_envelope,0.03963430970907211,0.6055947851421163,0.6055947851421163,0.5853301286697388,0.5853301286697388,1.0346209010604535,1.0346209010604535,True,False,False,0.26347460000033607
mnist_mlp,real MNIST train split,2,ema_shadow_present_not_loaded,A_fixed_clean,0.0,0.0,0.0,0.0,0.0,0.0,0.0,True,False,True,0.26730830000087735
mnist_mlp,real MNIST train split,2,ema_shadow_present_not_loaded,B_fixed_rewritten,0.0,0.0,0.0,0.0,0.0,0.0,0.0,True,False,True,0.26730830000087735
mnist_mlp,real MNIST train split,2,ema_shadow_present_not_loaded,C_fixed_max,0.0,0.0,0.0,0.0,0.0,0.0,0.0,True,False,True,0.26730830000087735
mnist_mlp,real MNIST train split,2,ema_shadow_present_not_loaded,D_stepwise_product,0.0,0.0,0.0,0.0,0.0,0.0,0.0,True,False,True,0.5809482166675177
mnist_mlp,real MNIST train split,2,ema_shadow_present_not_loaded,E_empirical_envelope,0.0,0.0,0.0,0.0,0.0,0.0,0.0,True,False,False,0.26730830000087735
mnist_mlp,real MNIST train split,2,ema_loaded_as_parameters,A_fixed_clean,3.0655479431152344,1600714.7119688992,1600714.7119688992,1.7481528520584106,3.0655479431152344,915660.6129058416,522162.674233775,True,False,False,0.25890550000076473
mnist_mlp,real MNIST train split,2,ema_loaded_as_parameters,B_fixed_rewritten,3.0655479431152344,1899807.5686754617,1899807.5686754617,1.7481528520584106,3.0655479431152344,1086751.4053124595,619728.5457375238,True,False,False,0.25890550000076473
mnist_mlp,real MNIST train split,2,ema_loaded_as_parameters,C_fixed_max,3.0655479431152344,1899807.5686754617,1899807.5686754617,1.7481528520584106,3.0655479431152344,1086751.4053124595,619728.5457375238,True,False,False,0.25890550000076473
mnist_mlp,real MNIST train split,2,ema_loaded_as_parameters,D_stepwise_product,3.0655479431152344,1851931.0485096187,1851931.0485096187,1.7481528520584106,3.0655479431152344,1059364.4865373252,604110.9396670116,True,False,False,0.5725454166674051
mnist_mlp,real MNIST train split,2,ema_loaded_as_parameters,E_empirical_envelope,3.0655479431152344,1.7481528520584106,3.0655479431152344,1.7481528520584106,3.0655479431152344,1.0,1.0,True,False,False,0.25890550000076473
mnist_mlp,real MNIST train split,2,mild_lr_decrease,A_fixed_clean,0.03963432088494301,20695.5629847214,20695.5629847214,0.6261784434318542,0.6261784434318542,33050.58358651987,33050.58358651987,True,False,False,0.24781999999868276
mnist_mlp,real MNIST train split,2,mild_lr_decrease,B_fixed_rewritten,0.03963432088494301,649.4262826339674,649.4262826339674,0.6261784434318542,0.6261784434318542,1037.1265402793176,1037.1265402793176,False,False,False,0.24781999999868276
mnist_mlp,real MNIST train split,2,mild_lr_decrease,C_fixed_max,0.03963432088494301,20695.5629847214,20695.5629847214,0.6261784434318542,0.6261784434318542,33050.58358651987,33050.58358651987,True,False,False,0.24781999999868276
mnist_mlp,real MNIST train split,2,mild_lr_decrease,D_stepwise_product,0.03963432088494301,23943.526832866795,23943.526832866795,0.6261784434318542,0.6261784434318542,38237.545677301045,38237.545677301045,True,False,False,0.5614599166653231
mnist_mlp,real MNIST train split,2,mild_lr_decrease,E_empirical_envelope,0.03963432088494301,0.6478577400527616,0.6478577400527616,0.6261784434318542,0.6261784434318542,1.0346215952470212,1.0346215952470212,True,False,False,0.24781999999868276
mnist_mlp,real MNIST train split,2,severe_lr_increase,A_fixed_clean,0.713415801525116,372519.10276498663,372519.10276498663,8.080516815185547,8.080516815185547,46100.900633597994,46100.900633597994,True,False,False,0.26804160000028787
mnist_mlp,real MNIST train split,2,severe_lr_increase,B_fixed_rewritten,0.713415801525116,261429073994.30142,261429073994.30142,8.080516815185547,8.080516815185547,32353014042.740833,32353014042.740833,True,False,False,0.26804160000028787
mnist_mlp,real MNIST train split,2,severe_lr_increase,C_fixed_max,0.713415801525116,261429073994.30142,261429073994.30142,8.080516815185547,8.080516815185547,32353014042.740833,32353014042.740833,True,False,False,0.26804160000028787
mnist_mlp,real MNIST train split,2,severe_lr_increase,D_stepwise_product,0.713415801525116,430982.29023263213,430982.29023263213,8.080516815185547,8.080516815185547,53335.980864824895,53335.980864824895,True,False,False,0.5816815166669282
mnist_mlp,real MNIST train split,2,severe_lr_increase,E_empirical_envelope,0.713415801525116,8.360255776774613,8.360255776774613,8.080516815185547,8.080516815185547,1.0346189443060572,1.0346189443060572,True,False,False,0.26804160000028787
mnist_mlp,real MNIST train split,2,optimizer_state_from_older_checkpoint,A_fixed_clean,0.10884229093790054,56833.381705864726,56833.381705864726,0.6592082381248474,0.6592082381248474,86214.61083000158,86214.61083000158,True,False,False,0.26899279999997816
mnist_mlp,real MNIST train split,2,optimizer_state_from_older_checkpoint,B_fixed_rewritten,0.10884229093790054,264475.6386226754,264475.6386226754,0.6592082381248474,0.6592082381248474,401201.96218267886,401201.96218267886,True,False,False,0.26899279999997816
mnist_mlp,real MNIST train split,2,optimizer_state_from_older_checkpoint,C_fixed_max,0.10884229093790054,264475.6386226754,264475.6386226754,0.6592082381248474,0.6592082381248474,401201.96218267886,401201.96218267886,True,False,False,0.26899279999997816
mnist_mlp,real MNIST train split,2,optimizer_state_from_older_checkpoint,D_stepwise_product,0.10884229093790054,65752.8186540054,65752.8186540054,0.6592082381248474,0.6592082381248474,99745.14099071753,99745.14099071753,True,False,False,0.5826327166666185
mnist_mlp,real MNIST train split,2,optimizer_state_from_older_checkpoint,E_empirical_envelope,0.10884229093790054,0.7460388940117018,0.7460388940117018,0.6592082381248474,0.6592082381248474,1.1317196158437715,1.1317196158437715,True,False,False,0.26899279999997816
mnist_mlp,real MNIST train split,2,params_current_optimizer_older,A_fixed_clean,0.14284905791282654,74590.4460915369,74590.4460915369,0.916850745677948,0.916850745677948,81355.0585448697,81355.0585448697,True,False,False,0.2742926000009902
mnist_mlp,real MNIST train split,2,params_current_optimizer_older,B_fixed_rewritten,0.14284905791282654,1464369.3306168434,1464369.3306168434,0.916850745677948,0.916850745677948,1597173.0813547445,1597173.0813547445,True,False,False,0.2742926000009902
mnist_mlp,real MNIST train split,2,params_current_optimizer_older,C_fixed_max,0.14284905791282654,1464369.3306168434,1464369.3306168434,0.916850745677948,0.916850745677948,1597173.0813547445,1597173.0813547445,True,False,False,0.2742926000009902
mnist_mlp,real MNIST train split,2,params_current_optimizer_older,D_stepwise_product,0.14284905791282654,86296.678606265,86296.678606265,0.916850745677948,0.916850745677948,94122.93005493992,94122.93005493992,True,False,False,0.5879325166676306
mnist_mlp,real MNIST train split,2,params_current_optimizer_older,E_empirical_envelope,0.14284905791282654,1.0258941601526488,1.0258941601526488,0.916850745677948,0.916850745677948,1.118932568892738,1.118932568892738,True,False,False,0.2742926000009902
resnet18,real CIFAR-10 train split (first 256 images),0,exact_restore,A_fixed_clean,0.0,0.0,0.0,0.0,0.0,0.0,0.0,True,False,True,26.537052499999845
resnet18,real CIFAR-10 train split (first 256 images),0,exact_restore,B_fixed_rewritten,0.0,0.0,0.0,0.0,0.0,0.0,0.0,True,False,True,26.537052499999845
resnet18,real CIFAR-10 train split (first 256 images),0,exact_restore,C_fixed_max,0.0,0.0,0.0,0.0,0.0,0.0,0.0,True,False,True,26.537052499999845
resnet18,real CIFAR-10 train split (first 256 images),0,exact_restore,D_stepwise_product,0.0,0.0,0.0,0.0,0.0,0.0,0.0,True,False,True,29.734624108333264
resnet18,real CIFAR-10 train split (first 256 images),0,exact_restore,E_empirical_envelope,0.0,0.0,0.0,0.0,0.0,0.0,0.0,True,False,False,26.537052499999845
resnet18,real CIFAR-10 train split (first 256 images),0,noop_restore,A_fixed_clean,0.0,0.0,0.0,0.0,0.0,0.0,0.0,True,False,True,25.041264400000728
resnet18,real CIFAR-10 train split (first 256 images),0,noop_restore,B_fixed_rewritten,0.0,0.0,0.0,0.0,0.0,0.0,0.0,True,False,True,25.041264400000728
resnet18,real CIFAR-10 train split (first 256 images),0,noop_restore,C_fixed_max,0.0,0.0,0.0,0.0,0.0,0.0,0.0,True,False,True,25.041264400000728
resnet18,real CIFAR-10 train split (first 256 images),0,noop_restore,D_stepwise_product,0.0,0.0,0.0,0.0,0.0,0.0,0.0,True,False,True,28.238836008334147
resnet18,real CIFAR-10 train split (first 256 images),0,noop_restore,E_empirical_envelope,0.0,0.0,0.0,0.0,0.0,0.0,0.0,True,False,False,25.041264400000728
resnet18,real CIFAR-10 train split (first 256 images),0,stale_adam_moments,A_fixed_clean,0.6479805111885071,138.72050487105628,138.72050487105628,3.6227738857269287,3.6227738857269287,38.29124015097654,38.29124015097654,True,False,False,26.095546299999114
resnet18,real CIFAR-10 train split (first 256 images),0,stale_adam_moments,B_fixed_rewritten,0.6479805111885071,255.7746217917932,255.7746217917932,3.6227738857269287,3.6227738857269287,70.60187300109973,70.60187300109973,True,False,False,26.095546299999114
resnet18,real CIFAR-10 train split (first 256 images),0,stale_adam_moments,C_fixed_max,0.6479805111885071,255.7746217917932,255.7746217917932,3.6227738857269287,3.6227738857269287,70.60187300109973,70.60187300109973,True,False,False,26.095546299999114
resnet18,real CIFAR-10 train split (first 256 images),0,stale_adam_moments,D_stepwise_product,0.6479805111885071,54.05121641838971,54.05121641838971,3.6227738857269287,3.6227738857269287,14.91984267396364,14.91984267396364,True,False,False,29.293117908332533
resnet18,real CIFAR-10 train split (first 256 images),0,stale_adam_moments,E_empirical_envelope,0.6479805111885071,4.3186948336878626,4.3186948336878626,3.6227738857269287,3.6227738857269287,1.192096158886078,1.192096158886078,True,False,False,26.095546299999114
resnet18,real CIFAR-10 train split (first 256 images),0,reset_first_moment,A_fixed_clean,0.8138085007667542,174.22117509006316,174.22117509006316,4.256757736206055,4.256757736206055,40.9281396515044,40.9281396515044,True,False,False,26.403104700000767
resnet18,real CIFAR-10 train split (first 256 images),0,reset_first_moment,B_fixed_rewritten,0.8138085007667542,165.6617847202628,165.6617847202628,4.256757736206055,4.256757736206055,38.917362693962744,38.917362693962744,True,False,False,26.403104700000767
resnet18,real CIFAR-10 train split (first 256 images),0,reset_first_moment,C_fixed_max,0.8138085007667542,174.22117509006316,174.22117509006316,4.256757736206055,4.256757736206055,40.9281396515044,40.9281396515044,True,False,False,26.403104700000767
resnet18,real CIFAR-10 train split (first 256 images),0,reset_first_moment,D_stepwise_product,0.8138085007667542,67.88373822754141,67.88373822754141,4.256757736206055,4.256757736206055,15.947287215843424,15.947287215843424,True,False,False,29.600676308334187
resnet18,real CIFAR-10 train split (first 256 images),0,reset_first_moment,E_empirical_envelope,0.8138085007667542,5.0011178288951745,5.0011178288951745,4.256757736206055,4.256757736206055,1.174865505348808,1.174865505348808,True,False,False,26.403104700000767
resnet18,real CIFAR-10 train split (first 256 images),0,reset_second_moment,A_fixed_clean,9.744369506835938,2086.087211417944,2086.087211417944,78175.0859375,78175.0859375,0.026684808675307946,0.026684808675307946,False,False,False,24.186688400001003
resnet18,real CIFAR-10 train split (first 256 images),0,reset_second_moment,B_fixed_rewritten,9.744369506835938,8.704764471978808e+21,8.704764471978808e+21,78175.0859375,78175.0859375,1.1134959901340125e+17,1.1134959901340125e+17,False,False,False,24.186688400001003
resnet18,real CIFAR-10 train split (first 256 images),0,reset_second_moment,C_fixed_max,9.744369506835938,8.704764471978808e+21,8.704764471978808e+21,78175.0859375,78175.0859375,1.1134959901340125e+17,1.1134959901340125e+17,False,False,False,24.186688400001003
resnet18,real CIFAR-10 train split (first 256 images),0,reset_second_moment,D_stepwise_product,9.744369506835938,812.8254106110348,812.8254106110348,78175.0859375,78175.0859375,0.010397499418943761,0.010397499418943761,False,False,False,27.384260008334422
resnet18,real CIFAR-10 train split (first 256 images),0,reset_second_moment,E_empirical_envelope,9.744369506835938,21.7803290545551,21.7803290545551,78175.0859375,78175.0859375,0.00027860959528676696,0.00027860959528676696,False,False,False,24.186688400001003
resnet18,real CIFAR-10 train split (first 256 images),0,scheduler_mismatch,A_fixed_clean,0.4069042205810547,87.1105811649119,87.1105811649119,3.330169677734375,3.330169677734375,26.158000821200236,26.158000821200236,True,False,False,30.38692549999905
resnet18,real CIFAR-10 train split (first 256 images),0,scheduler_mismatch,B_fixed_rewritten,0.4069042205810547,394.8615741523272,394.8615741523272,3.330169677734375,3.330169677734375,118.57100759531407,118.57100759531407,True,False,False,30.38692549999905
resnet18,real CIFAR-10 train split (first 256 images),0,scheduler_mismatch,C_fixed_max,0.4069042205810547,394.8615741523272,394.8615741523272,3.330169677734375,3.330169677734375,118.57100759531407,118.57100759531407,True,False,False,30.38692549999905
resnet18,real CIFAR-10 train split (first 256 images),0,scheduler_mismatch,D_stepwise_product,0.4069042205810547,33.941866627813575,33.941866627813575,3.330169677734375,3.330169677734375,10.192233403225673,10.192233403225673,True,False,False,33.58449710833247
resnet18,real CIFAR-10 train split (first 256 images),0,scheduler_mismatch,E_empirical_envelope,0.4069042205810547,3.487260957641601,3.487260957641601,3.330169677734375,3.330169677734375,1.0471721549077646,1.0471721549077646,True,False,False,30.38692549999905
resnet18,real CIFAR-10 train split (first 256 images),0,ema_shadow_present_not_loaded,A_fixed_clean,0.0,0.0,0.0,0.0,0.0,0.0,0.0,True,False,True,29.474570700000186
resnet18,real CIFAR-10 train split (first 256 images),0,ema_shadow_present_not_loaded,B_fixed_rewritten,0.0,0.0,0.0,0.0,0.0,0.0,0.0,True,False,True,29.474570700000186
resnet18,real CIFAR-10 train split (first 256 images),0,ema_shadow_present_not_loaded,C_fixed_max,0.0,0.0,0.0,0.0,0.0,0.0,0.0,True,False,True,29.474570700000186
resnet18,real CIFAR-10 train split (first 256 images),0,ema_shadow_present_not_loaded,D_stepwise_product,0.0,0.0,0.0,0.0,0.0,0.0,0.0,True,False,True,32.672142308333605
resnet18,real CIFAR-10 train split (first 256 images),0,ema_shadow_present_not_loaded,E_empirical_envelope,0.0,0.0,0.0,0.0,0.0,0.0,0.0,True,False,False,29.474570700000186
resnet18,real CIFAR-10 train split (first 256 images),0,ema_loaded_as_parameters,A_fixed_clean,5.734920024871826,1227.7390870694146,1227.7390870694146,7.420444011688232,7.420444011688232,165.45358810544957,165.45358810544957,True,False,False,34.801812300000165
resnet18,real CIFAR-10 train split (first 256 images),0,ema_loaded_as_parameters,B_fixed_rewritten,5.734920024871826,2127.582966106238,2127.582966106238,7.420444011688232,7.420444011688232,286.71909157390024,286.71909157390024,True,False,False,34.801812300000165
resnet18,real CIFAR-10 train split (first 256 images),0,ema_loaded_as_parameters,C_fixed_max,5.734920024871826,2127.582966106238,2127.582966106238,7.420444011688232,7.420444011688232,286.71909157390024,286.71909157390024,True,False,False,34.801812300000165
resnet18,real CIFAR-10 train split (first 256 images),0,ema_loaded_as_parameters,D_stepwise_product,5.734920024871826,478.3776642262722,478.3776642262722,7.420444011688232,7.420444011688232,64.46752559183261,64.46752559183261,True,False,False,37.999383908333584
resnet18,real CIFAR-10 train split (first 256 images),0,ema_loaded_as_parameters,E_empirical_envelope,5.734920024871826,7.42044401168823,7.42044401168823,7.420444011688232,7.420444011688232,0.9999999999999997,0.9999999999999997,True,False,False,34.801812300000165
resnet18,real CIFAR-10 train split (first 256 images),0,mild_lr_decrease,A_fixed_clean,0.4069042503833771,87.11058754503158,87.11058754503158,2.7194297313690186,2.7194297313690186,32.03266719496306,32.03266719496306,True,False,False,29.91346700000031
resnet18,real CIFAR-10 train split (first 256 images),0,mild_lr_decrease,B_fixed_rewritten,0.4069042503833771,8.9995632875465,8.9995632875465,2.7194297313690186,2.7194297313690186,3.3093568051180826,3.3093568051180826,True,False,True,29.91346700000031
resnet18,real CIFAR-10 train split (first 256 images),0,mild_lr_decrease,C_fixed_max,0.4069042503833771,87.11058754503158,87.11058754503158,2.7194297313690186,2.7194297313690186,32.03266719496306,32.03266719496306,True,False,False,29.91346700000031
resnet18,real CIFAR-10 train split (first 256 images),0,mild_lr_decrease,D_stepwise_product,0.4069042503833771,33.94186911377071,33.94186911377071,2.7194297313690186,2.7194297313690186,12.481245138363494,12.481245138363494,True,False,False,33.11103860833373
resnet18,real CIFAR-10 train split (first 256 images),0,mild_lr_decrease,E_empirical_envelope,0.4069042503833771,2.84771086366953,2.84771086366953,2.7194297313690186,2.7194297313690186,1.0471720709753114,1.0471720709753114,True,False,False,29.91346700000031
resnet18,real CIFAR-10 train split (first 256 images),0,severe_lr_increase,A_fixed_clean,7.324344158172607,1568.0050586822288,1568.0050586822288,41.42074203491211,41.42074203491211,37.855552113494525,37.855552113494525,True,False,False,28.934357299998737
resnet18,real CIFAR-10 train split (first 256 images),0,severe_lr_increase,B_fixed_rewritten,7.324344158172607,12473523.913130408,12473523.913130408,41.42074203491211,41.42074203491211,301141.97139725083,301141.97139725083,True,False,False,28.934357299998737
resnet18,real CIFAR-10 train split (first 256 images),0,severe_lr_increase,C_fixed_max,7.324344158172607,12473523.913130408,12473523.913130408,41.42074203491211,41.42074203491211,301141.97139725083,301141.97139725083,True,False,False,28.934357299998737
resnet18,real CIFAR-10 train split (first 256 images),0,severe_lr_increase,D_stepwise_product,7.324344158172607,610.9592871705764,610.9592871705764,41.42074203491211,41.42074203491211,14.750080687970776,14.750080687970776,True,False,False,32.131928908332156
resnet18,real CIFAR-10 train split (first 256 images),0,severe_lr_increase,E_empirical_envelope,7.324344158172607,43.375012693198,43.375012693198,41.42074203491211,41.42074203491211,1.0471809668846277,1.0471809668846277,True,False,False,28.934357299998737
resnet18,real CIFAR-10 train split (first 256 images),0,optimizer_state_from_older_checkpoint,A_fixed_clean,1.146950364112854,245.54061553479465,245.54061553479465,5.094803333282471,5.094803333282471,48.19432654657509,48.19432654657509,True,False,False,25.415171399999963
resnet18,real CIFAR-10 train split (first 256 images),0,optimizer_state_from_older_checkpoint,B_fixed_rewritten,1.146950364112854,2316.6264702926514,2316.6264702926514,5.094803333282471,5.094803333282471,454.70380675128035,454.70380675128035,True,False,False,25.415171399999963
resnet18,real CIFAR-10 train split (first 256 images),0,optimizer_state_from_older_checkpoint,C_fixed_max,1.146950364112854,2316.6264702926514,2316.6264702926514,5.094803333282471,5.094803333282471,454.70380675128035,454.70380675128035,True,False,False,25.415171399999963
resnet18,real CIFAR-10 train split (first 256 images),0,optimizer_state_from_older_checkpoint,D_stepwise_product,1.146950364112854,95.67272669683696,95.67272669683696,5.094803333282471,5.094803333282471,18.778492600851212,18.778492600851212,True,False,False,28.612743008333382
resnet18,real CIFAR-10 train split (first 256 images),0,optimizer_state_from_older_checkpoint,E_empirical_envelope,1.146950364112854,6.061664259992014,6.061664259992014,5.094803333282471,5.094803333282471,1.1897739448338265,1.1897739448338265,True,False,False,25.415171399999963
resnet18,real CIFAR-10 train split (first 256 images),0,params_current_optimizer_older,A_fixed_clean,0.9631484150886536,206.1920568595419,206.1920568595419,4.748203754425049,4.748203754425049,43.42527564605519,43.42527564605519,True,False,False,24.342422700001407
resnet18,real CIFAR-10 train split (first 256 images),0,params_current_optimizer_older,B_fixed_rewritten,0.9631484150886536,920.0726030709707,920.0726030709707,4.748203754425049,4.748203754425049,193.77277190632705,193.77277190632705,True,False,False,24.342422700001407
resnet18,real CIFAR-10 train split (first 256 images),0,params_current_optimizer_older,C_fixed_max,0.9631484150886536,920.0726030709707,920.0726030709707,4.748203754425049,4.748203754425049,193.77277190632705,193.77277190632705,True,False,False,24.342422700001407
resnet18,real CIFAR-10 train split (first 256 images),0,params_current_optimizer_older,D_stepwise_product,0.9631484150886536,80.34090922194576,80.34090922194576,4.748203754425049,4.748203754425049,16.92027414515915,16.92027414515915,True,False,False,27.539994308334826
resnet18,real CIFAR-10 train split (first 256 images),0,params_current_optimizer_older,E_empirical_envelope,0.9631484150886536,5.74493821523381,5.74493821523381,4.748203754425049,4.748203754425049,1.209918215889506,1.209918215889506,True,False,False,24.342422700001407
