model,dataset,epsilon,margin,sensitivity,specificity,false_positive_rate,false_negative_rate,coverage_rate,abstention_rate,num_cases,notes
mnist_mlp,real MNIST train split,0.001,1.0,1.0,0.5294117647058824,0.47058823529411764,0.0,1.0,0.0,36,tp=19 tn=9 fp=8 fn=0 abst=0
mnist_mlp,real MNIST train split,0.001,1.05,1.0,0.5294117647058824,0.47058823529411764,0.0,1.0,0.0,36,tp=19 tn=9 fp=8 fn=0 abst=0
mnist_mlp,real MNIST train split,0.001,1.1,1.0,0.5294117647058824,0.47058823529411764,0.0,1.0,0.0,36,tp=19 tn=9 fp=8 fn=0 abst=0
mnist_mlp,real MNIST train split,0.001,1.25,1.0,0.5294117647058824,0.47058823529411764,0.0,1.0,0.0,36,tp=19 tn=9 fp=8 fn=0 abst=0
mnist_mlp,real MNIST train split,0.001,1.5,1.0,0.5294117647058824,0.47058823529411764,0.0,1.0,0.0,36,tp=19 tn=9 fp=8 fn=0 abst=0
mnist_mlp,real MNIST train split,0.001,2.0,1.0,0.5294117647058824,0.47058823529411764,0.0,0.9166666666666666,0.08333333333333333,36,tp=16 tn=9 fp=8 fn=0 abst=3
mnist_mlp,real MNIST train split,0.005,1.0,1.0,0.5294117647058824,0.47058823529411764,0.0,1.0,0.0,36,tp=19 tn=9 fp=8 fn=0 abst=0
mnist_mlp,real MNIST train split,0.005,1.05,1.0,0.5294117647058824,0.47058823529411764,0.0,1.0,0.0,36,tp=19 tn=9 fp=8 fn=0 abst=0
mnist_mlp,real MNIST train split,0.005,1.1,1.0,0.5294117647058824,0.47058823529411764,0.0,1.0,0.0,36,tp=19 tn=9 fp=8 fn=0 abst=0
mnist_mlp,real MNIST train split,0.005,1.25,1.0,0.5294117647058824,0.47058823529411764,0.0,1.0,0.0,36,tp=19 tn=9 fp=8 fn=0 abst=0
mnist_mlp,real MNIST train split,0.005,1.5,1.0,0.5294117647058824,0.47058823529411764,0.0,1.0,0.0,36,tp=19 tn=9 fp=8 fn=0 abst=0
mnist_mlp,real MNIST train split,0.005,2.0,1.0,0.5294117647058824,0.47058823529411764,0.0,0.9166666666666666,0.08333333333333333,36,tp=16 tn=9 fp=8 fn=0 abst=3
mnist_mlp,real MNIST train split,0.01,1.0,1.0,0.5294117647058824,0.47058823529411764,0.0,1.0,0.0,36,tp=19 tn=9 fp=8 fn=0 abst=0
mnist_mlp,real MNIST train split,0.01,1.05,1.0,0.5294117647058824,0.47058823529411764,0.0,1.0,0.0,36,tp=19 tn=9 fp=8 fn=0 abst=0
mnist_mlp,real MNIST train split,0.01,1.1,1.0,0.5294117647058824,0.47058823529411764,0.0,1.0,0.0,36,tp=19 tn=9 fp=8 fn=0 abst=0
mnist_mlp,real MNIST train split,0.01,1.25,1.0,0.5294117647058824,0.47058823529411764,0.0,1.0,0.0,36,tp=19 tn=9 fp=8 fn=0 abst=0
mnist_mlp,real MNIST train split,0.01,1.5,1.0,0.5294117647058824,0.47058823529411764,0.0,1.0,0.0,36,tp=19 tn=9 fp=8 fn=0 abst=0
mnist_mlp,real MNIST train split,0.01,2.0,1.0,0.5294117647058824,0.47058823529411764,0.0,0.9166666666666666,0.08333333333333333,36,tp=16 tn=9 fp=8 fn=0 abst=3
mnist_mlp,real MNIST train split,0.05,1.0,1.0,0.5294117647058824,0.47058823529411764,0.0,1.0,0.0,36,tp=19 tn=9 fp=8 fn=0 abst=0
mnist_mlp,real MNIST train split,0.05,1.05,1.0,0.5294117647058824,0.47058823529411764,0.0,1.0,0.0,36,tp=19 tn=9 fp=8 fn=0 abst=0
mnist_mlp,real MNIST train split,0.05,1.1,1.0,0.5294117647058824,0.47058823529411764,0.0,1.0,0.0,36,tp=19 tn=9 fp=8 fn=0 abst=0
mnist_mlp,real MNIST train split,0.05,1.25,1.0,0.5294117647058824,0.47058823529411764,0.0,1.0,0.0,36,tp=19 tn=9 fp=8 fn=0 abst=0
mnist_mlp,real MNIST train split,0.05,1.5,1.0,0.5294117647058824,0.47058823529411764,0.0,1.0,0.0,36,tp=19 tn=9 fp=8 fn=0 abst=0
mnist_mlp,real MNIST train split,0.05,2.0,1.0,0.5294117647058824,0.47058823529411764,0.0,0.9166666666666666,0.08333333333333333,36,tp=16 tn=9 fp=8 fn=0 abst=3
mnist_mlp,real MNIST train split,0.1,1.0,1.0,0.5294117647058824,0.47058823529411764,0.0,1.0,0.0,36,tp=19 tn=9 fp=8 fn=0 abst=0
mnist_mlp,real MNIST train split,0.1,1.05,1.0,0.5294117647058824,0.47058823529411764,0.0,1.0,0.0,36,tp=19 tn=9 fp=8 fn=0 abst=0
mnist_mlp,real MNIST train split,0.1,1.1,1.0,0.5294117647058824,0.47058823529411764,0.0,1.0,0.0,36,tp=19 tn=9 fp=8 fn=0 abst=0
mnist_mlp,real MNIST train split,0.1,1.25,1.0,0.5294117647058824,0.47058823529411764,0.0,1.0,0.0,36,tp=19 tn=9 fp=8 fn=0 abst=0
mnist_mlp,real MNIST train split,0.1,1.5,1.0,0.5294117647058824,0.47058823529411764,0.0,1.0,0.0,36,tp=19 tn=9 fp=8 fn=0 abst=0
mnist_mlp,real MNIST train split,0.1,2.0,1.0,0.5294117647058824,0.47058823529411764,0.0,0.9166666666666666,0.08333333333333333,36,tp=16 tn=9 fp=8 fn=0 abst=3
mnist_mlp,real MNIST train split,0.5,1.0,1.0,0.5294117647058824,0.47058823529411764,0.0,1.0,0.0,36,tp=19 tn=9 fp=8 fn=0 abst=0
mnist_mlp,real MNIST train split,0.5,1.05,1.0,0.5294117647058824,0.47058823529411764,0.0,1.0,0.0,36,tp=19 tn=9 fp=8 fn=0 abst=0
mnist_mlp,real MNIST train split,0.5,1.1,1.0,0.5294117647058824,0.47058823529411764,0.0,1.0,0.0,36,tp=19 tn=9 fp=8 fn=0 abst=0
mnist_mlp,real MNIST train split,0.5,1.25,1.0,0.5294117647058824,0.47058823529411764,0.0,1.0,0.0,36,tp=19 tn=9 fp=8 fn=0 abst=0
mnist_mlp,real MNIST train split,0.5,1.5,1.0,0.5294117647058824,0.47058823529411764,0.0,1.0,0.0,36,tp=19 tn=9 fp=8 fn=0 abst=0
mnist_mlp,real MNIST train split,0.5,2.0,1.0,0.5294117647058824,0.47058823529411764,0.0,0.9166666666666666,0.08333333333333333,36,tp=16 tn=9 fp=8 fn=0 abst=3
mnist_mlp,real MNIST train split,1.0,1.0,1.0,0.5294117647058824,0.47058823529411764,0.0,1.0,0.0,36,tp=19 tn=9 fp=8 fn=0 abst=0
mnist_mlp,real MNIST train split,1.0,1.05,1.0,0.5294117647058824,0.47058823529411764,0.0,1.0,0.0,36,tp=19 tn=9 fp=8 fn=0 abst=0
mnist_mlp,real MNIST train split,1.0,1.1,1.0,0.5294117647058824,0.47058823529411764,0.0,1.0,0.0,36,tp=19 tn=9 fp=8 fn=0 abst=0
mnist_mlp,real MNIST train split,1.0,1.25,1.0,0.5294117647058824,0.47058823529411764,0.0,1.0,0.0,36,tp=19 tn=9 fp=8 fn=0 abst=0
mnist_mlp,real MNIST train split,1.0,1.5,1.0,0.5294117647058824,0.47058823529411764,0.0,1.0,0.0,36,tp=19 tn=9 fp=8 fn=0 abst=0
mnist_mlp,real MNIST train split,1.0,2.0,1.0,0.5294117647058824,0.47058823529411764,0.0,0.9166666666666666,0.08333333333333333,36,tp=16 tn=9 fp=8 fn=0 abst=3
quadratic,"synthetic_quadratic(n=20,kappa=30)",0.001,1.0,0.75,1.0,0.0,0.25,0.5833333333333334,0.4166666666666667,36,tp=9 tn=9 fp=0 fn=3 abst=15
quadratic,"synthetic_quadratic(n=20,kappa=30)",0.001,1.05,1.0,1.0,0.0,0.0,0.6944444444444444,0.3055555555555556,36,tp=16 tn=9 fp=0 fn=0 abst=11
quadratic,"synthetic_quadratic(n=20,kappa=30)",0.001,1.1,1.0,1.0,0.0,0.0,0.9444444444444444,0.05555555555555555,36,tp=25 tn=9 fp=0 fn=0 abst=2
quadratic,"synthetic_quadratic(n=20,kappa=30)",0.001,1.25,1.0,1.0,0.0,0.0,1.0,0.0,36,tp=27 tn=9 fp=0 fn=0 abst=0
quadratic,"synthetic_quadratic(n=20,kappa=30)",0.001,1.5,1.0,1.0,0.0,0.0,1.0,0.0,36,tp=27 tn=9 fp=0 fn=0 abst=0
quadratic,"synthetic_quadratic(n=20,kappa=30)",0.001,2.0,1.0,1.0,0.0,0.0,1.0,0.0,36,tp=27 tn=9 fp=0 fn=0 abst=0
quadratic,"synthetic_quadratic(n=20,kappa=30)",0.005,1.0,0.47368421052631576,1.0,0.0,0.5263157894736842,0.7777777777777778,0.2222222222222222,36,tp=9 tn=9 fp=0 fn=10 abst=8
quadratic,"synthetic_quadratic(n=20,kappa=30)",0.005,1.05,0.9411764705882353,1.0,0.0,0.058823529411764705,0.7222222222222222,0.2777777777777778,36,tp=16 tn=9 fp=0 fn=1 abst=10
quadratic,"synthetic_quadratic(n=20,kappa=30)",0.005,1.1,1.0,1.0,0.0,0.0,0.9444444444444444,0.05555555555555555,36,tp=25 tn=9 fp=0 fn=0 abst=2
quadratic,"synthetic_quadratic(n=20,kappa=30)",0.005,1.25,1.0,1.0,0.0,0.0,1.0,0.0,36,tp=27 tn=9 fp=0 fn=0 abst=0
quadratic,"synthetic_quadratic(n=20,kappa=30)",0.005,1.5,1.0,1.0,0.0,0.0,1.0,0.0,36,tp=27 tn=9 fp=0 fn=0 abst=0
quadratic,"synthetic_quadratic(n=20,kappa=30)",0.005,2.0,1.0,1.0,0.0,0.0,1.0,0.0,36,tp=27 tn=9 fp=0 fn=0 abst=0
quadratic,"synthetic_quadratic(n=20,kappa=30)",0.01,1.0,0.375,1.0,0.0,0.625,0.9166666666666666,0.08333333333333333,36,tp=9 tn=9 fp=0 fn=15 abst=3
quadratic,"synthetic_quadratic(n=20,kappa=30)",0.01,1.05,0.7619047619047619,1.0,0.0,0.23809523809523808,0.8333333333333334,0.16666666666666666,36,tp=16 tn=9 fp=0 fn=5 abst=6
quadratic,"synthetic_quadratic(n=20,kappa=30)",0.01,1.1,1.0,1.0,0.0,0.0,0.9444444444444444,0.05555555555555555,36,tp=25 tn=9 fp=0 fn=0 abst=2
quadratic,"synthetic_quadratic(n=20,kappa=30)",0.01,1.25,1.0,1.0,0.0,0.0,1.0,0.0,36,tp=27 tn=9 fp=0 fn=0 abst=0
quadratic,"synthetic_quadratic(n=20,kappa=30)",0.01,1.5,1.0,1.0,0.0,0.0,1.0,0.0,36,tp=27 tn=9 fp=0 fn=0 abst=0
quadratic,"synthetic_quadratic(n=20,kappa=30)",0.01,2.0,1.0,1.0,0.0,0.0,1.0,0.0,36,tp=27 tn=9 fp=0 fn=0 abst=0
quadratic,"synthetic_quadratic(n=20,kappa=30)",0.05,1.0,0.3333333333333333,1.0,0.0,0.6666666666666666,1.0,0.0,36,tp=9 tn=9 fp=0 fn=18 abst=0
quadratic,"synthetic_quadratic(n=20,kappa=30)",0.05,1.05,0.6666666666666666,1.0,0.0,0.3333333333333333,0.9166666666666666,0.08333333333333333,36,tp=16 tn=9 fp=0 fn=8 abst=3
quadratic,"synthetic_quadratic(n=20,kappa=30)",0.05,1.1,1.0,1.0,0.0,0.0,0.9444444444444444,0.05555555555555555,36,tp=25 tn=9 fp=0 fn=0 abst=2
quadratic,"synthetic_quadratic(n=20,kappa=30)",0.05,1.25,1.0,1.0,0.0,0.0,1.0,0.0,36,tp=27 tn=9 fp=0 fn=0 abst=0
quadratic,"synthetic_quadratic(n=20,kappa=30)",0.05,1.5,1.0,1.0,0.0,0.0,1.0,0.0,36,tp=27 tn=9 fp=0 fn=0 abst=0
quadratic,"synthetic_quadratic(n=20,kappa=30)",0.05,2.0,1.0,1.0,0.0,0.0,1.0,0.0,36,tp=27 tn=9 fp=0 fn=0 abst=0
quadratic,"synthetic_quadratic(n=20,kappa=30)",0.1,1.0,0.3333333333333333,1.0,0.0,0.6666666666666666,1.0,0.0,36,tp=9 tn=9 fp=0 fn=18 abst=0
quadratic,"synthetic_quadratic(n=20,kappa=30)",0.1,1.05,0.64,1.0,0.0,0.36,0.9444444444444444,0.05555555555555555,36,tp=16 tn=9 fp=0 fn=9 abst=2
quadratic,"synthetic_quadratic(n=20,kappa=30)",0.1,1.1,1.0,1.0,0.0,0.0,0.9444444444444444,0.05555555555555555,36,tp=25 tn=9 fp=0 fn=0 abst=2
quadratic,"synthetic_quadratic(n=20,kappa=30)",0.1,1.25,1.0,1.0,0.0,0.0,1.0,0.0,36,tp=27 tn=9 fp=0 fn=0 abst=0
quadratic,"synthetic_quadratic(n=20,kappa=30)",0.1,1.5,1.0,1.0,0.0,0.0,1.0,0.0,36,tp=27 tn=9 fp=0 fn=0 abst=0
quadratic,"synthetic_quadratic(n=20,kappa=30)",0.1,2.0,1.0,1.0,0.0,0.0,1.0,0.0,36,tp=27 tn=9 fp=0 fn=0 abst=0
quadratic,"synthetic_quadratic(n=20,kappa=30)",0.5,1.0,0.3333333333333333,1.0,0.0,0.6666666666666666,1.0,0.0,36,tp=9 tn=9 fp=0 fn=18 abst=0
quadratic,"synthetic_quadratic(n=20,kappa=30)",0.5,1.05,0.64,1.0,0.0,0.36,0.9444444444444444,0.05555555555555555,36,tp=16 tn=9 fp=0 fn=9 abst=2
quadratic,"synthetic_quadratic(n=20,kappa=30)",0.5,1.1,1.0,1.0,0.0,0.0,0.9444444444444444,0.05555555555555555,36,tp=25 tn=9 fp=0 fn=0 abst=2
quadratic,"synthetic_quadratic(n=20,kappa=30)",0.5,1.25,1.0,1.0,0.0,0.0,1.0,0.0,36,tp=27 tn=9 fp=0 fn=0 abst=0
quadratic,"synthetic_quadratic(n=20,kappa=30)",0.5,1.5,1.0,1.0,0.0,0.0,1.0,0.0,36,tp=27 tn=9 fp=0 fn=0 abst=0
quadratic,"synthetic_quadratic(n=20,kappa=30)",0.5,2.0,1.0,1.0,0.0,0.0,1.0,0.0,36,tp=27 tn=9 fp=0 fn=0 abst=0
quadratic,"synthetic_quadratic(n=20,kappa=30)",1.0,1.0,0.3333333333333333,1.0,0.0,0.6666666666666666,1.0,0.0,36,tp=9 tn=9 fp=0 fn=18 abst=0
quadratic,"synthetic_quadratic(n=20,kappa=30)",1.0,1.05,0.64,1.0,0.0,0.36,0.9444444444444444,0.05555555555555555,36,tp=16 tn=9 fp=0 fn=9 abst=2
quadratic,"synthetic_quadratic(n=20,kappa=30)",1.0,1.1,1.0,1.0,0.0,0.0,0.9444444444444444,0.05555555555555555,36,tp=25 tn=9 fp=0 fn=0 abst=2
quadratic,"synthetic_quadratic(n=20,kappa=30)",1.0,1.25,1.0,1.0,0.0,0.0,1.0,0.0,36,tp=27 tn=9 fp=0 fn=0 abst=0
quadratic,"synthetic_quadratic(n=20,kappa=30)",1.0,1.5,1.0,1.0,0.0,0.0,1.0,0.0,36,tp=27 tn=9 fp=0 fn=0 abst=0
quadratic,"synthetic_quadratic(n=20,kappa=30)",1.0,2.0,1.0,1.0,0.0,0.0,1.0,0.0,36,tp=27 tn=9 fp=0 fn=0 abst=0
resnet18,real CIFAR-10 train split (first 256 images),0.001,1.0,1.0,1.0,0.0,0.0,1.0,0.0,12,tp=9 tn=3 fp=0 fn=0 abst=0
resnet18,real CIFAR-10 train split (first 256 images),0.001,1.05,1.0,1.0,0.0,0.0,1.0,0.0,12,tp=9 tn=3 fp=0 fn=0 abst=0
resnet18,real CIFAR-10 train split (first 256 images),0.001,1.1,1.0,1.0,0.0,0.0,1.0,0.0,12,tp=9 tn=3 fp=0 fn=0 abst=0
resnet18,real CIFAR-10 train split (first 256 images),0.001,1.25,1.0,1.0,0.0,0.0,1.0,0.0,12,tp=9 tn=3 fp=0 fn=0 abst=0
resnet18,real CIFAR-10 train split (first 256 images),0.001,1.5,1.0,1.0,0.0,0.0,1.0,0.0,12,tp=9 tn=3 fp=0 fn=0 abst=0
resnet18,real CIFAR-10 train split (first 256 images),0.001,2.0,1.0,1.0,0.0,0.0,1.0,0.0,12,tp=9 tn=3 fp=0 fn=0 abst=0
resnet18,real CIFAR-10 train split (first 256 images),0.005,1.0,1.0,1.0,0.0,0.0,1.0,0.0,12,tp=9 tn=3 fp=0 fn=0 abst=0
resnet18,real CIFAR-10 train split (first 256 images),0.005,1.05,1.0,1.0,0.0,0.0,1.0,0.0,12,tp=9 tn=3 fp=0 fn=0 abst=0
resnet18,real CIFAR-10 train split (first 256 images),0.005,1.1,1.0,1.0,0.0,0.0,1.0,0.0,12,tp=9 tn=3 fp=0 fn=0 abst=0
resnet18,real CIFAR-10 train split (first 256 images),0.005,1.25,1.0,1.0,0.0,0.0,1.0,0.0,12,tp=9 tn=3 fp=0 fn=0 abst=0
resnet18,real CIFAR-10 train split (first 256 images),0.005,1.5,1.0,1.0,0.0,0.0,1.0,0.0,12,tp=9 tn=3 fp=0 fn=0 abst=0
resnet18,real CIFAR-10 train split (first 256 images),0.005,2.0,1.0,1.0,0.0,0.0,1.0,0.0,12,tp=9 tn=3 fp=0 fn=0 abst=0
resnet18,real CIFAR-10 train split (first 256 images),0.01,1.0,1.0,1.0,0.0,0.0,1.0,0.0,12,tp=9 tn=3 fp=0 fn=0 abst=0
resnet18,real CIFAR-10 train split (first 256 images),0.01,1.05,1.0,1.0,0.0,0.0,1.0,0.0,12,tp=9 tn=3 fp=0 fn=0 abst=0
resnet18,real CIFAR-10 train split (first 256 images),0.01,1.1,1.0,1.0,0.0,0.0,1.0,0.0,12,tp=9 tn=3 fp=0 fn=0 abst=0
resnet18,real CIFAR-10 train split (first 256 images),0.01,1.25,1.0,1.0,0.0,0.0,1.0,0.0,12,tp=9 tn=3 fp=0 fn=0 abst=0
resnet18,real CIFAR-10 train split (first 256 images),0.01,1.5,1.0,1.0,0.0,0.0,1.0,0.0,12,tp=9 tn=3 fp=0 fn=0 abst=0
resnet18,real CIFAR-10 train split (first 256 images),0.01,2.0,1.0,1.0,0.0,0.0,1.0,0.0,12,tp=9 tn=3 fp=0 fn=0 abst=0
resnet18,real CIFAR-10 train split (first 256 images),0.05,1.0,1.0,1.0,0.0,0.0,1.0,0.0,12,tp=9 tn=3 fp=0 fn=0 abst=0
resnet18,real CIFAR-10 train split (first 256 images),0.05,1.05,1.0,1.0,0.0,0.0,1.0,0.0,12,tp=9 tn=3 fp=0 fn=0 abst=0
resnet18,real CIFAR-10 train split (first 256 images),0.05,1.1,1.0,1.0,0.0,0.0,1.0,0.0,12,tp=9 tn=3 fp=0 fn=0 abst=0
resnet18,real CIFAR-10 train split (first 256 images),0.05,1.25,1.0,1.0,0.0,0.0,1.0,0.0,12,tp=9 tn=3 fp=0 fn=0 abst=0
resnet18,real CIFAR-10 train split (first 256 images),0.05,1.5,1.0,1.0,0.0,0.0,1.0,0.0,12,tp=9 tn=3 fp=0 fn=0 abst=0
resnet18,real CIFAR-10 train split (first 256 images),0.05,2.0,1.0,1.0,0.0,0.0,1.0,0.0,12,tp=9 tn=3 fp=0 fn=0 abst=0
resnet18,real CIFAR-10 train split (first 256 images),0.1,1.0,1.0,1.0,0.0,0.0,1.0,0.0,12,tp=9 tn=3 fp=0 fn=0 abst=0
resnet18,real CIFAR-10 train split (first 256 images),0.1,1.05,1.0,1.0,0.0,0.0,1.0,0.0,12,tp=9 tn=3 fp=0 fn=0 abst=0
resnet18,real CIFAR-10 train split (first 256 images),0.1,1.1,1.0,1.0,0.0,0.0,1.0,0.0,12,tp=9 tn=3 fp=0 fn=0 abst=0
resnet18,real CIFAR-10 train split (first 256 images),0.1,1.25,1.0,1.0,0.0,0.0,1.0,0.0,12,tp=9 tn=3 fp=0 fn=0 abst=0
resnet18,real CIFAR-10 train split (first 256 images),0.1,1.5,1.0,1.0,0.0,0.0,1.0,0.0,12,tp=9 tn=3 fp=0 fn=0 abst=0
resnet18,real CIFAR-10 train split (first 256 images),0.1,2.0,1.0,1.0,0.0,0.0,1.0,0.0,12,tp=9 tn=3 fp=0 fn=0 abst=0
resnet18,real CIFAR-10 train split (first 256 images),0.5,1.0,1.0,1.0,0.0,0.0,1.0,0.0,12,tp=9 tn=3 fp=0 fn=0 abst=0
resnet18,real CIFAR-10 train split (first 256 images),0.5,1.05,1.0,1.0,0.0,0.0,1.0,0.0,12,tp=9 tn=3 fp=0 fn=0 abst=0
resnet18,real CIFAR-10 train split (first 256 images),0.5,1.1,1.0,1.0,0.0,0.0,1.0,0.0,12,tp=9 tn=3 fp=0 fn=0 abst=0
resnet18,real CIFAR-10 train split (first 256 images),0.5,1.25,1.0,1.0,0.0,0.0,1.0,0.0,12,tp=9 tn=3 fp=0 fn=0 abst=0
resnet18,real CIFAR-10 train split (first 256 images),0.5,1.5,1.0,1.0,0.0,0.0,1.0,0.0,12,tp=9 tn=3 fp=0 fn=0 abst=0
resnet18,real CIFAR-10 train split (first 256 images),0.5,2.0,1.0,1.0,0.0,0.0,1.0,0.0,12,tp=9 tn=3 fp=0 fn=0 abst=0
resnet18,real CIFAR-10 train split (first 256 images),1.0,1.0,1.0,1.0,0.0,0.0,1.0,0.0,12,tp=9 tn=3 fp=0 fn=0 abst=0
resnet18,real CIFAR-10 train split (first 256 images),1.0,1.05,1.0,1.0,0.0,0.0,1.0,0.0,12,tp=9 tn=3 fp=0 fn=0 abst=0
resnet18,real CIFAR-10 train split (first 256 images),1.0,1.1,1.0,1.0,0.0,0.0,1.0,0.0,12,tp=9 tn=3 fp=0 fn=0 abst=0
resnet18,real CIFAR-10 train split (first 256 images),1.0,1.25,1.0,1.0,0.0,0.0,1.0,0.0,12,tp=9 tn=3 fp=0 fn=0 abst=0
resnet18,real CIFAR-10 train split (first 256 images),1.0,1.5,1.0,1.0,0.0,0.0,1.0,0.0,12,tp=9 tn=3 fp=0 fn=0 abst=0
resnet18,real CIFAR-10 train split (first 256 images),1.0,2.0,1.0,1.0,0.0,0.0,1.0,0.0,12,tp=9 tn=3 fp=0 fn=0 abst=0
ALL,all,0.001,1.0,0.925,0.7241379310344828,0.27586206896551724,0.075,0.8214285714285714,0.17857142857142858,84,tp=37 tn=21 fp=8 fn=3 abst=15
ALL,all,0.001,1.05,1.0,0.7241379310344828,0.27586206896551724,0.0,0.8690476190476191,0.13095238095238096,84,tp=44 tn=21 fp=8 fn=0 abst=11
ALL,all,0.001,1.1,1.0,0.7241379310344828,0.27586206896551724,0.0,0.9761904761904762,0.023809523809523808,84,tp=53 tn=21 fp=8 fn=0 abst=2
ALL,all,0.001,1.25,1.0,0.7241379310344828,0.27586206896551724,0.0,1.0,0.0,84,tp=55 tn=21 fp=8 fn=0 abst=0
ALL,all,0.001,1.5,1.0,0.7241379310344828,0.27586206896551724,0.0,1.0,0.0,84,tp=55 tn=21 fp=8 fn=0 abst=0
ALL,all,0.001,2.0,1.0,0.7241379310344828,0.27586206896551724,0.0,0.9642857142857143,0.03571428571428571,84,tp=52 tn=21 fp=8 fn=0 abst=3
ALL,all,0.005,1.0,0.7872340425531915,0.7241379310344828,0.27586206896551724,0.2127659574468085,0.9047619047619048,0.09523809523809523,84,tp=37 tn=21 fp=8 fn=10 abst=8
ALL,all,0.005,1.05,0.9777777777777777,0.7241379310344828,0.27586206896551724,0.022222222222222223,0.8809523809523809,0.11904761904761904,84,tp=44 tn=21 fp=8 fn=1 abst=10
ALL,all,0.005,1.1,1.0,0.7241379310344828,0.27586206896551724,0.0,0.9761904761904762,0.023809523809523808,84,tp=53 tn=21 fp=8 fn=0 abst=2
ALL,all,0.005,1.25,1.0,0.7241379310344828,0.27586206896551724,0.0,1.0,0.0,84,tp=55 tn=21 fp=8 fn=0 abst=0
ALL,all,0.005,1.5,1.0,0.7241379310344828,0.27586206896551724,0.0,1.0,0.0,84,tp=55 tn=21 fp=8 fn=0 abst=0
ALL,all,0.005,2.0,1.0,0.7241379310344828,0.27586206896551724,0.0,0.9642857142857143,0.03571428571428571,84,tp=52 tn=21 fp=8 fn=0 abst=3
ALL,all,0.01,1.0,0.7115384615384616,0.7241379310344828,0.27586206896551724,0.28846153846153844,0.9642857142857143,0.03571428571428571,84,tp=37 tn=21 fp=8 fn=15 abst=3
ALL,all,0.01,1.05,0.8979591836734694,0.7241379310344828,0.27586206896551724,0.10204081632653061,0.9285714285714286,0.07142857142857142,84,tp=44 tn=21 fp=8 fn=5 abst=6
ALL,all,0.01,1.1,1.0,0.7241379310344828,0.27586206896551724,0.0,0.9761904761904762,0.023809523809523808,84,tp=53 tn=21 fp=8 fn=0 abst=2
ALL,all,0.01,1.25,1.0,0.7241379310344828,0.27586206896551724,0.0,1.0,0.0,84,tp=55 tn=21 fp=8 fn=0 abst=0
ALL,all,0.01,1.5,1.0,0.7241379310344828,0.27586206896551724,0.0,1.0,0.0,84,tp=55 tn=21 fp=8 fn=0 abst=0
ALL,all,0.01,2.0,1.0,0.7241379310344828,0.27586206896551724,0.0,0.9642857142857143,0.03571428571428571,84,tp=52 tn=21 fp=8 fn=0 abst=3
ALL,all,0.05,1.0,0.6727272727272727,0.7241379310344828,0.27586206896551724,0.32727272727272727,1.0,0.0,84,tp=37 tn=21 fp=8 fn=18 abst=0
ALL,all,0.05,1.05,0.8461538461538461,0.7241379310344828,0.27586206896551724,0.15384615384615385,0.9642857142857143,0.03571428571428571,84,tp=44 tn=21 fp=8 fn=8 abst=3
ALL,all,0.05,1.1,1.0,0.7241379310344828,0.27586206896551724,0.0,0.9761904761904762,0.023809523809523808,84,tp=53 tn=21 fp=8 fn=0 abst=2
ALL,all,0.05,1.25,1.0,0.7241379310344828,0.27586206896551724,0.0,1.0,0.0,84,tp=55 tn=21 fp=8 fn=0 abst=0
ALL,all,0.05,1.5,1.0,0.7241379310344828,0.27586206896551724,0.0,1.0,0.0,84,tp=55 tn=21 fp=8 fn=0 abst=0
ALL,all,0.05,2.0,1.0,0.7241379310344828,0.27586206896551724,0.0,0.9642857142857143,0.03571428571428571,84,tp=52 tn=21 fp=8 fn=0 abst=3
ALL,all,0.1,1.0,0.6727272727272727,0.7241379310344828,0.27586206896551724,0.32727272727272727,1.0,0.0,84,tp=37 tn=21 fp=8 fn=18 abst=0
ALL,all,0.1,1.05,0.8301886792452831,0.7241379310344828,0.27586206896551724,0.16981132075471697,0.9761904761904762,0.023809523809523808,84,tp=44 tn=21 fp=8 fn=9 abst=2
ALL,all,0.1,1.1,1.0,0.7241379310344828,0.27586206896551724,0.0,0.9761904761904762,0.023809523809523808,84,tp=53 tn=21 fp=8 fn=0 abst=2
ALL,all,0.1,1.25,1.0,0.7241379310344828,0.27586206896551724,0.0,1.0,0.0,84,tp=55 tn=21 fp=8 fn=0 abst=0
ALL,all,0.1,1.5,1.0,0.7241379310344828,0.27586206896551724,0.0,1.0,0.0,84,tp=55 tn=21 fp=8 fn=0 abst=0
ALL,all,0.1,2.0,1.0,0.7241379310344828,0.27586206896551724,0.0,0.9642857142857143,0.03571428571428571,84,tp=52 tn=21 fp=8 fn=0 abst=3
ALL,all,0.5,1.0,0.6727272727272727,0.7241379310344828,0.27586206896551724,0.32727272727272727,1.0,0.0,84,tp=37 tn=21 fp=8 fn=18 abst=0
ALL,all,0.5,1.05,0.8301886792452831,0.7241379310344828,0.27586206896551724,0.16981132075471697,0.9761904761904762,0.023809523809523808,84,tp=44 tn=21 fp=8 fn=9 abst=2
ALL,all,0.5,1.1,1.0,0.7241379310344828,0.27586206896551724,0.0,0.9761904761904762,0.023809523809523808,84,tp=53 tn=21 fp=8 fn=0 abst=2
ALL,all,0.5,1.25,1.0,0.7241379310344828,0.27586206896551724,0.0,1.0,0.0,84,tp=55 tn=21 fp=8 fn=0 abst=0
ALL,all,0.5,1.5,1.0,0.7241379310344828,0.27586206896551724,0.0,1.0,0.0,84,tp=55 tn=21 fp=8 fn=0 abst=0
ALL,all,0.5,2.0,1.0,0.7241379310344828,0.27586206896551724,0.0,0.9642857142857143,0.03571428571428571,84,tp=52 tn=21 fp=8 fn=0 abst=3
ALL,all,1.0,1.0,0.6727272727272727,0.7241379310344828,0.27586206896551724,0.32727272727272727,1.0,0.0,84,tp=37 tn=21 fp=8 fn=18 abst=0
ALL,all,1.0,1.05,0.8301886792452831,0.7241379310344828,0.27586206896551724,0.16981132075471697,0.9761904761904762,0.023809523809523808,84,tp=44 tn=21 fp=8 fn=9 abst=2
ALL,all,1.0,1.1,1.0,0.7241379310344828,0.27586206896551724,0.0,0.9761904761904762,0.023809523809523808,84,tp=53 tn=21 fp=8 fn=0 abst=2
ALL,all,1.0,1.25,1.0,0.7241379310344828,0.27586206896551724,0.0,1.0,0.0,84,tp=55 tn=21 fp=8 fn=0 abst=0
ALL,all,1.0,1.5,1.0,0.7241379310344828,0.27586206896551724,0.0,1.0,0.0,84,tp=55 tn=21 fp=8 fn=0 abst=0
ALL,all,1.0,2.0,1.0,0.7241379310344828,0.27586206896551724,0.0,0.9642857142857143,0.03571428571428571,84,tp=52 tn=21 fp=8 fn=0 abst=3
