seed,checkpoint_age,cohort,rewrite_family,T_tau,crossed_H20,crossed_H100,first_step_S1,candidate_update_norm,clean_update_norm,update_cosine,heldout_task_gap_H100,max_heldout_task_gap_H100
1101,75,primary,exact_restore,,False,False,0.0,0.44556429982185364,0.44556429982185364,0.9999999403953552,0.0,0.0
1101,75,primary,benign_nonzero,,False,False,0.0010459033594829583,0.44556424021720886,0.44556429982185364,0.9999994039535522,0.0009171168009438624,0.009787480036417495
1101,75,primary,reset_m,,False,False,0.9603465586808511,0.13981789350509644,0.44556429982185364,0.2807599902153015,0.0351947148640952,2.8400611877441397
1101,75,primary,reset_v,1.0,True,True,209869.59340027385,93510.4609375,0.44556429982185364,0.13952742516994476,549046015314.3314,902571338402.5378
1101,75,primary,stale_m,,False,False,1.6073221397525252,0.6240314841270447,0.44556429982185364,0.13495948910713196,0.05275241533915187,2.221336205800375
1101,75,primary,stale_v,1.0,True,True,623.8144819976185,277.9555358886719,0.44556429982185364,0.014528658241033554,0.14118615786234523,0.995755672454834
1101,75,primary,stale_mv,,False,False,1.8046013629995958,0.7329822182655334,0.44556429982185364,0.13666701316833496,0.05477031071980809,4.193554719289144
1101,75,primary,model_current_optimizer_stale,,False,False,1.575529824538623,0.6067718863487244,0.44556429982185364,0.13666413724422455,0.0007515748341879736,2.483825524648031
1101,75,primary,optimizer_reset,15.0,True,True,8.057955981448147,3.6302478313446045,0.44556429982185364,0.15044857561588287,0.4192589124043784,11.42514975865682
1101,150,primary,exact_restore,,False,False,0.0,0.11851271986961365,0.11851271986961365,0.9999998211860657,0.0,0.0
1101,150,primary,benign_nonzero,,False,False,0.0,0.11851271986961365,0.11851271986961365,0.9999998211860657,0.0016144116719565282,0.0032010873158774267
1101,150,primary,reset_m,,False,False,0.929982998146116,0.05454392358660698,0.11851271986961365,0.37692511081695557,0.01919452349344919,0.30150270462036133
1101,150,primary,reset_v,1.0,True,True,52393.90131944534,6209.353515625,0.11851271986961365,0.08206459879875183,295970.5318374634,19182021.433674574
1101,150,primary,stale_m,,False,False,1.5020000618487983,0.15354952216148376,0.11851271986961365,0.16311366856098175,0.009506622950236299,0.29875747362772653
1101,150,primary,stale_v,1.0,True,True,232.93780180846326,27.6072940826416,0.11851271986961365,0.012256313115358353,3.822644551609855e-05,0.010845104853312026
1101,150,primary,stale_mv,,False,False,1.5436122120450837,0.15991778671741486,0.11851271986961365,0.16232247650623322,0.010103861490885713,0.302662531534831
1101,150,primary,model_current_optimizer_stale,,False,False,1.4613033859979743,0.14697666466236115,0.11851271986961365,0.16232755780220032,0.00805584589640329,0.2859179973602295
1101,150,primary,optimizer_reset,,False,False,14.476442472355151,1.7356780767440796,0.11851271986961365,0.20222210884094238,0.09168593088785837,10.348627805709839
1101,300,primary,exact_restore,,False,False,0.0,0.022198202088475227,0.022198202088475227,1.0000005960464478,0.0,0.0
1101,300,primary,benign_nonzero,,False,False,0.0,0.022198202088475227,0.022198202088475227,1.0000005960464478,0.00020003318786621094,0.0009058316548666845
1101,300,primary,reset_m,,False,False,0.9114724655263718,0.01038910262286663,0.022198202088475227,0.4147901237010956,0.00452001889546727,0.010982513427734375
1101,300,primary,reset_v,1.0,True,True,34618.650585317715,768.4735107421875,0.022198202088475227,0.07969830185174942,78.25650151570638,3673.7456709543862
1101,300,primary,stale_m,,False,False,1.3601873837919256,0.02339092642068863,0.022198202088475227,0.12348451465368271,0.005336125691731919,0.030106623967488755
1101,300,primary,stale_v,,False,False,0.022337174006545113,0.022263679653406143,0.022198202088475227,0.9997556209564209,0.0002560615539550781,0.0008691946665448924
1101,300,primary,stale_mv,,False,False,1.3606954572085534,0.023390572518110275,0.022198202088475227,0.12281438708305359,0.0054759979248046875,0.029934167861938477
1101,300,primary,model_current_optimizer_stale,,False,False,2.150008948875876,0.04506395012140274,0.022198202088475227,0.12281681597232819,0.017477750778198242,0.09725308418273926
1101,300,primary,optimizer_reset,,False,False,18.914029194196033,0.4247950315475464,0.022198202088475227,0.2472691684961319,0.05418030420939157,0.5091511408487959
1102,75,primary,exact_restore,,False,False,0.0,0.41614481806755066,0.41614481806755066,0.9999997615814209,0.0,0.0
1102,75,primary,benign_nonzero,,False,False,0.0006810051028636689,0.41614487767219543,0.41614481806755066,0.9999996423721313,0.0014382203420004736,0.009706258773803711
1102,75,primary,reset_m,,False,False,0.9421988880561264,0.1557731032371521,0.41614481806755066,0.3371139168739319,0.015611251195271958,1.168426275253296
1102,75,primary,reset_v,1.0,True,True,115851.9472229936,48211.23046875,0.41614481806755066,0.09721987694501877,256941938002.2284,479559243090.32513
1102,75,primary,stale_m,,False,False,1.6860078735216677,0.6335816383361816,0.41614481806755066,0.15612171590328217,0.013734579086303711,3.5879909992218018
1102,75,primary,stale_v,1.0,True,True,5229.360771134903,2176.189697265625,0.41614481806755066,0.04450242221355438,0.04036521911621094,30.51597738265991
1102,75,primary,stale_mv,,False,False,1.9118029336861855,0.752602756023407,0.41614481806755066,0.17022942006587982,0.07341400782267238,2.6194949150085445
1102,75,primary,model_current_optimizer_stale,,False,False,1.6527672175058468,0.623015284538269,0.41614481806755066,0.17022910714149475,0.06289132436116551,1.7183665434519453
1102,75,primary,optimizer_reset,15.0,True,True,8.888005824878025,3.742893695831299,0.41614481806755066,0.16116778552532196,0.1688315073649087,19.493225892384846
1102,150,primary,exact_restore,,False,False,0.0,0.10610155761241913,0.10610155761241913,0.9999997615814209,0.0,0.0
1102,150,primary,benign_nonzero,,False,False,0.0,0.10610155761241913,0.10610155761241913,0.9999997615814209,0.0009206930796303858,0.0025552908579506983
1102,150,primary,reset_m,,False,False,0.9042976087483438,0.04117155075073242,0.10610155761241913,0.4288487434387207,0.0039919217427573095,0.12134250005086233
1102,150,primary,reset_v,1.0,True,True,46109.815465788655,4892.3330078125,0.10610155761241913,0.09226305782794952,32078.54820092519,2025280.0290737152
1102,150,primary,stale_m,,False,False,1.4764977307874274,0.12979398667812347,0.10610155761241913,0.1293288916349411,0.0024449825286865234,0.3624611695607505
1102,150,primary,stale_v,1.0,True,True,8465.209137385973,898.179443359375,0.10610155761241913,0.07132603973150253,0.20277269681294774,237.01972007751465
1102,150,primary,stale_mv,,False,False,1.5034930140279665,0.1334579885005951,0.10610155761241913,0.12785929441452026,0.0009304682413735499,0.36620569229125977
1102,150,primary,model_current_optimizer_stale,,False,False,1.4285686598356584,0.122658371925354,0.10610155761241913,0.12786492705345154,0.0015034675598144531,0.31473580996195505
1102,150,primary,optimizer_reset,,False,False,16.172859920455462,1.7385023832321167,0.10610155761241913,0.24154631793498993,0.14317091306050633,7.359323263168335
1102,300,primary,exact_restore,,False,False,0.0,0.02620740421116352,0.02620740421116352,1.0000001192092896,0.0,0.0
1102,300,primary,benign_nonzero,,False,False,0.0,0.02620740421116352,0.02620740421116352,1.0000001192092896,4.776318867971696e-05,0.0003658135732016454
1102,300,primary,reset_m,,False,False,0.8800081847608275,0.011398963630199432,0.02620740421116352,0.47679832577705383,0.002634763717651367,0.016581296920776367
1102,300,primary,reset_v,1.0,True,True,36770.570104779654,963.66357421875,0.02620740421116352,0.09142889827489853,383.46717802683514,27775.099475860596
1102,300,primary,stale_m,,False,False,1.2090844678708,0.02562926709651947,0.02620740421116352,0.2528177797794342,0.00274380048116063,0.0357509454091387
1102,300,primary,stale_v,1.0,True,True,820.5706905155859,21.506031036376953,0.02620740421116352,0.03883976861834526,0.0006838639577226857,0.003397703170776367
1102,300,primary,stale_mv,,False,False,1.212035997413026,0.025768311694264412,0.02620740421116352,0.2531108558177948,0.0016627311706542969,0.03557101885477687
1102,300,primary,model_current_optimizer_stale,,False,False,1.9051112533586336,0.049644846469163895,0.02620740421116352,0.2531129717826843,0.054217656453450225,0.13667678833007812
1102,300,primary,optimizer_reset,,False,False,16.02377939998956,0.42662546038627625,0.02620740421116352,0.2837500274181366,0.07940196990966797,0.6323777039845786
1103,75,primary,exact_restore,,False,False,0.0,0.6612775921821594,0.6612775921821594,0.9999998807907104,0.0,0.0
1103,75,primary,benign_nonzero,,False,False,0.0,0.6612775921821594,0.6612775921821594,0.9999998807907104,0.010364611943562974,0.01127314567565918
1103,75,primary,reset_m,,False,False,0.9456358015657935,0.236459419131279,0.6612775921821594,0.3266909718513489,0.1580596764882407,2.1362355550130205
1103,75,primary,reset_v,1.0,True,True,393600.5420820434,260279.359375,0.6612775921821594,0.1867668628692627,2698880221180.9707,4852991830689.053
1103,75,primary,stale_m,,False,False,1.3382099090178177,0.7016927599906921,0.6612775921821594,0.15792934596538544,0.1541295051574707,3.564676284790039
1103,75,primary,stale_v,1.0,True,True,790.8304186326425,522.9633178710938,0.6612775921821594,0.008008633740246296,0.39592687288920114,39.770361264546715
1103,75,primary,stale_mv,,False,False,1.5594994482326383,0.9076979756355286,0.6612775921821594,0.16468596458435059,0.0073259671529135595,2.280435562133789
1103,75,primary,model_current_optimizer_stale,,False,False,1.3845296864693748,0.751408576965332,0.6612775921821594,0.16467995941638947,0.04361470540364598,2.728016058603923
1103,75,primary,optimizer_reset,14.0,True,True,5.449072716607183,3.6471848487854004,0.6612775921821594,0.15654607117176056,0.34619728724161813,18.451650937398274
1103,150,primary,exact_restore,,False,False,0.0,0.11947642266750336,0.11947642266750336,0.9999997615814209,0.0,0.0
1103,150,primary,benign_nonzero,,False,False,0.0,0.11947642266750336,0.11947642266750336,0.9999997615814209,4.967053731252946e-05,0.002306381861369111
1103,150,primary,reset_m,,False,False,0.9116424357491432,0.05908554792404175,0.11947642266750336,0.41804239153862,0.02169171969095851,0.2410140037536621
1103,150,primary,reset_v,1.0,True,True,97805.09877446332,11685.41015625,0.11947642266750336,0.06863454729318619,3567973.774762233,184793735.05642572
1103,150,primary,stale_m,,False,False,1.612799667531491,0.17406614124774933,0.11947642266750336,0.1789604127407074,0.003962516784667969,0.2899332046508789
1103,150,primary,stale_v,1.0,True,True,834.6743670706887,99.72650909423828,0.11947642266750336,0.022485146299004555,0.0071332454681396484,0.015182574590047349
1103,150,primary,stale_mv,,False,False,1.6776113077466803,0.1835712343454361,0.11947642266750336,0.17779210209846497,0.009467363357543945,0.3042952219645181
1103,150,primary,model_current_optimizer_stale,,False,False,1.5785935691225503,0.168715700507164,0.11947642266750336,0.1777961105108261,0.006893952687581084,0.21427957216898585
1103,150,primary,optimizer_reset,,False,False,14.7990631492413,1.7921509742736816,0.11947642266750336,0.23296219110488892,0.048681577046711944,6.397930065790812
1103,300,primary,exact_restore,,False,False,0.0,0.024280330166220665,0.024280330166220665,1.0000003576278687,0.0,0.0
1103,300,primary,benign_nonzero,,False,False,0.0013247008753710036,0.024280333891510963,0.024280330166220665,0.9999995827674866,3.751118977879386e-05,0.0003941059112548828
1103,300,primary,reset_m,,False,False,0.9290769145764965,0.01410689763724804,0.024280330166220665,0.4082423746585846,0.002475579579671372,0.04311370849609375
1103,300,primary,reset_v,1.0,True,True,34875.60226172343,846.79296875,0.024280330166220665,0.07782576233148575,185.72927459081015,7589.573572953542
1103,300,primary,stale_m,,False,False,1.3746623713330524,0.028857357800006866,0.024280330166220665,0.2199624627828598,3.0279159545898438e-05,0.04732394218444824
1103,300,primary,stale_v,,False,False,0.04018475205395844,0.024388223886489868,0.024280330166220665,0.9992060661315918,0.0005870660146078954,0.0008614063262939453
1103,300,primary,stale_mv,,False,False,1.3763348934636763,0.02891249768435955,0.024280330166220665,0.219879612326622,0.0004467964172363281,0.04732354482014989
1103,300,primary,model_current_optimizer_stale,,False,False,2.2921999418636605,0.05570237338542938,0.024280330166220665,0.21988189220428467,0.004695336023966323,0.1552817026774087
1103,300,primary,optimizer_reset,,False,False,18.59841172459456,0.45641252398490906,0.024280330166220665,0.22475580871105194,0.040474573771158706,0.7319042682647705
1201,75,width448,exact_restore,,False,False,0.0,0.39896833896636963,0.39896833896636963,0.9999998807907104,0.0,0.0
1201,75,width448,benign_nonzero,,False,False,0.0,0.39896833896636963,0.39896833896636963,0.9999998807907104,0.010991891225179184,0.011003812154134263
1201,75,width448,reset_m,,False,False,0.8655672646207273,0.18402139842510223,0.39896833896636963,0.5024881958961487,0.07133038838704442,1.0769535700480146
1201,75,width448,reset_v,1.0,True,True,130047.89382984978,51885.03515625,0.39896833896636963,0.10592970252037048,10191690407.470398,23922257232.98709
1201,75,width448,stale_m,,False,False,1.853416513555068,0.7233544588088989,0.39896833896636963,0.2349732220172882,0.060561498006185044,1.0302015940348301
1201,75,width448,stale_v,,False,False,3.2848219591890753,1.4530385732650757,0.39896833896636963,0.47694170475006104,0.03204536437988281,0.7290961742401123
1201,75,width448,stale_mv,,False,False,2.188466616802446,0.8836471438407898,0.39896833896636963,0.25195765495300293,0.250321626663208,1.269387086232503
1201,75,width448,model_current_optimizer_stale,,False,False,1.8541006020948578,0.731495201587677,0.39896833896636963,0.251957505941391,0.07016555468241359,0.6947081883748369
1201,75,width448,optimizer_reset,15.0,True,True,9.114045731572427,3.711329698562622,0.39896833896636963,0.24011574685573578,0.05089894930521632,24.2032306989034
1201,150,width448,exact_restore,,False,False,0.0,0.11071852594614029,0.11071852594614029,0.9999997615814209,0.0,0.0
1201,150,width448,benign_nonzero,,False,False,0.0,0.11071852594614029,0.11071852594614029,0.9999997615814209,0.004349629084269058,0.005149205525716294
1201,150,width448,reset_m,,False,False,0.9207904315207639,0.042935725301504135,0.11071852594614029,0.3900643289089203,0.026314655939737808,0.24323002497355173
1201,150,width448,reset_v,1.0,True,True,45352.578193337526,5021.38232421875,0.11071852594614029,0.10576910525560379,22392.488185803097,635724.6161226431
1201,150,width448,stale_m,,False,False,1.2391273202763189,0.10400143265724182,0.11071852594614029,0.18465666472911835,0.006059169769287109,0.24892036120096872
1201,150,width448,stale_v,1.0,True,True,965.490268112794,106.900634765625,0.11071852594614029,0.027362799271941185,0.0026369094848632812,0.021678686141967773
1201,150,width448,stale_mv,,False,False,1.2549415765517016,0.10667287558317184,0.11071852594614029,0.1833895593881607,0.0015644232432046046,0.24841713905334473
1201,150,width448,model_current_optimizer_stale,,False,False,1.2080210013235764,0.09804122895002365,0.11071852594614029,0.1833963692188263,0.0015837351481122752,0.2557820479075117
1201,150,width448,optimizer_reset,,False,False,15.594484908699693,1.7486207485198975,0.11071852594614029,0.22931016981601715,0.30524492263793945,9.984266678492228
1201,300,width448,exact_restore,,False,False,0.0,0.025276854634284973,0.025276854634284973,1.0000004768371582,0.0,0.0
1201,300,width448,benign_nonzero,,False,False,0.0,0.025276854634284973,0.025276854634284973,1.0000004768371582,0.0001719792683920751,0.0003478527069091797
1201,300,width448,reset_m,,False,False,0.9212720059341912,0.01181209646165371,0.025276854634284973,0.39549383521080017,0.0008764266967773438,0.08163285255432129
1201,300,width448,reset_v,1.0,True,True,32532.705305141462,822.326904296875,0.025276854634284973,0.09427925199270248,203.5386923948924,12558.030094385147
1201,300,width448,stale_m,,False,False,1.1744030834864727,0.025520648807287216,0.025276854634284973,0.3170226216316223,0.0012009143829345703,0.01536170641581247
1201,300,width448,stale_v,,False,False,0.3679739768916635,0.02720312401652336,0.025276854634284973,0.9397897720336914,0.0003542105356850733,0.0011523564656577001
1201,300,width448,stale_mv,,False,False,1.1748752137274903,0.02554595097899437,0.025276854634284973,0.31716039776802063,0.0010361671447753906,0.01518114407857274
1201,300,width448,model_current_optimizer_stale,,False,False,1.8857593669245312,0.04921644926071167,0.025276854634284973,0.31716272234916687,0.1248935858408613,0.1727441151936846
1201,300,width448,optimizer_reset,,False,False,16.577171149983126,0.4241708815097809,0.025276854634284973,0.23238638043403625,0.23370099067687988,0.6431740125020342
1202,75,width448,exact_restore,,False,False,0.0,0.454815536737442,0.454815536737442,0.9999999403953552,0.0,0.0
1202,75,width448,benign_nonzero,,False,False,0.0,0.454815536737442,0.454815536737442,0.9999999403953552,0.017825444539387725,0.023509184519449722
1202,75,width448,reset_m,,False,False,0.9263949064649183,0.17721664905548096,0.454815536737442,0.37677332758903503,0.006928443908691406,1.371522267659505
1202,75,width448,reset_v,1.0,True,True,165745.62962512008,75383.75,0.454815536737442,0.13367030024528503,79240391335.84192,339616606886.1634
1202,75,width448,stale_m,,False,False,1.4414727086398709,0.5564149022102356,0.454815536737442,0.17117628455162048,0.05920775731404637,1.2338056564331055
1202,75,width448,stale_v,1.0,True,True,4351.441117285103,1979.1102294921875,0.454815536737442,0.01588461920619011,0.014831304550170898,1.640624761581421
1202,75,width448,stale_mv,,False,False,1.6429478732035014,0.6811698079109192,0.454815536737442,0.18153981864452362,0.1455228328704834,2.2474305629730225
1202,75,width448,model_current_optimizer_stale,,False,False,1.444639064461278,0.5638839602470398,0.454815536737442,0.1815369725227356,0.004541158676147461,0.6916054884592695
1202,75,width448,optimizer_reset,15.0,True,True,8.00618934035464,3.693976640701294,0.454815536737442,0.1764707863330841,0.7124215761820478,15.180177052815754
1202,150,width448,exact_restore,,False,False,0.0,0.11561619490385056,0.11561619490385056,0.9999997615814209,0.0,0.0
1202,150,width448,benign_nonzero,,False,False,0.0010628420741410234,0.11561618745326996,0.11561619490385056,0.9999991655349731,0.0005612373352050781,0.004900058110555161
1202,150,width448,reset_m,,False,False,0.9691474462407274,0.06260302662849426,0.11561619490385056,0.3268362879753113,0.013274431228637695,0.20159999529520656
1202,150,width448,reset_v,1.0,True,True,61782.5933923321,7143.07861328125,0.11561619490385056,0.08294520527124405,23418.91411312421,1074630.0946520169
1202,150,width448,stale_m,,False,False,1.417858125360737,0.15013641119003296,0.11561619490385056,0.26027655601501465,0.026472409566243194,0.2412482897440591
1202,150,width448,stale_v,1.0,True,True,966.1901579289153,111.7101821899414,0.11561619490385056,0.026056954637169838,0.0020381609598798534,0.008184591929118135
1202,150,width448,stale_mv,,False,False,1.444757784673073,0.15431900322437286,0.11561619490385056,0.2600628435611725,0.023468653361002456,0.24443046251932765
1202,150,width448,model_current_optimizer_stale,,False,False,1.3663181559210391,0.1418311595916748,0.11561619490385056,0.2600666284561157,0.035164515177408706,0.22835135459899902
1202,150,width448,optimizer_reset,,False,False,14.446457580722983,1.6872975826263428,0.11561619490385056,0.18101179599761963,0.03373901049296091,7.272688468297323
1202,300,width448,exact_restore,,False,False,0.0,0.024482199922204018,0.024482199922204018,1.000000238418579,0.0,0.0
1202,300,width448,benign_nonzero,,False,False,0.0012259044433707354,0.02448219433426857,0.024482199922204018,0.9999995231628418,3.03586324053029e-05,0.00038886070251464844
1202,300,width448,reset_m,,False,False,0.9404200358705852,0.010716082528233528,0.024482199922204018,0.350917249917984,0.0023325284322104345,0.02622993787129735
1202,300,width448,reset_v,1.0,True,True,39502.861115138185,967.1190185546875,0.024482199922204018,0.08757807314395905,137.3981744448344,9655.068885803223
1202,300,width448,stale_m,,False,False,1.2336155022164252,0.02247544564306736,0.024482199922204018,0.17481735348701477,0.001278082529704072,0.02484448750813817
1202,300,width448,stale_v,,False,False,10.594668306959164,0.2609654366970062,0.024482199922204018,0.11143796890974045,0.00019931793212890625,0.0008673667907714844
1202,300,width448,stale_mv,,False,False,1.2336415221265247,0.022460972890257835,0.024482199922204018,0.1743035465478897,0.0015508333841962596,0.024582783381144058
1202,300,width448,model_current_optimizer_stale,,False,False,1.87295984306148,0.04327300563454628,0.024482199922204018,0.1743057519197464,0.11025706926981638,0.11025706926981638
1202,300,width448,optimizer_reset,,False,False,16.772920972359103,0.4148309528827667,0.024482199922204018,0.1999092400074005,0.1881333192189536,0.6087745825449624
1203,75,width448,exact_restore,,False,False,0.0,0.30075138807296753,0.30075138807296753,1.0,0.0,0.0
1203,75,width448,benign_nonzero,,False,False,0.0009594991698833346,0.3007514476776123,0.30075138807296753,0.9999995827674866,0.0011951923370361328,0.009014527002970674
1203,75,width448,reset_m,,False,False,0.9857120943426609,0.11552786827087402,0.30075138807296753,0.22899504005908966,0.15036018689473485,1.1018850008646646
1203,75,width448,reset_v,1.0,True,True,213587.10128945936,64236.65625,0.30075138807296753,0.12496364116668701,557308226215.8247,1460090393936.4973
1203,75,width448,stale_m,,False,False,1.8053377769164936,0.49819302558898926,0.30075138807296753,0.14631202816963196,0.09222443898518895,1.3463358084360757
1203,75,width448,stale_v,1.0,True,True,2516.9988760801416,757.0054321289062,0.30075138807296753,0.04830799624323845,0.021854400634765625,22.63312021891276
1203,75,width448,stale_mv,,False,False,1.9934931648635175,0.5645184516906738,0.30075138807296753,0.14629918336868286,0.14009737968444824,1.6480123996734624
1203,75,width448,model_current_optimizer_stale,,False,False,1.7203826729296945,0.4673135280609131,0.30075138807296753,0.14629755914211273,0.09119717280070017,1.4012054602305093
1203,75,width448,optimizer_reset,16.0,True,True,11.195889785686305,3.3861048221588135,0.30075138807296753,0.10716073960065842,0.3340280055999756,22.29582341512044
1203,150,width448,exact_restore,,False,False,0.0,0.09178071469068527,0.09178071469068527,0.9999996423721313,0.0,0.0
1203,150,width448,benign_nonzero,,False,False,0.0,0.09178071469068527,0.09178071469068527,0.9999996423721313,0.0008916060129799952,0.0012043317159018407
1203,150,width448,reset_m,,False,False,0.9095633358856734,0.03579052537679672,0.09178071469068527,0.4164060354232788,0.004077752431233428,0.08962353070577
1203,150,width448,reset_v,1.0,True,True,54167.589081902064,4971.54736328125,0.09178071469068527,0.0769428014755249,324271.0311530431,79143343.79948871
1203,150,width448,stale_m,,False,False,1.5133274489896849,0.12122688442468643,0.09178071469068527,0.17202651500701904,0.014605204264322769,0.15099032719930028
1203,150,width448,stale_v,1.0,True,True,668.7058617550784,61.37583923339844,0.09178071469068527,0.01748821698129177,0.002110322316487334,0.006018082300821792
1203,150,width448,stale_mv,,False,False,1.5500832521451466,0.1256486028432846,0.09178071469068527,0.17217811942100525,0.013419310251871597,0.15353020032246922
1203,150,width448,model_current_optimizer_stale,,False,False,1.4662386526100253,0.11548157781362534,0.09178071469068527,0.17218413949012756,0.018963416417439483,0.14167300860087062
1203,150,width448,optimizer_reset,,False,False,17.57926660309671,1.631451964378357,0.09178071469068527,0.22332096099853516,0.06595285733540868,7.324363867441814
1203,300,width448,exact_restore,,False,False,0.0,0.023362869396805763,0.023362869396805763,1.000000238418579,0.0,0.0
1203,300,width448,benign_nonzero,,False,False,0.0,0.023362869396805763,0.023362869396805763,1.000000238418579,0.0002621809641518702,0.0005715688069662939
1203,300,width448,reset_m,,False,False,0.8999132971440581,0.010929527692496777,0.023362869396805763,0.43714603781700134,0.0005750656127929688,0.0252154668172202
1203,300,width448,reset_v,1.0,True,True,36200.96000967602,845.76025390625,0.023362869396805763,0.08424673974514008,217.4837222894033,12647.86730615298
1203,300,width448,stale_m,,False,False,1.247893759297037,0.024165863171219826,0.023362869396805763,0.24782390892505646,0.0038303534189858546,0.034998416900634766
1203,300,width448,stale_v,,False,False,0.4826442485529306,0.026180658489465714,0.023362869396805763,0.9025536179542542,0.0003596146901450048,0.0014568964640297999
1203,300,width448,stale_mv,,False,False,1.2489430427729498,0.024218378588557243,0.023362869396805763,0.2482682317495346,0.0031832059224448095,0.03451792399088527
1203,300,width448,model_current_optimizer_stale,,False,False,1.999222026496116,0.046658821403980255,0.023362869396805763,0.24827107787132263,0.010529279708862305,0.1891486644744873
1203,300,width448,optimizer_reset,,False,False,16.98959239238616,0.4022409915924072,0.023362869396805763,0.2550504803657532,0.05754057566324855,0.6233603954315186
