sigma,step,mean_divergence,std_divergence
0.001,0,0.009999999776482582,0.0
0.001,1,0.009487513825297356,2.327802825344944e-05
0.001,2,0.00902201272547245,8.38038803871523e-06
0.001,3,0.008876380184665323,3.469809529315462e-05
0.001,4,0.008984732162207364,7.281864192447585e-05
0.001,5,0.008993811765685677,8.731547117018003e-05
0.001,6,0.008707443391904235,0.00011784201504613324
0.001,7,0.008233954943716527,0.0001145843029824109
0.001,8,0.007717542536556721,8.493381992940003e-05
0.001,9,0.0072750105988234285,7.021735355737047e-05
0.001,10,0.006994714331813157,6.600116173713923e-05
0.001,11,0.006844157446175813,6.722378729990698e-05
0.001,12,0.00674702413380146,8.140269240632824e-05
0.001,13,0.0065820491407066585,9.028129267812095e-05
0.001,14,0.006268561445176601,7.729497908099145e-05
0.001,15,0.0058729465585201975,6.639212755462097e-05
0.001,16,0.005473851319402456,5.71832205141582e-05
0.001,17,0.005146959563717246,5.19137386462232e-05
0.001,18,0.004883304238319397,7.460710235258271e-05
0.001,19,0.004651089035905898,0.00010630668898614481
0.001,20,0.004390930547378958,9.78218459551257e-05
0.001,21,0.004108562902547419,7.5007859442272e-05
0.001,22,0.003836943430360407,5.6399773080181244e-05
0.001,23,0.0036420090240426362,6.490134327446882e-05
0.001,24,0.0035256969276815653,7.74621677270918e-05
0.001,25,0.0034678141702897845,7.914128845824745e-05
0.001,26,0.0034399072057567535,9.574311622907202e-05
0.001,27,0.003414919856004417,0.00011361602041238475
0.001,28,0.0033675851533189415,0.00013001906756573915
0.001,29,0.0032755098887719213,0.00014023537826471046
0.001,30,0.0031144361826591195,0.00012876300993410107
0.001,31,0.00292654832592234,0.0001037212019321484
0.001,32,0.0027943529188632966,7.896100594631997e-05
0.001,33,0.0027203770121559502,0.00010007028045139118
0.001,34,0.0026740522705949845,0.00013150576227564527
0.001,35,0.002643859339877963,0.00010245429114643527
0.001,36,0.0025810132850892843,0.00010754136340104518
0.001,37,0.002496586926281452,8.64173863920191e-05
0.001,38,0.0024281112710013986,6.913085362819151e-05
0.001,39,0.0023881476605311035,7.285499138945724e-05
0.001,40,0.002377605065703392,6.0633163181823306e-05
0.001,41,0.0023647022899240255,5.721950136039005e-05
0.001,42,0.0023346001049503683,5.756571574388186e-05
0.001,43,0.002297337108757347,5.7877701218864e-05
0.001,44,0.0022618242539465426,5.753557039483297e-05
0.001,45,0.0022302959929220378,6.244342798646545e-05
0.001,46,0.0021894801990129053,6.936566022245644e-05
0.001,47,0.002140832447912544,6.509691742907589e-05
0.001,48,0.002113752835430205,7.025686359959e-05
0.001,49,0.0021049936884082856,8.273513966449771e-05
0.001,50,0.0021051323332358153,0.0001071874032093612
0.001,51,0.0020951525191776456,0.00012556556523780294
0.001,52,0.002061243436764926,0.00010299018366892032
0.001,53,0.0020212606817949564,9.347455451589642e-05
0.001,54,0.0019876926206052305,8.583442307052744e-05
0.001,55,0.0019617989542894065,8.428070246865384e-05
0.001,56,0.0019387429172638803,9.578883711797747e-05
0.001,57,0.0019201330898795277,9.563602659456215e-05
0.001,58,0.0018944252864457668,8.784806030839516e-05
0.001,59,0.0018613382067997008,7.882884478888241e-05
0.001,60,0.001833101420197636,7.388557778457015e-05
0.001,61,0.0018185122637078166,7.379039200031475e-05
0.001,62,0.0018138384562917053,7.494421012808773e-05
0.001,63,0.001802922523347661,7.41131221710097e-05
0.001,64,0.0017772402032278478,7.683050532075145e-05
0.001,65,0.0017539989203214645,8.33238392933094e-05
0.001,66,0.0017400855896994472,8.778229095167673e-05
0.001,67,0.001724878652021289,8.039626190500786e-05
0.001,68,0.0017139594303444028,8.765548879568691e-05
0.001,69,0.0016991280019283295,8.976037884194507e-05
0.001,70,0.0016752242052461952,7.868732687390682e-05
0.001,71,0.001647180743748322,6.925198551817945e-05
0.001,72,0.0016272371693048626,7.98219655645735e-05
0.001,73,0.0016109315387438984,8.15437046207517e-05
0.001,74,0.0015862745931372046,6.69753463641722e-05
0.001,75,0.0015669808955863119,6.86088116782921e-05
0.001,76,0.001553024008171633,7.151428633369256e-05
0.001,77,0.0015470257785636932,8.350497902125346e-05
0.001,78,0.0015522541129030288,0.00010964951703011388
0.001,79,0.0015629205154255033,0.00012433781705216678
0.001,80,0.001548113999888301,0.00012349591289765918
0.001,81,0.0015106789127457888,0.00010717371944347504
0.001,82,0.00148365757195279,9.556948419936565e-05
0.001,83,0.0014791110472287983,0.00010818459043018057
0.001,84,0.0014686808630358429,0.00011626833713972857
0.001,85,0.001447492855368182,9.817211553569975e-05
0.001,86,0.0014419446932151913,9.013807903369377e-05
0.001,87,0.0014456651813816279,9.530757830896811e-05
0.001,88,0.00143171829986386,0.00010235498683006168
0.001,89,0.0014098805375397205,0.00010913530960477848
0.001,90,0.0013977158756460994,0.0001038414814342571
0.001,91,0.001386815164005384,9.476243414344096e-05
0.001,92,0.0013778806489426643,9.3259968003319e-05
0.001,93,0.0013705959543585777,0.00011449417431411569
0.001,94,0.0013538206287194044,0.0001139397219076322
0.001,95,0.0013412405212875455,8.310889470985124e-05
0.001,96,0.0013161535316612571,8.028475760008279e-05
0.001,97,0.0012960276042576879,9.528389234200416e-05
0.001,98,0.0012765667808707804,6.871254457579725e-05
0.001,99,0.0012664101086556911,5.784746836151479e-05
0.001,100,0.0012559588998556138,6.368552906337149e-05
0.001,101,0.001244671770837158,7.38687162199737e-05
0.001,102,0.0012421235791407526,6.358680778156174e-05
0.001,103,0.0012254629167728127,4.668167674898997e-05
0.001,104,0.0012110029289033263,6.068034406869139e-05
0.001,105,0.0012021524540614336,7.606068427032917e-05
0.001,106,0.0011980386450886726,8.12727872621757e-05
0.001,107,0.001192504510981962,8.035417321371957e-05
0.001,108,0.0011912135640159249,7.913707244432017e-05
0.001,109,0.0011836979887448252,9.111950220267328e-05
0.001,110,0.0011706324934493751,0.00010284079887141842
0.001,111,0.0011592650611419232,8.848600062758986e-05
0.001,112,0.001162890496198088,7.5266139760868e-05
0.001,113,0.0011698615329805762,9.979752101003802e-05
0.001,114,0.0011683972319588066,0.0001282837127911364
0.001,115,0.0011478451371658594,0.00013382282718645485
0.001,116,0.001124118035659194,9.558379586220183e-05
0.001,117,0.0011051280045649037,8.268607561260286e-05
0.001,118,0.0010946517111733555,8.851016691285962e-05
0.001,119,0.0010846063698409126,9.932858382637896e-05
0.001,120,0.0010864327603485435,8.888246500416668e-05
0.001,121,0.001085579505888745,9.243904287936274e-05
0.001,122,0.0010829134873347357,0.00010299816667572419
0.001,123,0.0010767133149784057,0.00010253887200940377
0.001,124,0.0010639806627295912,9.148523535071477e-05
0.001,125,0.0010429286456201225,7.657524360972699e-05
0.001,126,0.0010250576568068936,7.45341543678281e-05
0.001,127,0.0010060007916763425,6.97005294742797e-05
0.001,128,0.0010074613644974306,8.561480413107357e-05
0.001,129,0.0010184307990130036,8.613395488489241e-05
0.001,130,0.0010076035221572965,8.970654980644017e-05
0.001,131,0.0009887760592391715,8.010981592192779e-05
0.001,132,0.0009923922218149528,7.912309535127726e-05
0.001,133,0.000987885848735459,9.161228319019066e-05
0.001,134,0.0009848753456026317,7.935316285701003e-05
0.001,135,0.0009914984344504773,0.00010789056687218965
0.001,136,0.0009879373799776658,0.0001178376868967775
0.001,137,0.0009743469214299694,0.00012981547080725858
0.001,138,0.0009706538403406739,0.00014859469954335493
0.001,139,0.0009738564025610685,0.0001393835663030919
0.001,140,0.0009642213874030859,0.00012312984112019124
0.001,141,0.0009400246548466384,8.878191159972185e-05
0.001,142,0.0009363307937746868,8.41788801991917e-05
0.001,143,0.0009431246755411849,0.0001055080493054152
0.001,144,0.0009401369548868388,0.00011486817482488925
0.001,145,0.0009206154238199816,0.00010585618695615218
0.001,146,0.0008992384828161448,7.99159179636295e-05
0.001,147,0.0008951984695158899,6.265385020322907e-05
0.001,148,0.0008945675974246115,8.721753800673248e-05
0.001,149,0.0008841200469760224,0.00010137407829729494
0.001,150,0.0008674474345752969,8.056139673926132e-05
0.001,151,0.0008575450512580574,5.574887948856484e-05
0.001,152,0.0008439164201263338,7.233522495840945e-05
0.001,153,0.0008425196894677356,8.078059183471517e-05
0.001,154,0.0008455871342448517,8.366018885666689e-05
0.001,155,0.0008426992426393554,9.251357717727376e-05
0.001,156,0.0008355204568943009,9.586758729647443e-05
0.001,157,0.0008278497960418462,0.00010682860224775206
0.001,158,0.000835242256289348,8.906594161248625e-05
0.001,159,0.000840455133584328,9.606209648940649e-05
0.001,160,0.000809721095720306,9.748934645830985e-05
0.001,161,0.000777608944918029,7.489296750979262e-05
0.001,162,0.0007785593770677224,7.807308519709354e-05
0.001,163,0.0008078631683019922,0.000108489774312404
0.001,164,0.0008217413123929873,0.0001349030011029755
0.001,165,0.000801046213018708,0.00013158383581241765
0.001,166,0.0007647466991329566,9.097671047466742e-05
0.001,167,0.0007625485071912408,8.191850944124427e-05
0.001,168,0.0007842444989364594,8.370105892924925e-05
0.001,169,0.0007796446996508166,0.00010916309453614559
0.001,170,0.0007516494457377121,0.00011926515986662943
0.001,171,0.0007244150183396414,9.317731740110368e-05
0.001,172,0.0007194183795945719,7.939712184091885e-05
0.001,173,0.0007227729103760794,8.127983776483967e-05
0.001,174,0.0007106795528670773,7.982069624562745e-05
0.001,175,0.0006974351330427453,7.485073188661482e-05
0.001,176,0.0007179685664596037,7.370679830582032e-05
0.001,177,0.0007306327723199501,8.100252179282842e-05
0.001,178,0.0007130248384783044,9.085825511779003e-05
0.001,179,0.0006824586977018044,9.317983090076103e-05
0.001,180,0.0006699023651890457,8.490321712062249e-05
0.001,181,0.0006686228327453137,7.698502485319284e-05
0.001,182,0.0006762020842870697,8.410554562854066e-05
0.001,183,0.0006698812736431137,8.69788665082823e-05
0.001,184,0.0006695204181596636,9.072556515132577e-05
0.001,185,0.0006731386703904719,9.778414373452175e-05
0.001,186,0.0006680645805317908,7.754007386219566e-05
0.001,187,0.0006489685736596584,0.00010012921279080761
0.001,188,0.0006224102544365451,0.00010147791617605217
0.001,189,0.0006091364761232398,8.742034562513573e-05
0.001,190,0.000621094327652827,9.282591969003705e-05
0.001,191,0.0006439610151574016,9.864050304325579e-05
0.001,192,0.0006307931471383199,6.629130595303566e-05
0.001,193,0.0006293760452535935,7.176724297183374e-05
0.001,194,0.0006496755057014525,8.564992219486234e-05
0.001,195,0.0006662962143309415,0.00011506488827311458
0.001,196,0.0006674029864370823,0.00010533234464823283
0.001,197,0.0006508335849503055,9.181452354816261e-05
0.001,198,0.000617208520998247,7.689123775781657e-05
0.001,199,0.0005925108533119782,9.04550627778774e-05
0.001,200,0.0005920085473917425,0.00010482618846411836
0.001,201,0.0005946679346379824,9.402274007920555e-05
0.001,202,0.0005815022930619306,8.334790758969052e-05
0.001,203,0.0005736239094403572,8.082393022096706e-05
0.001,204,0.0005756310405558906,9.68518862544161e-05
0.001,205,0.0005758766157669016,0.00011062794257800616
0.001,206,0.0005767100970842876,9.626306740799098e-05
0.001,207,0.0005690999067155644,9.132983243665912e-05
0.001,208,0.0005630980114801787,0.00010050909067556674
0.001,209,0.0005732802543207072,0.00013566600092207096
0.001,210,0.0005994096442009323,0.00016383545214843299
0.001,211,0.0006149326960439794,0.00015186517100050816
0.001,212,0.0006054646655684337,9.995765624326994e-05
0.001,213,0.000594177033053711,0.00010658337055461362
0.001,214,0.0005751063275965862,0.00010544928165897857
0.001,215,0.000549900766054634,5.652643127256506e-05
0.001,216,0.000546555382607039,8.237982662502443e-05
0.001,217,0.0005554306306294165,9.864336991457263e-05
0.001,218,0.000563230155967176,0.0001081526635373816
0.001,219,0.0005419715438620187,0.00012280846536977036
0.001,220,0.0005227589746937156,9.961847263489182e-05
0.001,221,0.0005219173777732067,7.072088792672446e-05
0.001,222,0.0005270048612146638,8.220035523891296e-05
0.001,223,0.000545272690942511,0.00012347275377707785
0.001,224,0.0005482837834279053,0.0001448289129486401
0.001,225,0.0005417661799583584,0.00012453915262743685
0.001,226,0.0005244022831902839,0.00011587318110641668
0.001,227,0.0005171178418095224,0.00010659418018719558
0.001,228,0.0005206083122175186,0.00011932466552303837
0.001,229,0.0005369402701035142,0.00011051608907776552
0.001,230,0.0005604487741948105,0.00011924641333661998
0.001,231,0.0005693958766642027,0.0001270123510199842
0.001,232,0.0005492364201927557,0.00014344118284437412
0.001,233,0.000533584807999432,0.00015828401788990504
0.001,234,0.0005325263395207003,0.0001091075225218661
0.001,235,0.0005280175595544278,0.00011007040157877395
0.001,236,0.0005184942841879092,0.00012995438550137813
0.001,237,0.0005052448570495472,0.0001280033947386645
0.001,238,0.0004940248167258687,0.00011976504007062804
0.001,239,0.0005114648418384604,0.00012155200782582543
0.001,240,0.0005136316904099658,0.00013931361069599604
0.001,241,0.0005174794598133304,0.00011427707907995743
0.001,242,0.0005068976257462055,0.00010974821922059816
0.001,243,0.0005146845578565262,0.00012469229337168472
0.001,244,0.0005243407897069119,0.00015233156132105638
0.001,245,0.0005162154164281673,0.00015193118640027136
0.001,246,0.00048657746956450867,0.00013778576212803562
0.001,247,0.00046201021468732505,0.00010623789495965751
0.001,248,0.0004667873465223238,8.216606384365741e-05
0.001,249,0.00045773826423101127,0.00012535048520144801
0.001,250,0.00047158882225630807,0.00013991865770719253
0.005,0,0.009999999776482582,0.0
0.005,1,0.009495379775762558,8.809361626085072e-05
0.005,2,0.009032583376392723,4.4256032767207036e-05
0.005,3,0.008828779542818665,0.0001392047907116171
0.005,4,0.00877952966839075,0.0002415184796315089
0.005,5,0.008720733737573028,0.00030710372691336325
0.005,6,0.00851628272794187,0.0003588752274355923
0.005,7,0.008170151733793318,0.00040569363415586404
0.005,8,0.007769679441116751,0.0003351185045025886
0.005,9,0.007385297957807779,0.00030206959630333714
0.005,10,0.007073710905387998,0.00031274640207238535
0.005,11,0.006893249368295074,0.0003634433977975689
0.005,12,0.006771454308182001,0.00041328067165212067
0.005,13,0.006625311984680593,0.0004306039460274094
0.005,14,0.00638190011959523,0.0004292208279890049
0.005,15,0.006058046664111316,0.0004273036490614482
0.005,16,0.005689977435395122,0.000392106905508138
0.005,17,0.005310678877867759,0.0003408405424545253
0.005,18,0.0050094574457034465,0.00033754471705135737
0.005,19,0.004807026730850339,0.0003705416108406431
0.005,20,0.004639428108930588,0.0003700893587315209
0.005,21,0.004435125726740807,0.0003798743232270306
0.005,22,0.004235071432776749,0.0003711330342912512
0.005,23,0.004021803161595017,0.0003387106821152036
0.005,24,0.00387518658535555,0.00036548542768300677
0.005,25,0.003754426201339811,0.00042894857134024195
0.005,26,0.0036251200712285937,0.00041082339044771517
0.005,27,0.0035401895991526546,0.0004105587904488741
0.005,28,0.0034903360647149384,0.000384828915276591
0.005,29,0.0034524231450632215,0.00042953742661602524
0.005,30,0.0034099690383300185,0.0004646757923400375
0.005,31,0.0033284506876952945,0.0004958683282447359
0.005,32,0.0032461665919981896,0.0004468211138403345
0.005,33,0.003144485363736749,0.0004030027708302007
0.005,34,0.0030446116928942502,0.00045307806081620834
0.005,35,0.0029691839357838035,0.0005246812115872121
0.005,36,0.002971802942920476,0.0004881919930812257
0.005,37,0.0029820955358445646,0.0004812314488393838
0.005,38,0.003002105874475092,0.0005133279589998931
0.005,39,0.0029571410967037083,0.00047491776250263785
0.005,40,0.0029081688146106897,0.0004860479012250262
0.005,41,0.0028628524276427926,0.0005006354427002145
0.005,42,0.002867478225380182,0.0005060914218028039
0.005,43,0.002894382388330996,0.0004761290556799013
0.005,44,0.0028976804576814176,0.0004671980580110728
0.005,45,0.00288627406116575,0.00048105559895207114
0.005,46,0.0028518712846562267,0.0004960589889326394
0.005,47,0.002788134233560413,0.0004996197450703188
0.005,48,0.0027489599422551693,0.0005128547624574511
0.005,49,0.002761369582731277,0.0004693746202852262
0.005,50,0.0027596097090281544,0.0004205015041090827
0.005,51,0.0027526520891115068,0.0004323092192564558
0.005,52,0.0027236516820266844,0.0004279760762143262
0.005,53,0.0027234161854721604,0.0004270673825514942
0.005,54,0.00272685214295052,0.0004767237056002513
0.005,55,0.002750623703468591,0.0005029814016227595
0.005,56,0.0027288533630780874,0.00046937971399146845
0.005,57,0.002696871914668009,0.00047382641511995864
0.005,58,0.002641587145626545,0.0004954167048966555
0.005,59,0.0025735387054737656,0.0005163871871414404
0.005,60,0.0025238305912353098,0.0004902137080071407
0.005,61,0.002517988288309425,0.00046197539646421714
0.005,62,0.002518430509371683,0.00045340643427695473
0.005,63,0.002500734117347747,0.0004904443057497759
0.005,64,0.0024555290932767094,0.0005058317856293848
0.005,65,0.002408147038659081,0.0004626383196911357
0.005,66,0.0023648342641536145,0.0004524134456169361
0.005,67,0.0023443123034667225,0.0004657277258012734
0.005,68,0.00236330158659257,0.0004980881699260537
0.005,69,0.002352287998655811,0.0004978537422032726
0.005,70,0.002345472382148728,0.00046119392655925276
0.005,71,0.0023315885802730916,0.0004131537776545783
0.005,72,0.002303086972096935,0.0003943742668813471
0.005,73,0.0022531366208568215,0.00037105793069253123
0.005,74,0.002250735176494345,0.0003879110587073161
0.005,75,0.002276192122371867,0.0004154884527163031
0.005,76,0.002295521477935836,0.00043862955427850087
0.005,77,0.002270963980117813,0.000503609256518333
0.005,78,0.0022448945324867963,0.0005236685027756628
0.005,79,0.002240529615664855,0.000506345929898476
0.005,80,0.0022102766262833027,0.0005447497212518355
0.005,81,0.002191543154185638,0.0005880993243310925
0.005,82,0.0021930590039119123,0.0005448761281563874
0.005,83,0.0021912410447839648,0.00048078167326447244
0.005,84,0.002183314022840932,0.0004216923595968845
0.005,85,0.002152927953284234,0.0004093943229318309
0.005,86,0.002133654459612444,0.0004049602303279236
0.005,87,0.002151603891979903,0.0004084513292225701
0.005,88,0.0021674562129192056,0.000453694500441402
0.005,89,0.0021741714153904468,0.0005060810998708085
0.005,90,0.0021501342474948616,0.00048470935300871416
0.005,91,0.0021208836231380703,0.0004212044465032284
0.005,92,0.0020814062445424497,0.0004084255316895217
0.005,93,0.0020538861048407854,0.0004521317475829587
0.005,94,0.0020696188730653375,0.0004854780289821121
0.005,95,0.0020989561278838666,0.000514167500642821
0.005,96,0.0021351042378228158,0.0005616308115632626
0.005,97,0.0021786395111121236,0.0005382986917850059
0.005,98,0.0022022539807949213,0.0005235387873074958
0.005,99,0.0021715537062846125,0.00047281027201312887
0.005,100,0.002124889486003667,0.0004797662533740418
0.005,101,0.002087677799863741,0.0005061450441095401
0.005,102,0.0020484785723965614,0.0004939731475788394
0.005,103,0.002004515199223533,0.0004912422619634871
0.005,104,0.0019768727594055235,0.0004790358274474033
0.005,105,0.0019792509789112954,0.00046137018653530994
0.005,106,0.0019621690269559624,0.0004208090910596211
0.005,107,0.0019727571692783386,0.0003646648910255297
0.005,108,0.0019631720613688232,0.0003146709100018227
0.005,109,0.0019513943465426565,0.0003343645967344319
0.005,110,0.0019480952818412335,0.00036581647384500635
0.005,111,0.0019533504149876536,0.0003822535693398083
0.005,112,0.0019643922976683827,0.00041950201099609085
0.005,113,0.0019867925031576304,0.0004509128273318477
0.005,114,0.0020228217472322285,0.00041837442611859576
0.005,115,0.002065325970761478,0.0003825467664608327
0.005,116,0.0020533994887955488,0.00037091197323058247
0.005,117,0.0020168284594547004,0.0004429731854888687
0.005,118,0.0019964071572758256,0.00044638696081646887
0.005,119,0.001959869830170646,0.00042495364976932563
0.005,120,0.0019482208299450576,0.0004188217672671943
0.005,121,0.0019350517075508832,0.0003885363640784715
0.005,122,0.0019005711481440812,0.0004048826348043787
0.005,123,0.001898755447473377,0.0004332338184137773
0.005,124,0.0019037266029044986,0.00042479315676818965
0.005,125,0.0019343937456142157,0.0003758971225889241
0.005,126,0.0019212292390875518,0.00031950767966929135
0.005,127,0.001879868219839409,0.00034753618790446875
0.005,128,0.0018274559115525335,0.00041036542303346876
0.005,129,0.0017835021717473865,0.0004351572470281657
0.005,130,0.0017679546552244573,0.0003898502122691784
0.005,131,0.0017973049078136682,0.00033226163960581697
0.005,132,0.0018318121728952974,0.00035865799253819564
0.005,133,0.0018574331770651042,0.0004514205745065074
0.005,134,0.001883823494426906,0.0004819960929646044
0.005,135,0.0018817796546500177,0.00044082919065792717
0.005,136,0.001871812716126442,0.0004009321272917192
0.005,137,0.0019236573425587267,0.0003389557893340618
0.005,138,0.001968737121205777,0.0003817134224958137
0.005,139,0.002022313664201647,0.0004559122852298423
0.005,140,0.0020352578081656247,0.0005370036024214926
0.005,141,0.001991094776894897,0.0006437381635023549
0.005,142,0.001953530206810683,0.0007041624858996023
0.005,143,0.0019097151700407267,0.000673364075911586
0.005,144,0.0018837589072063566,0.0005598312100313131
0.005,145,0.0018644233525265009,0.000441915454555835
0.005,146,0.0018828163330908865,0.0003881067764939378
0.005,147,0.0019026893773116172,0.00034479574155564307
0.005,148,0.001937356492271647,0.0003811251774912516
0.005,149,0.001940648106392473,0.0004184568558448871
0.005,150,0.0019100641075056046,0.000429309253167399
0.005,151,0.0018630778242368252,0.00040828174320646195
0.005,152,0.0018477439880371094,0.000396770859456705
0.005,153,0.0017936598684173076,0.0004044414238354829
0.005,154,0.0017231104720849544,0.00045250802870970086
0.005,155,0.0016862642049090936,0.0005136202695485999
0.005,156,0.0016774401185102761,0.0005446807380436968
0.005,157,0.0016848521627252921,0.0005279961136799883
0.005,158,0.0017081597674405203,0.0005003123190556127
0.005,159,0.0017595244717085734,0.0004813541855804165
0.005,160,0.0017858017148682848,0.0004712272870589661
0.005,161,0.001830845099175349,0.0004728565778541981
0.005,162,0.0018562290497357026,0.0005076555962963368
0.005,163,0.0018762994441203773,0.00053918092238139
0.005,164,0.0018861089367419482,0.0005688409061154842
0.005,165,0.0018784255080390722,0.0005403064019131314
0.005,166,0.0018671317433472724,0.0004880657416485221
0.005,167,0.0018634670006576926,0.00044415672231820007
0.005,168,0.0018526596715673805,0.0004051926838956446
0.005,169,0.0018044172029476613,0.00042120340566440483
0.005,170,0.001748564629815519,0.0004585221935142135
0.005,171,0.0017167647718451917,0.00048431967774074177
0.005,172,0.0017208918201504276,0.0005056873414456682
0.005,173,0.0017390408291248604,0.0005264321599974382
0.005,174,0.0017258774721994996,0.0005153649540731575
0.005,175,0.0016850885993335396,0.00047429438716069
0.005,176,0.0016733324097003787,0.00038892111161604407
0.005,177,0.0016994004254229367,0.000334121128561367
0.005,178,0.0017545087030157447,0.00034485245360652694
0.005,179,0.0018103337322827428,0.0004390236697626443
0.005,180,0.0018025915429461747,0.0005196183711786787
0.005,181,0.0017981372366193682,0.0005191009503753537
0.005,182,0.001816529844654724,0.0004529217397175468
0.005,183,0.0017989680171012878,0.0004120717403567479
0.005,184,0.0017588889983016997,0.00045105392947574846
0.005,185,0.0017394188384059817,0.0004298306784309142
0.005,186,0.001763093686895445,0.00033348898996072733
0.005,187,0.001811067818198353,0.0003735615527550812
0.005,188,0.0018094076891429721,0.00045450657268783517
0.005,189,0.0017885814420878887,0.00046890129862100957
0.005,190,0.0017943139420822263,0.00040960030116817995
0.005,191,0.0018129459524061531,0.0003490121158934291
0.005,192,0.0017977979499846698,0.0003492686041946715
0.005,193,0.0017636924982070922,0.0003816298834777391
0.005,194,0.001753218495287001,0.0004220856571855955
0.005,195,0.0017687087063677609,0.00043642297856707346
0.005,196,0.0017678027681540698,0.0004437716893145001
0.005,197,0.0017836802056990565,0.0004433800175216399
0.005,198,0.0017810709134209902,0.0004232849388165769
0.005,199,0.0017298112739808857,0.0004118758153722778
0.005,200,0.001679261843673885,0.00044807136981656585
0.005,201,0.0016510031564394012,0.00045670785514751046
0.005,202,0.0016581736679654568,0.00042677887340551187
0.005,203,0.001686663570581004,0.00037222416369703075
0.005,204,0.0016929016186622904,0.00033358678747682087
0.005,205,0.001700850561610423,0.000326945882395776
0.005,206,0.0016711625969037414,0.0003315006323491409
0.005,207,0.0016559088078793138,0.00033089303412867316
0.005,208,0.00168014490918722,0.0003601302302294982
0.005,209,0.0017190743965329602,0.000384684571886303
0.005,210,0.0017308598151430487,0.0004207756861786436
0.005,211,0.0017411627748515456,0.00040730158317365314
0.005,212,0.0017210563004482538,0.00042442437053626987
0.005,213,0.0016726435511372983,0.00043863313516311444
0.005,214,0.0016441896674223243,0.00045140744277802266
0.005,215,0.0016308049845974893,0.00047198397620510393
0.005,216,0.0016195032221730798,0.0004661558408123354
0.005,217,0.0016158407233888283,0.00045243292975545433
0.005,218,0.0016372896119719372,0.00044281303001986915
0.005,219,0.0016418537095887586,0.0004502564298748288
0.005,220,0.0016770603135228157,0.0004336095845573035
0.005,221,0.0016750144597608597,0.00041317218209611364
0.005,222,0.0016689833719283342,0.0003771011545232511
0.005,223,0.0016473035037051886,0.00033856657956019513
0.005,224,0.001627698400989175,0.0003285135839055336
0.005,225,0.0016073783626779914,0.00035609245456874454
0.005,226,0.0015811844496056437,0.00032610083276892317
0.005,227,0.00158650879166089,0.00030755044626121637
0.005,228,0.0016077556763775646,0.00031961562970726266
0.005,229,0.0016506200714502483,0.00035901068312046676
0.005,230,0.0016622365219518542,0.00040346181502674567
0.005,231,0.001656313892453909,0.00044425253913661406
0.005,232,0.0016677817882737144,0.0004713241760962438
0.005,233,0.0016705375892343,0.00048809003903412706
0.005,234,0.0016734730190364644,0.000488945898594758
0.005,235,0.0016612796665867791,0.0004878641500551841
0.005,236,0.001669435334042646,0.00046396334037894244
0.005,237,0.0016795294563053177,0.0004899960642853036
0.005,238,0.0017050036112777889,0.0005292131815639372
0.005,239,0.0017232712358236312,0.0004935339356129693
0.005,240,0.0017038721009157598,0.00043534452045047547
0.005,241,0.0016829642467200757,0.0003972867054579875
0.005,242,0.0016916974680498242,0.0004444984754964369
0.005,243,0.0016912907361984254,0.0004874517425934669
0.005,244,0.001685501402243972,0.000486639985735324
0.005,245,0.001668346073711291,0.0004716631515512401
0.005,246,0.0016543388192076236,0.0005046435936432497
0.005,247,0.0016304408170981332,0.0005120364491807131
0.005,248,0.0016506852465681733,0.0004962404910742428
0.005,249,0.00168192139826715,0.00048215205036371343
0.005,250,0.0017047011380782351,0.00045665775283642283
0.01,0,0.009999999776482582,0.0
0.01,1,0.009620035253465175,0.00016217790118053347
0.01,2,0.009191653691232204,0.00015772067763226118
0.01,3,0.00892829280346632,0.00021995733520986421
0.01,4,0.008845964074134826,0.00046571347203185016
0.01,5,0.0087722591124475,0.0005985695811653692
0.01,6,0.008628154871985316,0.0007135390428763597
0.01,7,0.008454678254202009,0.0007630155894823279
0.01,8,0.00824284553527832,0.0008036929181544243
0.01,9,0.00799680098425597,0.0007586838500786358
0.01,10,0.007710151397623122,0.0007117847210632279
0.01,11,0.0075210909824818374,0.0006737521533648588
0.01,12,0.007376822223886847,0.0006688573845591888
0.01,13,0.007254753494635224,0.0007332655576349176
0.01,14,0.0071437685051932934,0.0008584195295959135
0.01,15,0.006994582153856755,0.0008583807190254982
0.01,16,0.0067350819241255525,0.0008130440091714741
0.01,17,0.006340025668032467,0.0007910743448717924
0.01,18,0.005870008515194059,0.0007918421070152646
0.01,19,0.005447259615175426,0.0007177603164561316
0.01,20,0.005153707903809845,0.0006451720188494181
0.01,21,0.0050322245573624965,0.0008536398977233798
0.01,22,0.004986897902563214,0.0011265681719931384
0.01,23,0.004910189786460251,0.0011475781673542938
0.01,24,0.004809166747145354,0.0009894340445768613
0.01,25,0.004622821777593345,0.0008044785918357719
0.01,26,0.004399371438194066,0.0007598810525375352
0.01,27,0.004227690910920501,0.0008708932786615828
0.01,28,0.004199841024819762,0.0009516659777683259
0.01,29,0.0041646250057965515,0.0009741176821740067
0.01,30,0.0041540131438523534,0.0008775396627437003
0.01,31,0.004121945984661579,0.0007439359620037119
0.01,32,0.004018990066833794,0.0007346999276990584
0.01,33,0.0039159812964499,0.0007740100306409457
0.01,34,0.0038181812269613147,0.0008287442868023121
0.01,35,0.0037074503488838673,0.0008020374829345178
0.01,36,0.003667209192644805,0.0007788829428692415
0.01,37,0.0036175754386931656,0.0007004881718723231
0.01,38,0.003616870881523937,0.0006571321046741894
0.01,39,0.0037039243848994373,0.0006339022377711102
0.01,40,0.0038443656521849334,0.0007324300047753671
0.01,41,0.003938942297827453,0.0007783851769056812
0.01,42,0.003987421246711165,0.0008116126781747202
0.01,43,0.00395770805189386,0.0007526612785636911
0.01,44,0.003884151834063232,0.0007541019657520025
0.01,45,0.0037848555017262696,0.000810457582179551
0.01,46,0.003661365760490298,0.0007844731964768878
0.01,47,0.003562739701010287,0.0006541557467172318
0.01,48,0.0034711663844063877,0.0005876692523731797
0.01,49,0.0033801242941990496,0.0006178247008889033
0.01,50,0.003275713510811329,0.0007131570719934794
0.01,51,0.003210552764357999,0.0007375067793047931
0.01,52,0.0032295281067490577,0.0007896634498721451
0.01,53,0.0032680714677553622,0.0008590062315124445
0.01,54,0.0033273908484261483,0.0009051974130203193
0.01,55,0.003437153500271961,0.0009300895409330933
0.01,56,0.0035535859409719706,0.0009126717533015779
0.01,57,0.0036463473341427745,0.0009315436231879677
0.01,58,0.0036425423284526916,0.0009385868817039677
0.01,59,0.003560547053348273,0.0009216387907018317
0.01,60,0.003524107940029353,0.0009019979538101605
0.01,61,0.0035090848221443595,0.0009307167157799224
0.01,62,0.003505020932061598,0.00095738399159573
0.01,63,0.0035556205082684757,0.0009604730916362449
0.01,64,0.0036276286118663847,0.0009049163834060832
0.01,65,0.003695728094317019,0.0008832578264493971
0.01,66,0.0037263930309563873,0.0008554899355826374
0.01,67,0.0037288004998117684,0.0007305675710582838
0.01,68,0.0036983239464461804,0.000613601251759844
0.01,69,0.0036316817393526437,0.0005589553792079663
0.01,70,0.003506245953030884,0.0005716959329604972
0.01,71,0.0034151334897615016,0.0006555694610070888
0.01,72,0.003359185333829373,0.0006925655101509649
0.01,73,0.0033740637241862713,0.0007387553419948358
0.01,74,0.00338878754992038,0.0008031515127112634
0.01,75,0.003352412302047014,0.0008483131485271975
0.01,76,0.0033395966864190997,0.0008625873438482372
0.01,77,0.0033499445067718624,0.0008896600461584612
0.01,78,0.003345246403478086,0.000910332078508183
0.01,79,0.0033602367679122836,0.0008966915457234338
0.01,80,0.0033582056988961996,0.0008691478358902975
0.01,81,0.003345686290413141,0.0008662176289938158
0.01,82,0.0033285152225289495,0.000872369023426663
0.01,83,0.0033541734446771443,0.0009055792387875471
0.01,84,0.003363655274733901,0.0009235142494266499
0.01,85,0.003367379982955754,0.0008741784634426501
0.01,86,0.003363442828413099,0.000818102434715591
0.01,87,0.003359609574545175,0.0007566622607316371
0.01,88,0.0033715313184075058,0.0007166338176323431
0.01,89,0.0033570515690371392,0.0007766873920530364
0.01,90,0.003359466337133199,0.0008811492735587263
0.01,91,0.003363185573834926,0.0009973391046915186
0.01,92,0.003359752643154934,0.0010673482775832915
0.01,93,0.0033095804275944827,0.0010992716193502518
0.01,94,0.003226168151013553,0.0011189495881855046
0.01,95,0.0031671630626078696,0.001136973217362333
0.01,96,0.0031400503998156638,0.001102503334053895
0.01,97,0.0031774311210028827,0.0010564232792170608
0.01,98,0.003281989914830774,0.0010373010237659313
0.01,99,0.00340422336012125,0.001064140880675094
0.01,100,0.003572131955297664,0.001126708929336857
0.01,101,0.003731678950134665,0.001222427041557171
0.01,102,0.0038395653828047216,0.0012884942245589164
0.01,103,0.0038916509598493575,0.0013489425224236901
0.01,104,0.0038293846999295058,0.0013569271002430504
0.01,105,0.0037281909957528115,0.0013154948918584145
0.01,106,0.003665197221562266,0.0012665430230949072
0.01,107,0.0036340467049740255,0.0012356069786797674
0.01,108,0.0035797699878457935,0.001228754758028507
0.01,109,0.0035057016648352146,0.0012000910824132892
0.01,110,0.0034900029189884663,0.001146948864616133
0.01,111,0.0035024648299440742,0.0010856043633650772
0.01,112,0.003497827472165227,0.001046823358346096
0.01,113,0.003430451481835917,0.0010382241551054306
0.01,114,0.003387837775517255,0.0010406498619881094
0.01,115,0.003356832481222227,0.0010439101343962932
0.01,116,0.0033029441023245455,0.0010009779774663716
0.01,117,0.0033145847148261963,0.0009933077686635468
0.01,118,0.003332063736161217,0.0010661388426281906
0.01,119,0.0033474484167527407,0.0011062285728017244
0.01,120,0.003401599416974932,0.001140053741640135
0.01,121,0.003399766725488007,0.00110445308671275
0.01,122,0.0034104752936400472,0.0010464969841140078
0.01,123,0.0034125060483347625,0.0009526915824877759
0.01,124,0.0034483380150049925,0.0009272265454631469
0.01,125,0.0034468673926312476,0.0009825837216001128
0.01,126,0.003461176482960582,0.0010447789010054563
0.01,127,0.003471859614364803,0.001034589811381331
0.01,128,0.003494710160885006,0.0009400719787499739
0.01,129,0.0034439548384398223,0.0008147091775002094
0.01,130,0.003417083772365004,0.0006948671682689918
0.01,131,0.003333434497471899,0.0005925499044862363
0.01,132,0.003279541607480496,0.0005772968108594955
0.01,133,0.0032301600323989986,0.0005839831251213969
0.01,134,0.0031768336542882026,0.0005935206181755712
0.01,135,0.00312680077040568,0.0006133487902116374
0.01,136,0.00307083377847448,0.000661760129510664
0.01,137,0.00301580592058599,0.0006702777282366457
0.01,138,0.002985037921462208,0.0007001498648599849
0.01,139,0.0029512022505514325,0.0007486718386600039
0.01,140,0.0029218057345133273,0.0007625394601363426
0.01,141,0.002891404728870839,0.0007959943651795506
0.01,142,0.00288925290806219,0.0008272553115738466
0.01,143,0.00291437185369432,0.0008352644853476302
0.01,144,0.002956522029126063,0.0007944700585893043
0.01,145,0.0030429898179136217,0.0007053345669093127
0.01,146,0.003141082898946479,0.0006370011487889388
0.01,147,0.00321777734789066,0.0006149605778388296
0.01,148,0.00323037535417825,0.0006091424858407319
0.01,149,0.0031571978121064602,0.0006293314878499575
0.01,150,0.0030704637581948193,0.0006922773945182333
0.01,151,0.0029781231191009284,0.0007437405297187374
0.01,152,0.0029664757428690793,0.0007600353808031198
0.01,153,0.003022118943044916,0.0007931785583134111
0.01,154,0.0031240012031048536,0.0008948423264889864
0.01,155,0.0032623288047034294,0.0009616067546344273
0.01,156,0.0033484755374956878,0.0009877372491889117
0.01,157,0.0033747784153092654,0.0009923374825376295
0.01,158,0.003373465547338128,0.0009913579630863858
0.01,159,0.003308150277007371,0.00104106029551122
0.01,160,0.0032339324126951395,0.0010865407448736278
0.01,161,0.003171624563401565,0.0010887268260441122
0.01,162,0.0030683800869155675,0.0010590540093985117
0.01,163,0.0030047974549233915,0.0009861306739235277
0.01,164,0.0029780157085042445,0.0009384548740251721
0.01,165,0.0029950265714433046,0.0009253206631046491
0.01,166,0.0030731307168025525,0.0008912224592115951
0.01,167,0.003185291914269328,0.0008857585903344658
0.01,168,0.0032630258006975054,0.0009142812257299437
0.01,169,0.003305460757110268,0.0009268005178082543
0.01,170,0.003341802500654012,0.000974282640948314
0.01,171,0.0033916863729245962,0.001027407542824316
0.01,172,0.003430743853095919,0.0011063394093620887
0.01,173,0.003458354971371591,0.0011247745260639932
0.01,174,0.0034947266918607055,0.0011058054323415578
0.01,175,0.003483069338835776,0.0010446673452707345
0.01,176,0.0034460093127563598,0.0009474976691315147
0.01,177,0.0033700667205266654,0.0008818801044857553
0.01,178,0.003267890983261168,0.0008895960503262931
0.01,179,0.003220678260549903,0.0009484213302020039
0.01,180,0.00319315490196459,0.0010164218332246663
0.01,181,0.003202610759763047,0.0010628730606249855
0.01,182,0.003276164917042479,0.0011011453934492556
0.01,183,0.0033560192212462427,0.0011552623732224612
0.01,184,0.0034293055476155134,0.0011886258792173075
0.01,185,0.0034808825876098126,0.0011730965469922761
0.01,186,0.0034927262924611567,0.001067808086116497
0.01,187,0.0034768751938827336,0.0009220586804864348
0.01,188,0.0034171686507761478,0.0008356112823215299
0.01,189,0.0033357113134115934,0.0008285094540963311
0.01,190,0.003209068736759946,0.000932457736982312
0.01,191,0.0031033151259180158,0.0010546743324207463
0.01,192,0.003040068282280117,0.0011534319448381009
0.01,193,0.0030114922148641197,0.0011760015760134974
0.01,194,0.003078158141579479,0.001090035618438152
0.01,195,0.003160684154136106,0.0009524088274435597
0.01,196,0.003243354317964986,0.0008924015409292126
0.01,197,0.003317002934636548,0.0008801396808392386
0.01,198,0.0033705345122143626,0.0008980479697888891
0.01,199,0.0034457452595233916,0.0009339994852345671
0.01,200,0.003522760153282434,0.0009524131216075412
0.01,201,0.0035755699151195585,0.0009939168221587292
0.01,202,0.00361013631336391,0.0010281730027842427
0.01,203,0.0036251497571356595,0.0010704108044557077
0.01,204,0.003606899786973372,0.0010967724754578313
0.01,205,0.0035362816823180767,0.0010882941340935835
0.01,206,0.00346484255278483,0.0010880711845542216
0.01,207,0.0034055865253321826,0.0010548932603628666
0.01,208,0.0033686540729831902,0.0010070459670300448
0.01,209,0.003351136576384306,0.0009657128341663216
0.01,210,0.003342320257797837,0.0009455720765484638
0.01,211,0.0032982774660922586,0.000949700875894959
0.01,212,0.003296628937823698,0.000956762866918178
0.01,213,0.0032559962302912025,0.0009080905302253753
0.01,214,0.0031926391180604695,0.0008685592494981867
0.01,215,0.0031816795642953368,0.0008463525536899394
0.01,216,0.0031981570180505516,0.0008761098267400678
0.01,217,0.0032596305245533586,0.0008885388458831056
0.01,218,0.0033097510633524506,0.0009344274509678357
0.01,219,0.0033657591557130218,0.0009364010884363062
0.01,220,0.003393674863036722,0.0009391534101840347
0.01,221,0.0033634633175097404,0.0009403164465046716
0.01,222,0.0033200639009010047,0.0009330351311260104
0.01,223,0.0032607106608338655,0.00090473843838732
0.01,224,0.003213200700702146,0.0008446776890027133
0.01,225,0.0031642203801311554,0.0007831690012181764
0.01,226,0.0031129078881349413,0.0007510028543466664
0.01,227,0.0030849748814944177,0.0007606534444271348
0.01,228,0.003083458996843547,0.0008238444594619433
0.01,229,0.0031206106534227727,0.0008466221618427368
0.01,230,0.0031651727622374892,0.0008700833289676253
0.01,231,0.0032134662731550636,0.0008939634139183626
0.01,232,0.0032664036843925714,0.0009272476177166121
0.01,233,0.0032663064310327174,0.0009944569629050564
0.01,234,0.003232168563408777,0.001066359260817273
0.01,235,0.0031842305674217642,0.0011007849820874418
0.01,236,0.003108693432295695,0.0011147186052723555
0.01,237,0.003055691299960017,0.0010716967034395937
0.01,238,0.003023849771125242,0.0009928056024935922
0.01,239,0.0029997196339536457,0.0009174353188479127
0.01,240,0.0029947780480142684,0.0008545132122350918
0.01,241,0.0030005746346432717,0.0007984549832948459
0.01,242,0.0029956642480101436,0.0007263603871374042
0.01,243,0.002995335671585053,0.0006796511549939549
0.01,244,0.002974571892991662,0.0006455202992038646
0.01,245,0.0029509741347283126,0.0006618185831465774
0.01,246,0.002952466357965022,0.000707569233881924
0.01,247,0.002919749275315553,0.0007575403298255445
0.01,248,0.002888123522279784,0.000815604921107246
0.01,249,0.002890468022087589,0.000825403784680171
0.01,250,0.0028757750580552964,0.0007817078815836198
0.025,0,0.009999999776482582,0.0
0.025,1,0.009785516932606698,0.00047255478008582106
0.025,2,0.009703686507418752,0.0008400536613769029
0.025,3,0.009632564010098576,0.0009395096454987042
0.025,4,0.009507907228544355,0.001040130479599547
0.025,5,0.009354330459609627,0.0010497430156892107
0.025,6,0.009270703652873635,0.001114334521481962
0.025,7,0.009228364191949367,0.0014860933292797516
0.025,8,0.009122728393413127,0.0016455365218448403
0.025,9,0.008945322828367352,0.001570598372386889
0.025,10,0.008862420287914573,0.0017121533958597956
0.025,11,0.008811828563921154,0.0018511660127179775
0.025,12,0.008655388350598514,0.001835303544506654
0.025,13,0.008377379621379077,0.0017218190470650436
0.025,14,0.007954286108724774,0.0015377091492167962
0.025,15,0.00755167449824512,0.001341670734440754
0.025,16,0.007288915617391467,0.0013259961333326722
0.025,17,0.007051627896726131,0.001323695832310014
0.025,18,0.0069104337599128485,0.0012586934334510953
0.025,19,0.006845006183721125,0.0011182015406619686
0.025,20,0.006820607674308121,0.0010031327254296201
0.025,21,0.006907366192899644,0.0010632103519367159
0.025,22,0.006971946521662176,0.001201022916130972
0.025,23,0.0070647845510393385,0.0012568687328087524
0.025,24,0.007156913843937218,0.0012679968754139826
0.025,25,0.0072673492599278685,0.001225423993819939
0.025,26,0.007448425027541816,0.0012215086918922204
0.025,27,0.007519709435291589,0.0012176402977950229
0.025,28,0.007432020758278668,0.0013043358391455274
0.025,29,0.007301404001191258,0.0014843174387758468
0.025,30,0.007157899276353419,0.0016434276835465876
0.025,31,0.007009781361557543,0.0016381161642271991
0.025,32,0.006867610558401793,0.001661708422702879
0.025,33,0.006711320613976568,0.001666918399381351
0.025,34,0.0065511113381944595,0.0015998760111025757
0.025,35,0.006423393683508039,0.001522908515246304
0.025,36,0.006394664873369038,0.0014594376788856498
0.025,37,0.00639436156488955,0.0014331523348771226
0.025,38,0.006513647374231368,0.0015910194884551168
0.025,39,0.0067035445128567515,0.0017157059479855506
0.025,40,0.006938351294957101,0.001808811276108893
0.025,41,0.007127640699036419,0.0018023301101720646
0.025,42,0.007247201958671212,0.0017461803712719274
0.025,43,0.0072698969393968586,0.0016677570609214165
0.025,44,0.0072454486042261125,0.0016299725252208754
0.025,45,0.00722881976980716,0.00160847441946253
0.025,46,0.0071998034371063115,0.0016468538713329567
0.025,47,0.007188317156396807,0.0017128800609783393
0.025,48,0.0071536617237143215,0.0018663610760841366
0.025,49,0.00707130964146927,0.0019388165757261494
0.025,50,0.007036903314292431,0.0019555874197001986
0.025,51,0.007033675524871797,0.001941437117747274
0.025,52,0.007038384524639696,0.001974451770159614
0.025,53,0.007061144267208874,0.002080186995585842
0.025,54,0.007112175202928483,0.0022259495662123184
0.025,55,0.007120159035548568,0.0023286635761729695
0.025,56,0.007165103661827743,0.0024653844348913644
0.025,57,0.0071909645106643435,0.0025076261251945173
0.025,58,0.00719681860646233,0.0024854848988844886
0.025,59,0.007160493335686624,0.00245946362881572
0.025,60,0.00702618743525818,0.002356898691933189
0.025,61,0.0069072085083462294,0.002208703991115417
0.025,62,0.00677281356183812,0.0020407288414437197
0.025,63,0.006635878200177104,0.0018669571319793097
0.025,64,0.006587734608910978,0.0017065041715999514
0.025,65,0.006600934802554548,0.0015870978598453872
0.025,66,0.006624866824131459,0.0014998812056223531
0.025,67,0.0067431911011226475,0.001407624262954984
0.025,68,0.006844925996847451,0.0013984305400239147
0.025,69,0.006938173621892929,0.0014300843929286368
0.025,70,0.007070663245394826,0.0015309903248118457
0.025,71,0.007120036194100976,0.0016208820116306705
0.025,72,0.007162755029276014,0.0016621194147177422
0.025,73,0.007223398145288229,0.0016582365460206462
0.025,74,0.007244482194073499,0.0015776652953001335
0.025,75,0.007219942728988826,0.0014498405415918738
0.025,76,0.0071650096913799645,0.0013895606389203665
0.025,77,0.007118174713104964,0.0013487776139858114
0.025,78,0.0070079674012959005,0.0012474391678967522
0.025,79,0.006836604280397296,0.0011260860684470257
0.025,80,0.006739285704679787,0.0010829793355458862
0.025,81,0.006684920028783381,0.0012080577467776079
0.025,82,0.006701413309201598,0.0013840320721651893
0.025,83,0.006693709082901478,0.0014886463081684104
0.025,84,0.006698579643853009,0.001605130399908427
0.025,85,0.0067204248392954465,0.0018097103900865746
0.025,86,0.006677757203578949,0.001887529912780837
0.025,87,0.0066616111318580805,0.0018693297362336284
0.025,88,0.0066550746094435455,0.0017993414343020543
0.025,89,0.006609249883331359,0.0016851770599453017
0.025,90,0.006534963473677635,0.0016438663511066248
0.025,91,0.00649863735307008,0.0016225381218760075
0.025,92,0.006431681220419705,0.0015860585847770998
0.025,93,0.006391836167313159,0.001586991228333384
0.025,94,0.006454660673625767,0.0015996881146249778
0.025,95,0.00649976443964988,0.0016264682683644492
0.025,96,0.006482837779913098,0.0016929440814354602
0.025,97,0.006472641380969435,0.0017227976002168746
0.025,98,0.006475559005048126,0.0016949310103941187
0.025,99,0.006476866977754981,0.0016728509881031297
0.025,100,0.006469710892997682,0.0016593786264742093
0.025,101,0.006512633815873414,0.001755876030610393
0.025,102,0.006562122399918735,0.0018834163944851014
0.025,103,0.006573725491762161,0.001939470336259627
0.025,104,0.006578723178245127,0.0019083358161709465
0.025,105,0.006600875861477107,0.0017913847518178628
0.025,106,0.006565312691964209,0.0016745421804622755
0.025,107,0.006471717089880258,0.001614862117663034
0.025,108,0.006363795301876962,0.0015977600146858402
0.025,109,0.006255372485611588,0.001645109367441022
0.025,110,0.0061470850370824335,0.0017196036103269779
0.025,111,0.00606730516301468,0.0018031990121245242
0.025,112,0.006023177923634648,0.0018153711993596675
0.025,113,0.005977304349653423,0.0017967828314386257
0.025,114,0.005915685126092285,0.0017641598480519858
0.025,115,0.005853089375887066,0.00167559538456526
0.025,116,0.005785491515416652,0.0016296619394806095
0.025,117,0.0057769242790527645,0.001634464091664561
0.025,118,0.005849525320809334,0.0015953619772770837
0.025,119,0.005961475579533726,0.001560341443951274
0.025,120,0.006058114464394748,0.0015582197365766352
0.025,121,0.0060505087138153614,0.0015757677457436598
0.025,122,0.0060517128906212745,0.001580012360984832
0.025,123,0.006031713541597128,0.0015703878468308777
0.025,124,0.006047002493869513,0.001515801600228288
0.025,125,0.0061091238399967555,0.0013857552839998128
0.025,126,0.006100693624466658,0.0012178129057166243
0.025,127,0.006076391297392547,0.001068018936424157
0.025,128,0.006121622328646481,0.0010364586360571768
0.025,129,0.006217275583185256,0.0010682889165729277
0.025,130,0.0062848949572071435,0.0011206957691084895
0.025,131,0.006360965245403349,0.0011857339188804166
0.025,132,0.006458108266815543,0.0012937328731520037
0.025,133,0.006502582260873168,0.0013354289148743584
0.025,134,0.00654676107224077,0.0013241490155472305
0.025,135,0.0065227925777435304,0.001344747172148086
0.025,136,0.006532458215951919,0.0013669506568293793
0.025,137,0.006540964730083943,0.0014435062596778398
0.025,138,0.00652366979047656,0.0015332596915178514
0.025,139,0.006558862060774118,0.0016039041326408358
0.025,140,0.006607148819603026,0.0016328171030846378
0.025,141,0.006656252255197614,0.001668560185189295
0.025,142,0.006626485264860094,0.0016825399937870633
0.025,143,0.006523251568432897,0.0017192486393527342
0.025,144,0.006394354207441211,0.001770427468734113
0.025,145,0.006167408276814968,0.001812081950340248
0.025,146,0.006037732993718237,0.001850053381567201
0.025,147,0.005974384304136038,0.0018434091335393307
0.025,148,0.0059516765060834585,0.001845623191297866
0.025,149,0.006004945328459144,0.0018722306244779066
0.025,150,0.006070799322333187,0.0019370204422231863
0.025,151,0.006129697186406702,0.00200936394387059
0.025,152,0.006214107037521899,0.00207304282356238
0.025,153,0.006300921190995723,0.0020914520034415207
0.025,154,0.006418297067284584,0.0021323164420457234
0.025,155,0.0065152987372130156,0.002190848772039407
0.025,156,0.0065651041688397525,0.0022582272083806667
0.025,157,0.006565774721093476,0.0023332156838611817
0.025,158,0.006507117883302271,0.0024300766582641617
0.025,159,0.006406621867790818,0.0025238197916355384
0.025,160,0.006249817763455212,0.0025920874872031457
0.025,161,0.006172345345839858,0.002596949292110652
0.025,162,0.006119825353380293,0.0025589565072291253
0.025,163,0.006147891038563102,0.0025126678036860046
0.025,164,0.006203131459187716,0.0024790990329273785
0.025,165,0.0062444266048260035,0.002426465375421876
0.025,166,0.006312515563331544,0.002359887999213046
0.025,167,0.006357787479646504,0.002325597229300751
0.025,168,0.006439745298121124,0.0022920078174399473
0.025,169,0.006540767510887236,0.00224941776796847
0.025,170,0.0066154217580333356,0.002261066979019852
0.025,171,0.006674139329697936,0.002272486271282175
0.025,172,0.006748159404378384,0.002250903427063418
0.025,173,0.00678487952100113,0.002282309757982303
0.025,174,0.0067818219307810065,0.0023321560684173405
0.025,175,0.0067585917073301974,0.0023293349913928747
0.025,176,0.006724012643098831,0.002339417796989465
0.025,177,0.00669197702081874,0.002271232348442703
0.025,178,0.0066376507980749015,0.002191136271416735
0.025,179,0.006529586901888251,0.0020892634390059393
0.025,180,0.006492008536588401,0.002024915417877963
0.025,181,0.006476161745376885,0.0020264804713103334
0.025,182,0.00647060462506488,0.0020466828777843844
0.025,183,0.006488950387574732,0.002095075768901396
0.025,184,0.006545739597640932,0.002108627789387643
0.025,185,0.006597711832728237,0.00210793432540651
0.025,186,0.006665664515458048,0.0021351365720597617
0.025,187,0.00675198663957417,0.00217306284318976
0.025,188,0.00686418313998729,0.0022366161931363687
0.025,189,0.006962661305442453,0.002327777261071969
0.025,190,0.007078399905003608,0.002422697238206961
0.025,191,0.007160039828158915,0.002535398213432539
0.025,192,0.007237126480322331,0.0026045588340934895
0.025,193,0.007219461782369763,0.0026307507649367687
0.025,194,0.007190478267148137,0.0026148554944816784
0.025,195,0.007127932697767392,0.0025368718316736336
0.025,196,0.00704275225289166,0.0024224981460556354
0.025,197,0.0070019954699091615,0.0023441810379052795
0.025,198,0.007002766150981188,0.0022964406861876643
0.025,199,0.00696733248187229,0.0023107876527879516
0.025,200,0.006982564739882946,0.0023510773029034996
0.025,201,0.007030287210363894,0.002410109205352002
0.025,202,0.007048823032528162,0.0024627687318953956
0.025,203,0.007099705131258816,0.0025754871026073267
0.025,204,0.0071148410090245305,0.0027311551638787624
0.025,205,0.0070711620734073225,0.0029218044252366632
0.025,206,0.007073528587352484,0.003071740708225476
0.025,207,0.007111586723476648,0.003142730360380622
0.025,208,0.007165036769583822,0.0031494509921666577
0.025,209,0.007222426822409034,0.003146572804082401
0.025,210,0.007285151421092451,0.003130999466033861
0.025,211,0.007245320582296699,0.003192421356725194
0.025,212,0.0070856114150956275,0.0032644702590241543
0.025,213,0.00690491289133206,0.0032974011146578563
0.025,214,0.00674280512612313,0.0032724005276238933
0.025,215,0.006645201612263918,0.0031863951515365137
0.025,216,0.006592903449200094,0.0031243256367524384
0.025,217,0.006559173751156777,0.003100925610987711
0.025,218,0.006531065877061338,0.003088457997802103
0.025,219,0.006514463061466813,0.003065548744370211
0.025,220,0.00654073340119794,0.0030204259525540974
0.025,221,0.006626010779291392,0.002955939457642865
0.025,222,0.006691030273213982,0.0029487315969323516
0.025,223,0.006759526068344712,0.002966122333871409
0.025,224,0.006862805457785726,0.002998803582035217
0.025,225,0.0070182916708290575,0.003004701927132254
0.025,226,0.0071775778895244,0.00301029654188883
0.025,227,0.007308243087027222,0.002977470021958501
0.025,228,0.0073945725103840235,0.002889600708853909
0.025,229,0.007414232334122061,0.0028220333069143423
0.025,230,0.007347988104447723,0.002746039980631996
0.025,231,0.0072309138718992475,0.00265517885859811
0.025,232,0.007126363599672914,0.00253711457894035
0.025,233,0.007008547615259886,0.00238614342224845
0.025,234,0.00686423722654581,0.0022322327157013825
0.025,235,0.006726965052075684,0.0020960071064086666
0.025,236,0.006631427328102291,0.0019852488022970697
0.025,237,0.006569015444256365,0.001924908064696399
0.025,238,0.006565989996306598,0.0018638250514012998
0.025,239,0.006584435002878308,0.0018136584607876891
0.025,240,0.006645866599865258,0.0017860156832935137
0.025,241,0.006720908405259252,0.0017703458945264028
0.025,242,0.006777250650338828,0.0017263428617270327
0.025,243,0.006805973686277866,0.0016588885203156214
0.025,244,0.006809044466353953,0.001631680896380901
0.025,245,0.006783029378857464,0.0015902867161321204
0.025,246,0.006785657326690853,0.0015620814711155358
0.025,247,0.006765512842684984,0.001555456684801057
0.025,248,0.006744301086291671,0.0015922607440548484
0.025,249,0.006718730775173753,0.0016912202525527274
0.025,250,0.006647150544449687,0.0018100638906566474
0.05,0,0.009999999776482582,0.0
0.05,1,0.010071386815980077,0.0005818749710569558
0.05,2,0.010078620212152601,0.0010045624137430863
0.05,3,0.010155660007148981,0.0012697537847336175
0.05,4,0.010290302173234522,0.0016709600902510475
0.05,5,0.010403551068156958,0.002081953733107395
0.05,6,0.010566127835772932,0.002389362746420259
0.05,7,0.01065714426804334,0.0026312990170436
0.05,8,0.010869367886334658,0.0026556131517413754
0.05,9,0.011053843051195144,0.002698441098534365
0.05,10,0.011125140869989992,0.002871322207543772
0.05,11,0.01123610397335142,0.003058907417049502
0.05,12,0.011581711960025132,0.0031682239315512202
0.05,13,0.011847153352573515,0.003258672385253358
0.05,14,0.011974035296589136,0.0033890933577475383
0.05,15,0.012093909760005772,0.003502857532786737
0.05,16,0.012127249035984278,0.003555219368018091
0.05,17,0.012044998607598245,0.00335484513660824
0.05,18,0.012002375395968556,0.0029663038341395374
0.05,19,0.011869551241397857,0.002617085453364469
0.05,20,0.01175424240063876,0.0024775776657439013
0.05,21,0.011627368256449699,0.0024776217487317617
0.05,22,0.011592600215226411,0.002550102170487903
0.05,23,0.01159552198369056,0.0027035569687637252
0.05,24,0.011552998330444098,0.0028801012692311065
0.05,25,0.011474273353815078,0.0030512739820381016
0.05,26,0.011477797175757587,0.0031870752900015576
0.05,27,0.01143073346465826,0.00331978365229345
0.05,28,0.011406905553303658,0.0033134374760400405
0.05,29,0.011413444229401649,0.003239437704193195
0.05,30,0.011371696228161454,0.003157754871048933
0.05,31,0.011299228668212891,0.0030762064979467235
0.05,32,0.011192408669739962,0.003045133137173548
0.05,33,0.011103656771592797,0.0030680081950406053
0.05,34,0.011093286401592194,0.003151868428731103
0.05,35,0.011102289357222617,0.0030487326683127035
0.05,36,0.011155420495197178,0.0029047910177176593
0.05,37,0.011394650978036224,0.0027665470100155026
0.05,38,0.011726802354678512,0.002761883366027683
0.05,39,0.012020227592438459,0.0028843307363482216
0.05,40,0.012173346779309212,0.003113130975812271
0.05,41,0.012213862501084805,0.0032819390808252746
0.05,42,0.012227099970914423,0.0033705634996833594
0.05,43,0.012229004129767417,0.0033869734165727773
0.05,44,0.01225040468852967,0.0033349427423592475
0.05,45,0.012212480464950205,0.003286203263296662
0.05,46,0.012240219884552062,0.003236167944987329
0.05,47,0.012135929521173238,0.0030684272576748735
0.05,48,0.011942787235602737,0.002996140281730168
0.05,49,0.011746747861616313,0.002961006741409801
0.05,50,0.0115341643569991,0.002947471291825011
0.05,51,0.011187714757397771,0.002998197712421609
0.05,52,0.01094876539427787,0.003064157805755641
0.05,53,0.010739146755076945,0.0031011277973690228
0.05,54,0.010683675785548985,0.003124717019534914
0.05,55,0.010708778537809849,0.0031203010289839006
0.05,56,0.010844868049025536,0.0030386027217958523
0.05,57,0.010982519318349659,0.0029231963216571075
0.05,58,0.011142895859666168,0.0027515336962516943
0.05,59,0.011353840888477861,0.002647707903378148
0.05,60,0.011456837202422321,0.0026438591974914977
0.05,61,0.011531406850554048,0.0026749952449898642
0.05,62,0.011568380077369511,0.0026672301746895706
0.05,63,0.011612288863398134,0.0026351339933140846
0.05,64,0.011664483230561018,0.002630064068823325
0.05,65,0.011645250651054085,0.0025964793720056104
0.05,66,0.01154832795727998,0.002606528180058909
0.05,67,0.011380896274931728,0.002633573580792495
0.05,68,0.011280217906460166,0.002700897744486752
0.05,69,0.011280789994634688,0.0027585784259597725
0.05,70,0.011250206362456083,0.0027897709592701824
0.05,71,0.01118238342460245,0.002805402230165069
0.05,72,0.011083233286626637,0.0027970344344196265
0.05,73,0.01105980824213475,0.0028153111111066573
0.05,74,0.011107409140095115,0.002817565527528554
0.05,75,0.011218821490183472,0.0028326226156129646
0.05,76,0.011345506412908435,0.002887245837514157
0.05,77,0.011417336226440967,0.0029665517301583903
0.05,78,0.01151650883257389,0.0030495858486790633
0.05,79,0.011626467714086175,0.00307205767818727
0.05,80,0.011661410983651876,0.003049151505731888
0.05,81,0.011780136986635626,0.002929494063653331
0.05,82,0.011886575818061828,0.002798477766924283
0.05,83,0.011905347881838679,0.002670176813827891
0.05,84,0.011891240836121142,0.0025608535712594144
0.05,85,0.01186646604910493,0.002485731661209979
0.05,86,0.011824597325176,0.0024405658411741356
0.05,87,0.011732600722461939,0.002356849540507831
0.05,88,0.011650005960837007,0.0024038893685639474
0.05,89,0.011628013104200363,0.0024371217889834107
0.05,90,0.011683023883961141,0.0025143210791550197
0.05,91,0.01175146303139627,0.0025406318210544265
0.05,92,0.011776975984685124,0.0026267703521980785
0.05,93,0.011730008386075496,0.0027098092578197778
0.05,94,0.011636371561326086,0.002837561995442344
0.05,95,0.011652013007551431,0.003002616517702328
0.05,96,0.011727365618571638,0.003209889934254667
0.05,97,0.01181295986752957,0.003420205632763246
0.05,98,0.01189304746221751,0.0035870649535847967
0.05,99,0.012024328880943357,0.0036230561304026175
0.05,100,0.012215357040986419,0.0036102263037832696
0.05,101,0.012444746680557728,0.0036311304493569984
0.05,102,0.01272267708554864,0.0037074483276442775
0.05,103,0.01296102695632726,0.0038529273682652663
0.05,104,0.013208213518373669,0.003968914718661874
0.05,105,0.013492615660652518,0.004156079439763369
0.05,106,0.013759229076094925,0.004339453075280941
0.05,107,0.014055823883973062,0.004502938754871377
0.05,108,0.014248626469634474,0.004582682376587719
0.05,109,0.014329053543042392,0.004545399574004123
0.05,110,0.014359202235937119,0.004496355736496997
0.05,111,0.014387703267857432,0.004437667900394393
0.05,112,0.014396287500858307,0.004345828334237685
0.05,113,0.01434661380480975,0.004263345064447115
0.05,114,0.014303065557032823,0.0042129560378518435
0.05,115,0.01416167188435793,0.0041798719329125935
0.05,116,0.014043279038742185,0.004094433904306972
0.05,117,0.013881718926131725,0.004001243980556861
0.05,118,0.01378513271920383,0.003928817808861573
0.05,119,0.01368010533042252,0.0038266835759852803
0.05,120,0.013551398972049355,0.003803380412482388
0.05,121,0.013409734098240733,0.003883236298709311
0.05,122,0.01324698633980006,0.003968552356063234
0.05,123,0.013059651874937118,0.004093057475352798
0.05,124,0.012881636340171098,0.004182521783281551
0.05,125,0.012741709663532674,0.004279011171599032
0.05,126,0.01266513210721314,0.004340372576605709
0.05,127,0.01257608358282596,0.004393148349170019
0.05,128,0.012557780626229942,0.004416215980041364
0.05,129,0.012547142244875431,0.004414138496009541
0.05,130,0.012619723845273257,0.004433715314353489
0.05,131,0.012755008647218347,0.004473457009712362
0.05,132,0.012829102855175734,0.00444391943715396
0.05,133,0.01289963887538761,0.004397219809061539
0.05,134,0.01302003834862262,0.004276260407011125
0.05,135,0.01318239737302065,0.004129476612673415
0.05,136,0.013323675305582584,0.003980274691523681
0.05,137,0.013398529007099568,0.0038433689462878356
0.05,138,0.013406862155534327,0.0037329901788054898
0.05,139,0.013415905344299973,0.0037156815659406565
0.05,140,0.013413218362256885,0.0037041290081834184
0.05,141,0.01341405774001032,0.0036906380312095614
0.05,142,0.013400313816964627,0.003691099113427381
0.05,143,0.01337842030916363,0.003709878595253922
0.05,144,0.013323983526788652,0.0037053500157160028
0.05,145,0.013265571417286992,0.0036615406295387246
0.05,146,0.013186474237591029,0.003642582445044181
0.05,147,0.013085351884365081,0.0036521656739611275
0.05,148,0.01295317867770791,0.0036433495687399854
0.05,149,0.01281254510395229,0.00360380315910094
0.05,150,0.012706128135323524,0.0035522379020530093
0.05,151,0.01263068038970232,0.0035308019929967127
0.05,152,0.01262342669069767,0.0035180696738604583
0.05,153,0.012558074668049812,0.003544875820672691
0.05,154,0.012475689710117876,0.00353417854756713
0.05,155,0.012409916892647744,0.0035128655056170105
0.05,156,0.012382275029085576,0.00353590538218524
0.05,157,0.012410344812087715,0.003602302324808013
0.05,158,0.012461879802867771,0.0036373596698734655
0.05,159,0.01253206362016499,0.0036440547883201087
0.05,160,0.012592358607798814,0.0036609808079517896
0.05,161,0.012609234917908907,0.0036356029666145167
0.05,162,0.012587630143389105,0.003622501664209232
0.05,163,0.012555986596271395,0.003625534557752862
0.05,164,0.01253151367418468,0.0036474355504962225
0.05,165,0.012558020860888064,0.003658001921957529
0.05,166,0.01257998771034181,0.003648939614974667
0.05,167,0.012523182248696686,0.0036354939737149356
0.05,168,0.012473709578625859,0.0036468769166676453
0.05,169,0.012450915994122624,0.003630590262553734
0.05,170,0.012430056487210095,0.0035842943081787
0.05,171,0.012368385074660182,0.003521607990212298
0.05,172,0.01230413787998259,0.003467585966051618
0.05,173,0.012242557876743377,0.0035134181086234222
0.05,174,0.012177751492708921,0.0034967979813752092
0.05,175,0.012028141831979155,0.00348653279570201
0.05,176,0.011823903978802263,0.003446529671180547
0.05,177,0.011607570503838361,0.003386537957732796
0.05,178,0.011343093262985349,0.003296578518066317
0.05,179,0.011045581311918795,0.003200813873898935
0.05,180,0.010767511930316687,0.003084444083164959
0.05,181,0.01057837326079607,0.003031581385542199
0.05,182,0.01045714805368334,0.0029373055254709
0.05,183,0.01042665799614042,0.0028101746949463725
0.05,184,0.010438222507946193,0.0026940650414766986
0.05,185,0.010469547775574028,0.0025942851479527373
0.05,186,0.01045593258459121,0.002625859464790714
0.05,187,0.010445779631845653,0.0027472919101504322
0.05,188,0.010453885258175432,0.0028770857053303316
0.05,189,0.010451523191295563,0.0030000059094812993
0.05,190,0.01044855776708573,0.0031215679035586546
0.05,191,0.010496968263760209,0.0032546058712673467
0.05,192,0.010548342345282435,0.003376786260987693
0.05,193,0.010594881023280323,0.0034407510367395586
0.05,194,0.010614362335763872,0.003480641563275094
0.05,195,0.01065927108284086,0.0033893953792553874
0.05,196,0.010629793512634933,0.003304729389467861
0.05,197,0.010612273053266109,0.00326880232222845
0.05,198,0.010558266541920602,0.0032157465620739085
0.05,199,0.01048053428530693,0.003223239427250757
0.05,200,0.010417045024223626,0.003169307880288191
0.05,201,0.010370105155743659,0.0031403384682138305
0.05,202,0.010330123151652515,0.0030858724913271737
0.05,203,0.010279719647951425,0.0030580288142272316
0.05,204,0.010214034072123467,0.0030240438284713424
0.05,205,0.010157734202221037,0.002949442327985224
0.05,206,0.010157052148133516,0.0028665035392891986
0.05,207,0.010152521613053977,0.0027447237648031493
0.05,208,0.010127598675899208,0.00254224687920336
0.05,209,0.0100741611327976,0.002330001403259377
0.05,210,0.009946641558781267,0.002107825873860936
0.05,211,0.009804932912811638,0.0019981593420485117
0.05,212,0.009703957731835544,0.0019256284589536084
0.05,213,0.009673131653107703,0.0018263444300201143
0.05,214,0.00968400260899216,0.0018627388947764438
0.05,215,0.009672097209841014,0.0019071844291642947
0.05,216,0.009660814516246318,0.0019808934395120674
0.05,217,0.0096279100747779,0.0019939310649146154
0.05,218,0.009625948802568018,0.0019331797257902982
0.05,219,0.009610873134806752,0.0018686525248048232
0.05,220,0.00960403229109943,0.001842299692001462
0.05,221,0.0096010138746351,0.0018257661644860042
0.05,222,0.009641065471805632,0.0018359383548126568
0.05,223,0.009604752738960087,0.0018921010882994491
0.05,224,0.009599485411308705,0.0020374800619418357
0.05,225,0.00961964305024594,0.0021630227774084203
0.05,226,0.009639557707123459,0.0022839773201244478
0.05,227,0.009701571008190513,0.0024092061342510635
0.05,228,0.009804708673618734,0.002545580439509529
0.05,229,0.009847953519783913,0.002698987694775135
0.05,230,0.009958634874783457,0.0029304082075943404
0.05,231,0.010139143746346235,0.0030841267067305412
0.05,232,0.01027328500058502,0.0032118947123388466
0.05,233,0.010369039862416685,0.003236449788963788
0.05,234,0.010439843661151827,0.003260006908358489
0.05,235,0.010486292466521264,0.0032897827443469415
0.05,236,0.010550609906204045,0.003281882293738195
0.05,237,0.010570736788213252,0.00327087103895821
0.05,238,0.010573560115881264,0.003257788866726535
0.05,239,0.010596262733452022,0.003173279873039786
0.05,240,0.010648648953065276,0.003088262582788072
0.05,241,0.010752575867809356,0.0030156346775734094
0.05,242,0.010790960304439068,0.002943259774229468
0.05,243,0.010755633050575853,0.002936339169118688
0.05,244,0.01070084844250232,0.0029461997787505042
0.05,245,0.010628637229092418,0.0029909389248444695
0.05,246,0.010506746266037226,0.0030575742582560966
0.05,247,0.010427637770771981,0.0030987746550962796
0.05,248,0.01034769017715007,0.0031016275499649152
0.05,249,0.010311509575694799,0.0030777444355162835
0.05,250,0.010220282152295113,0.0030355873189388547
0.1,0,0.009999999776482582,0.0
0.1,1,0.01041479897685349,0.0007581234357450208
0.1,2,0.011025603581219911,0.0010614671890126356
0.1,3,0.011485892347991467,0.00155550046230669
0.1,4,0.012178643234074115,0.0021372170115940923
0.1,5,0.012825309950858354,0.0024811272715440907
0.1,6,0.01343732769601047,0.002819537495518057
0.1,7,0.01411474694032222,0.0031166459815111756
0.1,8,0.014748275722377002,0.003412329186810959
0.1,9,0.015451582497917116,0.003766533665930081
0.1,10,0.015960469981655477,0.003987279133201239
0.1,11,0.01649554583709687,0.004291850197662213
0.1,12,0.016826657042838634,0.004551903332711096
0.1,13,0.017045966582372785,0.004772956289053269
0.1,14,0.017285698908381164,0.005027308318614659
0.1,15,0.01762198864016682,0.005299025760465834
0.1,16,0.01795031726360321,0.005420195418006501
0.1,17,0.018210341269150377,0.005612869992901524
0.1,18,0.018412121618166567,0.00586130439321699
0.1,19,0.01854892810806632,0.006023713268090551
0.1,20,0.01868633460253477,0.006073912483270528
0.1,21,0.01885593975894153,0.006091584541679131
0.1,22,0.01913861632347107,0.006105507425647451
0.1,23,0.019557769782841204,0.0060094860922051616
0.1,24,0.01997323613613844,0.00583833310779077
0.1,25,0.020429900148883462,0.005604445916835605
0.1,26,0.02081562499515712,0.005331471618180938
0.1,27,0.02107473541982472,0.005112466924902897
0.1,28,0.021171168889850378,0.004942055371587925
0.1,29,0.0211231482680887,0.004953849288938012
0.1,30,0.02104053320363164,0.005002489706634193
0.1,31,0.02088080081157386,0.0051687761197591
0.1,32,0.020672539714723825,0.0052820467024865935
0.1,33,0.020494656870141625,0.005381842504172768
0.1,34,0.020356518914923072,0.005444791461805547
0.1,35,0.02025179802440107,0.005498729312904239
0.1,36,0.02017214330844581,0.005669868758023636
0.1,37,0.020076026022434235,0.005865270275694193
0.1,38,0.020082305883988738,0.006029407024417949
0.1,39,0.020074456557631494,0.0061710827429908854
0.1,40,0.02007834780961275,0.006196652550469177
0.1,41,0.020139628509059548,0.006272429517244582
0.1,42,0.020242437859997152,0.0062965898704690345
0.1,43,0.02031833357177675,0.006272629071703927
0.1,44,0.020401138300076126,0.006223530184920986
0.1,45,0.020483931666240095,0.006134111078787614
0.1,46,0.020463707111775874,0.006083070663768661
0.1,47,0.02039176323451102,0.005996053090621701
0.1,48,0.02022779006510973,0.005878501177449112
0.1,49,0.020040991250425577,0.005849514790742916
0.1,50,0.019876018771901725,0.0057828475680097285
0.1,51,0.019749633269384503,0.005529229350922188
0.1,52,0.01969154104590416,0.005381395962391992
0.1,53,0.01964674019254744,0.005259489534518855
0.1,54,0.019642629008740187,0.0052149072606463625
0.1,55,0.0196532619651407,0.005185323444413299
0.1,56,0.01963966852054,0.005202487002526485
0.1,57,0.019608717504888774,0.005298227134984045
0.1,58,0.0196576165035367,0.005356473277562208
0.1,59,0.019751130044460295,0.005361790762187194
0.1,60,0.01986036137677729,0.0054085282070264985
0.1,61,0.019867080729454756,0.0055471011614322465
0.1,62,0.019800079800188542,0.005651569035230661
0.1,63,0.019704169919714333,0.00581514124744597
0.1,64,0.01965182665735483,0.0059292849248131505
0.1,65,0.019636577880010008,0.006070642284626464
0.1,66,0.01961709903553128,0.00618247762867492
0.1,67,0.019615722913295032,0.00627358416329526
0.1,68,0.019606120046228172,0.006272489105589904
0.1,69,0.01959072626195848,0.006224324785578419
0.1,70,0.019528312841430306,0.006166474234858567
0.1,71,0.019488401152193545,0.006083594478873063
0.1,72,0.019345811614766718,0.005961605310896866
0.1,73,0.019226702209562064,0.0058790457672825746
0.1,74,0.019066828489303588,0.0058232449354713375
0.1,75,0.018869240139611065,0.005788543989279571
0.1,76,0.018724930472671986,0.005716949326060784
0.1,77,0.0185646069701761,0.0056928654309262965
0.1,78,0.01832403412554413,0.005686221131479624
0.1,79,0.018107705703005194,0.00564564081932309
0.1,80,0.017886730586178602,0.005529675547034531
0.1,81,0.017659235512837768,0.005471865978630265
0.1,82,0.017417319118976593,0.005427880431507353
0.1,83,0.01717106781434268,0.00535519071958322
0.1,84,0.016884511290118098,0.005290362307906164
0.1,85,0.01671399469487369,0.0053139954444073505
0.1,86,0.016529352823272347,0.0053112526090479725
0.1,87,0.016413640649989247,0.005281976292112251
0.1,88,0.01638371080625802,0.005245859181180391
0.1,89,0.01636117324233055,0.005177759292871132
0.1,90,0.016399916773661972,0.0050953246009868055
0.1,91,0.016423121420666577,0.005047002320421515
0.1,92,0.016551987593993546,0.004873605886310659
0.1,93,0.0167000831104815,0.004727201869595051
0.1,94,0.016916202520951627,0.004647003091071868
0.1,95,0.017129579791799188,0.00460431936113655
0.1,96,0.01734434994868934,0.00453998038854062
0.1,97,0.017570837680250407,0.004486106212180397
0.1,98,0.017737296782433985,0.004411235371515515
0.1,99,0.01796178021468222,0.004434815034665324
0.1,100,0.01820639446377754,0.004525252703760528
0.1,101,0.01838612323626876,0.004648079420680875
0.1,102,0.01855224771425128,0.004791592413245874
0.1,103,0.01877125524915755,0.004957715615596555
0.1,104,0.018996597733348608,0.0051125033736294945
0.1,105,0.01910065384581685,0.005221384863877056
0.1,106,0.019197591999545693,0.005360514799620048
0.1,107,0.019325653742998838,0.0054656911158904205
0.1,108,0.019383866991847753,0.0055174588092708945
0.1,109,0.019392926758155227,0.005534387004838959
0.1,110,0.01936890445649624,0.00559734496118268
0.1,111,0.019347961666062473,0.005644947003057543
0.1,112,0.01931248982436955,0.0057512439813733884
0.1,113,0.0192733621224761,0.005875171483462523
0.1,114,0.01917462283745408,0.0060674787189455015
0.1,115,0.019077778933569788,0.006171804809683238
0.1,116,0.019029178842902183,0.0062302984056242915
0.1,117,0.019010056089609862,0.0062312683742403105
0.1,118,0.018944016890600324,0.006236517510477996
0.1,119,0.018902435200288892,0.006112307303403449
0.1,120,0.01884095058776438,0.006038286284061266
0.1,121,0.018816038873046635,0.005985965784993983
0.1,122,0.018814689107239248,0.005955463758866135
0.1,123,0.018735195603221656,0.005851183874353018
0.1,124,0.01867377241142094,0.005760229059353914
0.1,125,0.018646143935620786,0.00561652362321555
0.1,126,0.018536226311698555,0.005476587505037327
0.1,127,0.018479733169078826,0.00523636124242842
0.1,128,0.018424360547214746,0.005024175897244592
0.1,129,0.018348489655181766,0.004907891343713122
0.1,130,0.018282611295580863,0.004744571570252471
0.1,131,0.018262521317228674,0.004679824466213525
0.1,132,0.01829871884547174,0.00463991334777845
0.1,133,0.018382733594626187,0.004588691847538301
0.1,134,0.01846066238358617,0.004524582130087798
0.1,135,0.01848914213478565,0.004411929595973123
0.1,136,0.01849988764151931,0.00433216783661791
0.1,137,0.018480496667325496,0.0042917459064640605
0.1,138,0.018512999499216677,0.004267388601090115
0.1,139,0.01843015137128532,0.004142364755022863
0.1,140,0.018310112599283456,0.004011467751906173
0.1,141,0.018176410673186184,0.003909476676286407
0.1,142,0.018011629581451416,0.0038511258665830756
0.1,143,0.0178183036390692,0.0037566385261013245
0.1,144,0.017629098100587725,0.003748144038594885
0.1,145,0.017459455924108625,0.003750349731628181
0.1,146,0.017363113071769475,0.0037311405031724477
0.1,147,0.01730509619228542,0.0036246711329485882
0.1,148,0.017221627524122596,0.0034893002292881482
0.1,149,0.017162270518019794,0.0033741584737092033
0.1,150,0.017170519568026066,0.0033684882832792406
0.1,151,0.017201414424926044,0.003396493702874034
0.1,152,0.017177389236167073,0.00343552899637064
0.1,153,0.017185906460508705,0.003475290625093553
0.1,154,0.017184364423155785,0.003553046705988211
0.1,155,0.017201765533536674,0.0035766766848884576
0.1,156,0.01715999636799097,0.003642305037208536
0.1,157,0.017139557842165233,0.003692741483812682
0.1,158,0.017181330686435105,0.0037018332732349567
0.1,159,0.017234352277591826,0.003681908381483416
0.1,160,0.017261719284579157,0.0036502918501954053
0.1,161,0.017248048540204765,0.0036524393981076917
0.1,162,0.017337806848809124,0.0036073126626247625
0.1,163,0.017392614064738153,0.0035669645527608576
0.1,164,0.017393058445304633,0.003505799243067519
0.1,165,0.017385041760280728,0.0035249944424117236
0.1,166,0.01738284439779818,0.0035797251249612603
0.1,167,0.017316832067444922,0.0036134182105470557
0.1,168,0.017202931782230736,0.003651464590455813
0.1,169,0.017133815167471766,0.0037235448000042023
0.1,170,0.01698187701404095,0.0038268894243233256
0.1,171,0.016835219878703355,0.003938929188990804
0.1,172,0.016722709871828556,0.004021607366266487
0.1,173,0.01665311842225492,0.004119823776703498
0.1,174,0.0165832937695086,0.004155062600276948
0.1,175,0.0164778480771929,0.004125146727595679
0.1,176,0.01630184156820178,0.004096096100647387
0.1,177,0.01612755316309631,0.00407454812361635
0.1,178,0.015971425408497452,0.004017556737229698
0.1,179,0.015846334490925075,0.003981036760770389
0.1,180,0.015771969268098474,0.004014556236375066
0.1,181,0.015713496459648015,0.0040437900498332
0.1,182,0.0156708593480289,0.004072157025764623
0.1,183,0.0156525996979326,0.004099633933955764
0.1,184,0.015596803231164812,0.004181459061773078
0.1,185,0.015562999108806253,0.004334152350419738
0.1,186,0.015499327192083,0.00450499322789991
0.1,187,0.015528418147005141,0.004640724713537988
0.1,188,0.015541720506735145,0.0047454499114598665
0.1,189,0.015550295822322369,0.004827533120309827
0.1,190,0.015635184990242124,0.004916094825888938
0.1,191,0.015709182992577553,0.004980477587408623
0.1,192,0.01574513493105769,0.0050595314597903975
0.1,193,0.015789065789431334,0.00509566369169381
0.1,194,0.015887639624997972,0.00509877993046029
0.1,195,0.016014523711055516,0.005033520696208056
0.1,196,0.01618729387409985,0.004964884884212886
0.1,197,0.016375068668276073,0.004846453418729179
0.1,198,0.016522524319589137,0.004752086319960553
0.1,199,0.016647121496498586,0.004595471730247384
0.1,200,0.016765888081863523,0.004521299067466594
0.1,201,0.016813941625878216,0.0044091140621330795
0.1,202,0.016869917465373873,0.004337644903397818
0.1,203,0.016942746937274933,0.004255755743710108
0.1,204,0.016997468983754517,0.004266255066796575
0.1,205,0.017043197667226194,0.004275699254311267
0.1,206,0.017083460791036488,0.0043509346295510735
0.1,207,0.017104004928842186,0.004422837335031953
0.1,208,0.0170096674002707,0.004481647255725247
0.1,209,0.016956202639266848,0.004531980646789479
0.1,210,0.016962997522205113,0.004486482992436949
0.1,211,0.016962968185544013,0.0043757708611067035
0.1,212,0.016968416515737772,0.004232193630888128
0.1,213,0.017011899314820767,0.004124883877949568
0.1,214,0.017057983996346594,0.00404568905085888
0.1,215,0.017072305735200643,0.003998292323450214
0.1,216,0.017052428657189013,0.004000054983769929
0.1,217,0.01705952798947692,0.00396710600008286
0.1,218,0.01706725833937526,0.003933369089420531
0.1,219,0.017043312545865774,0.003883473434593732
0.1,220,0.01699075042270124,0.0038864981154139314
0.1,221,0.01695476076565683,0.003813192585656787
0.1,222,0.01691847792826593,0.0037456057829936508
0.1,223,0.016920301504433154,0.003684432074262248
0.1,224,0.016999930934980513,0.003613235398991015
0.1,225,0.01716799926944077,0.0036180924498822277
0.1,226,0.017382793547585606,0.0036330810921685742
0.1,227,0.01764523359015584,0.0036883055206926667
0.1,228,0.017916382197290658,0.0037745399525176073
0.1,229,0.01816209275275469,0.003874613745997093
0.1,230,0.01839268165640533,0.00395253895320282
0.1,231,0.018641180777922272,0.004018670753883701
0.1,232,0.018832390755414964,0.00405094611849495
0.1,233,0.018988907476887106,0.00413883357005133
0.1,234,0.019109508069232107,0.004294831394902156
0.1,235,0.019251124933362007,0.004486299519352768
0.1,236,0.01933632232248783,0.00460876431554467
0.1,237,0.01938312570564449,0.004679109300910665
0.1,238,0.01943677496165037,0.004759354628872116
0.1,239,0.019497544271871448,0.004786292654945331
0.1,240,0.019533199584111573,0.004863644556658119
0.1,241,0.01953724236227572,0.004877416399188451
0.1,242,0.019547216640785337,0.004926582823132946
0.1,243,0.019509665155783295,0.0049817192997225835
0.1,244,0.019450585916638376,0.005040989821930081
0.1,245,0.019377429550513626,0.005145492345544382
0.1,246,0.019263509148731827,0.005240975941507659
0.1,247,0.019149820739403366,0.005272290392590832
0.1,248,0.019065490597859024,0.005282393170032192
0.1,249,0.01889214403927326,0.005192096943755047
0.1,250,0.018759531155228614,0.00504012820763929
