seed,checkpoint_age,source_checkpoint,source_checkpoint_sha256,protocol_sha256,batch_file_sha256,rewrite_family,row_id,S1,clean_first_update_l2,candidate_first_update_l2,first_update_delta_l2,first_update_cosine_similarity,theta_checkpoint_norm,tau,batch_sha256,initial_parameters_identical,clean_train_loss,candidate_train_loss,trajectory_crossed,T_tau
4101,500,checkpoints\seed_4101_age_500.pt,7fa34684acddbb4c0d6bbbcd7e9e4549dc3750be17a8389c462e06db32cb314a,5b0213c94acc2bf1a7ce1444f0a8c2598385ca2613f96b97d19de162d412094c,99f4ece8391fbeba8ad332dbf13935a29322adb8691e000d94ed76b5267b5411,clean,4101_500_clean,0.0,0.06594957411289215,0.06594957411289215,0.0,1.0000001192092896,15.039556503295898,1.5039556503295899,5c34dcca855577f673ea17c7e4ff2d823d9c25f90e2d5bca7362d719508a5fc9,True,1.4085116386413574,1.4085116386413574,False,
4101,500,checkpoints\seed_4101_age_500.pt,7fa34684acddbb4c0d6bbbcd7e9e4549dc3750be17a8389c462e06db32cb314a,5b0213c94acc2bf1a7ce1444f0a8c2598385ca2613f96b97d19de162d412094c,99f4ece8391fbeba8ad332dbf13935a29322adb8691e000d94ed76b5267b5411,reset_m,4101_500_reset_m,0.8477882873502685,0.06594957411289215,0.03403531759977341,0.05591127648949623,0.5305317640304565,15.039556503295898,1.5039556503295899,5c34dcca855577f673ea17c7e4ff2d823d9c25f90e2d5bca7362d719508a5fc9,True,1.4085116386413574,1.4085116386413574,False,
4101,500,checkpoints\seed_4101_age_500.pt,7fa34684acddbb4c0d6bbbcd7e9e4549dc3750be17a8389c462e06db32cb314a,5b0213c94acc2bf1a7ce1444f0a8c2598385ca2613f96b97d19de162d412094c,99f4ece8391fbeba8ad332dbf13935a29322adb8691e000d94ed76b5267b5411,reset_v,4101_500_reset_v,1764.1665280209409,0.06594957411289215,116.35050201416016,116.34603118896484,0.06801969558000565,15.039556503295898,1.5039556503295899,5c34dcca855577f673ea17c7e4ff2d823d9c25f90e2d5bca7362d719508a5fc9,True,1.4085116386413574,1.4085116386413574,True,1
4101,500,checkpoints\seed_4101_age_500.pt,7fa34684acddbb4c0d6bbbcd7e9e4549dc3750be17a8389c462e06db32cb314a,5b0213c94acc2bf1a7ce1444f0a8c2598385ca2613f96b97d19de162d412094c,99f4ece8391fbeba8ad332dbf13935a29322adb8691e000d94ed76b5267b5411,full_per_parameter_reset,4101_500_full_per_parameter_reset,4.598622938467272,0.06594957411289215,0.3147052526473999,0.30327722430229187,0.2749176621437073,15.039556503295898,1.5039556503295899,5c34dcca855577f673ea17c7e4ff2d823d9c25f90e2d5bca7362d719508a5fc9,True,1.4085116386413574,1.4085116386413574,False,
4101,1500,checkpoints\seed_4101_age_1500.pt,9ddb64cbb9231e187b06be5652c8d2bdbf7e9743ec4708d3e45903b49660cf56,5b0213c94acc2bf1a7ce1444f0a8c2598385ca2613f96b97d19de162d412094c,99f4ece8391fbeba8ad332dbf13935a29322adb8691e000d94ed76b5267b5411,clean,4101_1500_clean,0.0,0.062203049659729004,0.062203049659729004,0.0,0.9999999403953552,21.459760665893555,2.1459760665893555,ef07b4b9afa23d972ee2f0569c408667d414b49aa332602444d8be377e1dc811,True,1.043450117111206,1.043450117111206,False,
4101,1500,checkpoints\seed_4101_age_1500.pt,9ddb64cbb9231e187b06be5652c8d2bdbf7e9743ec4708d3e45903b49660cf56,5b0213c94acc2bf1a7ce1444f0a8c2598385ca2613f96b97d19de162d412094c,99f4ece8391fbeba8ad332dbf13935a29322adb8691e000d94ed76b5267b5411,reset_m,4101_1500_reset_m,0.9397646498391456,0.062203049659729004,0.03357159346342087,0.05845622718334198,0.37810051441192627,21.459760665893555,2.1459760665893555,ef07b4b9afa23d972ee2f0569c408667d414b49aa332602444d8be377e1dc811,True,1.043450117111206,1.043450117111206,False,
4101,1500,checkpoints\seed_4101_age_1500.pt,9ddb64cbb9231e187b06be5652c8d2bdbf7e9743ec4708d3e45903b49660cf56,5b0213c94acc2bf1a7ce1444f0a8c2598385ca2613f96b97d19de162d412094c,99f4ece8391fbeba8ad332dbf13935a29322adb8691e000d94ed76b5267b5411,reset_v,4101_1500_reset_v,2150.433705026976,0.062203049659729004,133.76861572265625,133.76353454589844,0.08209624141454697,21.459760665893555,2.1459760665893555,ef07b4b9afa23d972ee2f0569c408667d414b49aa332602444d8be377e1dc811,True,1.043450117111206,1.043450117111206,True,1
4101,1500,checkpoints\seed_4101_age_1500.pt,9ddb64cbb9231e187b06be5652c8d2bdbf7e9743ec4708d3e45903b49660cf56,5b0213c94acc2bf1a7ce1444f0a8c2598385ca2613f96b97d19de162d412094c,99f4ece8391fbeba8ad332dbf13935a29322adb8691e000d94ed76b5267b5411,full_per_parameter_reset,4101_1500_full_per_parameter_reset,5.058197919799403,0.062203049659729004,0.32477498054504395,0.31463533639907837,0.2562271058559418,21.459760665893555,2.1459760665893555,ef07b4b9afa23d972ee2f0569c408667d414b49aa332602444d8be377e1dc811,True,1.043450117111206,1.043450117111206,False,
4101,3000,checkpoints\seed_4101_age_3000.pt,2bc0cef79c4b840f2901da5dd6431d9b0ea145fb3e0d8bc65f094c4fd51ccb3e,5b0213c94acc2bf1a7ce1444f0a8c2598385ca2613f96b97d19de162d412094c,99f4ece8391fbeba8ad332dbf13935a29322adb8691e000d94ed76b5267b5411,clean,4101_3000_clean,0.0,0.0643671303987503,0.0643671303987503,0.0,1.0,26.547344207763672,2.6547344207763675,2ebd3d04e4b954ad125ba8bdb120ad22b406862cec5f6d041b0bbff3a8a9b6da,True,0.8267738819122314,0.8267738819122314,False,
4101,3000,checkpoints\seed_4101_age_3000.pt,2bc0cef79c4b840f2901da5dd6431d9b0ea145fb3e0d8bc65f094c4fd51ccb3e,5b0213c94acc2bf1a7ce1444f0a8c2598385ca2613f96b97d19de162d412094c,99f4ece8391fbeba8ad332dbf13935a29322adb8691e000d94ed76b5267b5411,reset_m,4101_3000_reset_m,0.6534879346505398,0.0643671303987503,0.039277203381061554,0.042063143104314804,0.7745785713195801,26.547344207763672,2.6547344207763675,2ebd3d04e4b954ad125ba8bdb120ad22b406862cec5f6d041b0bbff3a8a9b6da,True,0.8267738819122314,0.8267738819122314,False,
4101,3000,checkpoints\seed_4101_age_3000.pt,2bc0cef79c4b840f2901da5dd6431d9b0ea145fb3e0d8bc65f094c4fd51ccb3e,5b0213c94acc2bf1a7ce1444f0a8c2598385ca2613f96b97d19de162d412094c,99f4ece8391fbeba8ad332dbf13935a29322adb8691e000d94ed76b5267b5411,reset_v,4101_3000_reset_v,1887.2602064015916,0.0643671303987503,121.48078155517578,121.47752380371094,0.050866954028606415,26.547344207763672,2.6547344207763675,2ebd3d04e4b954ad125ba8bdb120ad22b406862cec5f6d041b0bbff3a8a9b6da,True,0.8267738819122314,0.8267738819122314,True,1
4101,3000,checkpoints\seed_4101_age_3000.pt,2bc0cef79c4b840f2901da5dd6431d9b0ea145fb3e0d8bc65f094c4fd51ccb3e,5b0213c94acc2bf1a7ce1444f0a8c2598385ca2613f96b97d19de162d412094c,99f4ece8391fbeba8ad332dbf13935a29322adb8691e000d94ed76b5267b5411,full_per_parameter_reset,4101_3000_full_per_parameter_reset,4.565108615184407,0.0643671303987503,0.32603850960731506,0.29384294152259827,0.5742014646530151,26.547344207763672,2.6547344207763675,2ebd3d04e4b954ad125ba8bdb120ad22b406862cec5f6d041b0bbff3a8a9b6da,True,0.8267738819122314,0.8267738819122314,False,
4102,500,checkpoints\seed_4102_age_500.pt,da1bb66616747478abdcbaccd070f5f5c080cf6119043897559bf4fc81014725,5b0213c94acc2bf1a7ce1444f0a8c2598385ca2613f96b97d19de162d412094c,7c5cbefe866ee50d39341250351e6170998b2a6aeedaf0fbc73fa23acd387fee,clean,4102_500_clean,0.0,0.0971081554889679,0.0971081554889679,0.0,1.0000001192092896,15.273032188415527,1.5273032188415527,3f716e7b5b319941c30de4d0f2ebb1c665a8688c405f5d0cf5365c36bd177cf6,True,1.5106754302978516,1.5106754302978516,False,
4102,500,checkpoints\seed_4102_age_500.pt,da1bb66616747478abdcbaccd070f5f5c080cf6119043897559bf4fc81014725,5b0213c94acc2bf1a7ce1444f0a8c2598385ca2613f96b97d19de162d412094c,7c5cbefe866ee50d39341250351e6170998b2a6aeedaf0fbc73fa23acd387fee,reset_m,4102_500_reset_m,0.7534585897518445,0.0971081554889679,0.06780420243740082,0.07316697388887405,0.6586837768554688,15.273032188415527,1.5273032188415527,3f716e7b5b319941c30de4d0f2ebb1c665a8688c405f5d0cf5365c36bd177cf6,True,1.5106754302978516,1.5106754302978516,False,
4102,500,checkpoints\seed_4102_age_500.pt,da1bb66616747478abdcbaccd070f5f5c080cf6119043897559bf4fc81014725,5b0213c94acc2bf1a7ce1444f0a8c2598385ca2613f96b97d19de162d412094c,7c5cbefe866ee50d39341250351e6170998b2a6aeedaf0fbc73fa23acd387fee,reset_v,4102_500_reset_v,558.1026961260152,0.0971081554889679,54.20270538330078,54.19632339477539,0.06664405763149261,15.273032188415527,1.5273032188415527,3f716e7b5b319941c30de4d0f2ebb1c665a8688c405f5d0cf5365c36bd177cf6,True,1.5106754302978516,1.5106754302978516,True,1
4102,500,checkpoints\seed_4102_age_500.pt,da1bb66616747478abdcbaccd070f5f5c080cf6119043897559bf4fc81014725,5b0213c94acc2bf1a7ce1444f0a8c2598385ca2613f96b97d19de162d412094c,7c5cbefe866ee50d39341250351e6170998b2a6aeedaf0fbc73fa23acd387fee,full_per_parameter_reset,4102_500_full_per_parameter_reset,2.9207499733465,0.0971081554889679,0.3160841763019562,0.2836286425590515,0.4706728756427765,15.273032188415527,1.5273032188415527,3f716e7b5b319941c30de4d0f2ebb1c665a8688c405f5d0cf5365c36bd177cf6,True,1.5106754302978516,1.5106754302978516,True,73
4102,1500,checkpoints\seed_4102_age_1500.pt,a9563ab995f4aad0366306e42c54eb101d35861fd696564332b0277e8284ffc7,5b0213c94acc2bf1a7ce1444f0a8c2598385ca2613f96b97d19de162d412094c,7c5cbefe866ee50d39341250351e6170998b2a6aeedaf0fbc73fa23acd387fee,clean,4102_1500_clean,0.0,0.06463481485843658,0.06463481485843658,0.0,0.9999998807907104,21.303287506103516,2.1303287506103517,016d47c9fa0fe9e7f26212be62be3685b4fb8fee1d765c81008a2101fa3bd1fe,True,1.2114429473876953,1.2114429473876953,False,
4102,1500,checkpoints\seed_4102_age_1500.pt,a9563ab995f4aad0366306e42c54eb101d35861fd696564332b0277e8284ffc7,5b0213c94acc2bf1a7ce1444f0a8c2598385ca2613f96b97d19de162d412094c,7c5cbefe866ee50d39341250351e6170998b2a6aeedaf0fbc73fa23acd387fee,reset_m,4102_1500_reset_m,0.8481481216651727,0.06463481485843658,0.05058278143405914,0.054819896817207336,0.5706009864807129,21.303287506103516,2.1303287506103517,016d47c9fa0fe9e7f26212be62be3685b4fb8fee1d765c81008a2101fa3bd1fe,True,1.2114429473876953,1.2114429473876953,False,
4102,1500,checkpoints\seed_4102_age_1500.pt,a9563ab995f4aad0366306e42c54eb101d35861fd696564332b0277e8284ffc7,5b0213c94acc2bf1a7ce1444f0a8c2598385ca2613f96b97d19de162d412094c,7c5cbefe866ee50d39341250351e6170998b2a6aeedaf0fbc73fa23acd387fee,reset_v,4102_1500_reset_v,1948.5547152954186,0.06463481485843658,125.94766235351562,125.94447326660156,0.04968148469924927,21.303287506103516,2.1303287506103517,016d47c9fa0fe9e7f26212be62be3685b4fb8fee1d765c81008a2101fa3bd1fe,True,1.2114429473876953,1.2114429473876953,True,1
4102,1500,checkpoints\seed_4102_age_1500.pt,a9563ab995f4aad0366306e42c54eb101d35861fd696564332b0277e8284ffc7,5b0213c94acc2bf1a7ce1444f0a8c2598385ca2613f96b97d19de162d412094c,7c5cbefe866ee50d39341250351e6170998b2a6aeedaf0fbc73fa23acd387fee,full_per_parameter_reset,4102_1500_full_per_parameter_reset,4.640079731224704,0.06463481485843658,0.3203097879886627,0.29991069436073303,0.4064500331878662,21.303287506103516,2.1303287506103517,016d47c9fa0fe9e7f26212be62be3685b4fb8fee1d765c81008a2101fa3bd1fe,True,1.2114429473876953,1.2114429473876953,False,
4102,3000,checkpoints\seed_4102_age_3000.pt,cd3b71846c92b204f3905ee1eadc5d069adf8ed0b150fb012045bad792731f29,5b0213c94acc2bf1a7ce1444f0a8c2598385ca2613f96b97d19de162d412094c,7c5cbefe866ee50d39341250351e6170998b2a6aeedaf0fbc73fa23acd387fee,clean,4102_3000_clean,0.0,0.0765010267496109,0.0765010267496109,0.0,0.9999999403953552,26.362302780151367,2.636230278015137,1b80c308811149130340c3fc9b960f3419e3d511d26a42d1a052bb59683ae095,True,0.9977198839187622,0.9977198839187622,False,
4102,3000,checkpoints\seed_4102_age_3000.pt,cd3b71846c92b204f3905ee1eadc5d069adf8ed0b150fb012045bad792731f29,5b0213c94acc2bf1a7ce1444f0a8c2598385ca2613f96b97d19de162d412094c,7c5cbefe866ee50d39341250351e6170998b2a6aeedaf0fbc73fa23acd387fee,reset_m,4102_3000_reset_m,0.8802466235572952,0.0765010267496109,0.03751884773373604,0.06733977049589157,0.4747747480869293,26.362302780151367,2.636230278015137,1b80c308811149130340c3fc9b960f3419e3d511d26a42d1a052bb59683ae095,True,0.9977198839187622,0.9977198839187622,False,
4102,3000,checkpoints\seed_4102_age_3000.pt,cd3b71846c92b204f3905ee1eadc5d069adf8ed0b150fb012045bad792731f29,5b0213c94acc2bf1a7ce1444f0a8c2598385ca2613f96b97d19de162d412094c,7c5cbefe866ee50d39341250351e6170998b2a6aeedaf0fbc73fa23acd387fee,reset_v,4102_3000_reset_v,1403.959691420724,0.0765010267496109,107.42584991455078,107.40435791015625,0.28116437792778015,26.362302780151367,2.636230278015137,1b80c308811149130340c3fc9b960f3419e3d511d26a42d1a052bb59683ae095,True,0.9977198839187622,0.9977198839187622,True,1
4102,3000,checkpoints\seed_4102_age_3000.pt,cd3b71846c92b204f3905ee1eadc5d069adf8ed0b150fb012045bad792731f29,5b0213c94acc2bf1a7ce1444f0a8c2598385ca2613f96b97d19de162d412094c,7c5cbefe866ee50d39341250351e6170998b2a6aeedaf0fbc73fa23acd387fee,full_per_parameter_reset,4102_3000_full_per_parameter_reset,3.9753695876121427,0.0765010267496109,0.32261791825294495,0.30411985516548157,0.3534320890903473,26.362302780151367,2.636230278015137,1b80c308811149130340c3fc9b960f3419e3d511d26a42d1a052bb59683ae095,True,0.9977198839187622,0.9977198839187622,False,
4103,500,checkpoints\seed_4103_age_500.pt,c0ba81aa08f750938639413cd59f65c4ccc65ef431fbf6fcf58a78aa74071032,5b0213c94acc2bf1a7ce1444f0a8c2598385ca2613f96b97d19de162d412094c,686a3c24e1121883e4cc4f12f482619b9c042d6d83d2eb29f42aa8ea44145f24,clean,4103_500_clean,0.0,0.09979762136936188,0.09979762136936188,0.0,1.0,15.536487579345703,1.5536487579345704,84f900bc25578ca098a642b21d72301301bdfa0b1fdde269d08cf680bc0f1cdb,True,1.4328644275665283,1.4328644275665283,False,
4103,500,checkpoints\seed_4103_age_500.pt,c0ba81aa08f750938639413cd59f65c4ccc65ef431fbf6fcf58a78aa74071032,5b0213c94acc2bf1a7ce1444f0a8c2598385ca2613f96b97d19de162d412094c,686a3c24e1121883e4cc4f12f482619b9c042d6d83d2eb29f42aa8ea44145f24,reset_m,4103_500_reset_m,0.8002472636301163,0.09979762136936188,0.04141934588551521,0.07986277341842651,0.6407400369644165,15.536487579345703,1.5536487579345704,84f900bc25578ca098a642b21d72301301bdfa0b1fdde269d08cf680bc0f1cdb,True,1.4328644275665283,1.4328644275665283,False,
4103,500,checkpoints\seed_4103_age_500.pt,c0ba81aa08f750938639413cd59f65c4ccc65ef431fbf6fcf58a78aa74071032,5b0213c94acc2bf1a7ce1444f0a8c2598385ca2613f96b97d19de162d412094c,686a3c24e1121883e4cc4f12f482619b9c042d6d83d2eb29f42aa8ea44145f24,reset_v,4103_500_reset_v,1517.323668535056,0.09979762136936188,151.4302978515625,151.42529296875,0.05040888115763664,15.536487579345703,1.5536487579345704,84f900bc25578ca098a642b21d72301301bdfa0b1fdde269d08cf680bc0f1cdb,True,1.4328644275665283,1.4328644275665283,True,1
4103,500,checkpoints\seed_4103_age_500.pt,c0ba81aa08f750938639413cd59f65c4ccc65ef431fbf6fcf58a78aa74071032,5b0213c94acc2bf1a7ce1444f0a8c2598385ca2613f96b97d19de162d412094c,686a3c24e1121883e4cc4f12f482619b9c042d6d83d2eb29f42aa8ea44145f24,full_per_parameter_reset,4103_500_full_per_parameter_reset,2.8100777849913388,0.09979762136936188,0.3178999722003937,0.2804390788078308,0.5102158188819885,15.536487579345703,1.5536487579345704,84f900bc25578ca098a642b21d72301301bdfa0b1fdde269d08cf680bc0f1cdb,True,1.4328644275665283,1.4328644275665283,True,61
4103,1500,checkpoints\seed_4103_age_1500.pt,8b4c589069acbed385cddb4a4a26dbda6fe8f9212d9ab307427aaf30dcc1531b,5b0213c94acc2bf1a7ce1444f0a8c2598385ca2613f96b97d19de162d412094c,686a3c24e1121883e4cc4f12f482619b9c042d6d83d2eb29f42aa8ea44145f24,clean,4103_1500_clean,0.0,0.06460799276828766,0.06460799276828766,0.0,1.0,22.128751754760742,2.2128751754760745,7cfc8b3b621a51485e08772d9bb097899064f25c8ee4c5c4400382ab751c8abc,True,0.9440643787384033,0.9440643787384033,False,
4103,1500,checkpoints\seed_4103_age_1500.pt,8b4c589069acbed385cddb4a4a26dbda6fe8f9212d9ab307427aaf30dcc1531b,5b0213c94acc2bf1a7ce1444f0a8c2598385ca2613f96b97d19de162d412094c,686a3c24e1121883e4cc4f12f482619b9c042d6d83d2eb29f42aa8ea44145f24,reset_m,4103_1500_reset_m,0.8612851607044102,0.06460799276828766,0.030123485252261162,0.0556459054350853,0.510002076625824,22.128751754760742,2.2128751754760745,7cfc8b3b621a51485e08772d9bb097899064f25c8ee4c5c4400382ab751c8abc,True,0.9440643787384033,0.9440643787384033,False,
4103,1500,checkpoints\seed_4103_age_1500.pt,8b4c589069acbed385cddb4a4a26dbda6fe8f9212d9ab307427aaf30dcc1531b,5b0213c94acc2bf1a7ce1444f0a8c2598385ca2613f96b97d19de162d412094c,686a3c24e1121883e4cc4f12f482619b9c042d6d83d2eb29f42aa8ea44145f24,reset_v,4103_1500_reset_v,3743.0764599656495,0.06460799276828766,241.83546447753906,241.83265686035156,0.043423496186733246,22.128751754760742,2.2128751754760745,7cfc8b3b621a51485e08772d9bb097899064f25c8ee4c5c4400382ab751c8abc,True,0.9440643787384033,0.9440643787384033,True,1
4103,1500,checkpoints\seed_4103_age_1500.pt,8b4c589069acbed385cddb4a4a26dbda6fe8f9212d9ab307427aaf30dcc1531b,5b0213c94acc2bf1a7ce1444f0a8c2598385ca2613f96b97d19de162d412094c,686a3c24e1121883e4cc4f12f482619b9c042d6d83d2eb29f42aa8ea44145f24,full_per_parameter_reset,4103_1500_full_per_parameter_reset,4.749702301871076,0.06460799276828766,0.32265767455101013,0.3068687319755554,0.33851999044418335,22.128751754760742,2.2128751754760745,7cfc8b3b621a51485e08772d9bb097899064f25c8ee4c5c4400382ab751c8abc,True,0.9440643787384033,0.9440643787384033,False,
4103,3000,checkpoints\seed_4103_age_3000.pt,04b8f9f17948333384efe9da5b3bab5dbcb26c2828b9e3063ec79409894614db,5b0213c94acc2bf1a7ce1444f0a8c2598385ca2613f96b97d19de162d412094c,686a3c24e1121883e4cc4f12f482619b9c042d6d83d2eb29f42aa8ea44145f24,clean,4103_3000_clean,0.0,0.07242825627326965,0.07242825627326965,0.0,0.9999998211860657,26.82512092590332,2.6825120925903323,2c814ce4eeb4a1c559708de06043fe645f68545c736c656c116a29f63bfa866e,True,0.7291483879089355,0.7291483879089355,False,
4103,3000,checkpoints\seed_4103_age_3000.pt,04b8f9f17948333384efe9da5b3bab5dbcb26c2828b9e3063ec79409894614db,5b0213c94acc2bf1a7ce1444f0a8c2598385ca2613f96b97d19de162d412094c,686a3c24e1121883e4cc4f12f482619b9c042d6d83d2eb29f42aa8ea44145f24,reset_m,4103_3000_reset_m,1.0575289605328893,0.07242825627326965,0.03322282060980797,0.07659497857093811,0.10032464563846588,26.82512092590332,2.6825120925903323,2c814ce4eeb4a1c559708de06043fe645f68545c736c656c116a29f63bfa866e,True,0.7291483879089355,0.7291483879089355,False,
4103,3000,checkpoints\seed_4103_age_3000.pt,04b8f9f17948333384efe9da5b3bab5dbcb26c2828b9e3063ec79409894614db,5b0213c94acc2bf1a7ce1444f0a8c2598385ca2613f96b97d19de162d412094c,686a3c24e1121883e4cc4f12f482619b9c042d6d83d2eb29f42aa8ea44145f24,reset_v,4103_3000_reset_v,4504.728397260098,0.07242825627326965,326.2738952636719,326.2696228027344,0.05912560969591141,26.82512092590332,2.6825120925903323,2c814ce4eeb4a1c559708de06043fe645f68545c736c656c116a29f63bfa866e,True,0.7291483879089355,0.7291483879089355,True,1
4103,3000,checkpoints\seed_4103_age_3000.pt,04b8f9f17948333384efe9da5b3bab5dbcb26c2828b9e3063ec79409894614db,5b0213c94acc2bf1a7ce1444f0a8c2598385ca2613f96b97d19de162d412094c,686a3c24e1121883e4cc4f12f482619b9c042d6d83d2eb29f42aa8ea44145f24,full_per_parameter_reset,4103_3000_full_per_parameter_reset,4.537815049917,0.07242825627326965,0.3226858377456665,0.3286660313606262,0.02889520302414894,26.82512092590332,2.6825120925903323,2c814ce4eeb4a1c559708de06043fe645f68545c736c656c116a29f63bfa866e,True,0.7291483879089355,0.7291483879089355,False,
4104,500,checkpoints\seed_4104_age_500.pt,3f2d0067648b35dabc5ca7e2fac6be26effb544000d6b83efdf409ea054e8617,5b0213c94acc2bf1a7ce1444f0a8c2598385ca2613f96b97d19de162d412094c,cd2618664616ac25b589c1f6edabb65e424d12b1a9d19fd9f40b0177cba60a68,clean,4104_500_clean,0.0,0.09033704549074173,0.09033704549074173,0.0,0.9999998807907104,15.154969215393066,1.5154969215393068,f1742a4363a29cf89a4d3d4863f8da6815d181f40f38cb904e352cb2e9307358,True,1.4524767398834229,1.4524767398834229,False,
4104,500,checkpoints\seed_4104_age_500.pt,3f2d0067648b35dabc5ca7e2fac6be26effb544000d6b83efdf409ea054e8617,5b0213c94acc2bf1a7ce1444f0a8c2598385ca2613f96b97d19de162d412094c,cd2618664616ac25b589c1f6edabb65e424d12b1a9d19fd9f40b0177cba60a68,reset_m,4104_500_reset_m,1.065048401067219,0.09033704549074173,0.03706575185060501,0.09621332585811615,0.04145945981144905,15.154969215393066,1.5154969215393068,f1742a4363a29cf89a4d3d4863f8da6815d181f40f38cb904e352cb2e9307358,True,1.4524767398834229,1.4524767398834229,False,
4104,500,checkpoints\seed_4104_age_500.pt,3f2d0067648b35dabc5ca7e2fac6be26effb544000d6b83efdf409ea054e8617,5b0213c94acc2bf1a7ce1444f0a8c2598385ca2613f96b97d19de162d412094c,cd2618664616ac25b589c1f6edabb65e424d12b1a9d19fd9f40b0177cba60a68,reset_v,4104_500_reset_v,1466.4566052005148,0.09033704549074173,132.4825439453125,132.47535705566406,0.07985683530569077,15.154969215393066,1.5154969215393068,f1742a4363a29cf89a4d3d4863f8da6815d181f40f38cb904e352cb2e9307358,True,1.4524767398834229,1.4524767398834229,True,1
4104,500,checkpoints\seed_4104_age_500.pt,3f2d0067648b35dabc5ca7e2fac6be26effb544000d6b83efdf409ea054e8617,5b0213c94acc2bf1a7ce1444f0a8c2598385ca2613f96b97d19de162d412094c,cd2618664616ac25b589c1f6edabb65e424d12b1a9d19fd9f40b0177cba60a68,full_per_parameter_reset,4104_500_full_per_parameter_reset,3.867950016258438,0.09033704549074173,0.33813953399658203,0.34941917657852173,0.006635355297476053,15.154969215393066,1.5154969215393068,f1742a4363a29cf89a4d3d4863f8da6815d181f40f38cb904e352cb2e9307358,True,1.4524767398834229,1.4524767398834229,False,
4104,1500,checkpoints\seed_4104_age_1500.pt,5fde36cbd5f6fcee955e9fafc4d8fef644734b2bf036e717bc6a1f4ee186e62e,5b0213c94acc2bf1a7ce1444f0a8c2598385ca2613f96b97d19de162d412094c,cd2618664616ac25b589c1f6edabb65e424d12b1a9d19fd9f40b0177cba60a68,clean,4104_1500_clean,0.0,0.07293795794248581,0.07293795794248581,0.0,1.0,21.904247283935547,2.190424728393555,1227fa190eb2fd9738ac1306857963884fecf2317d976541b9313e0c1c701b1d,True,1.0839722156524658,1.0839722156524658,False,
4104,1500,checkpoints\seed_4104_age_1500.pt,5fde36cbd5f6fcee955e9fafc4d8fef644734b2bf036e717bc6a1f4ee186e62e,5b0213c94acc2bf1a7ce1444f0a8c2598385ca2613f96b97d19de162d412094c,cd2618664616ac25b589c1f6edabb65e424d12b1a9d19fd9f40b0177cba60a68,reset_m,4104_1500_reset_m,0.7782685893968081,0.07293795794248581,0.039748236536979675,0.056765321642160416,0.634247899055481,21.904247283935547,2.190424728393555,1227fa190eb2fd9738ac1306857963884fecf2317d976541b9313e0c1c701b1d,True,1.0839722156524658,1.0839722156524658,False,
4104,1500,checkpoints\seed_4104_age_1500.pt,5fde36cbd5f6fcee955e9fafc4d8fef644734b2bf036e717bc6a1f4ee186e62e,5b0213c94acc2bf1a7ce1444f0a8c2598385ca2613f96b97d19de162d412094c,cd2618664616ac25b589c1f6edabb65e424d12b1a9d19fd9f40b0177cba60a68,reset_v,4104_1500_reset_v,1325.0279984622564,0.07293795794248581,96.64945220947266,96.64483642578125,0.06362912058830261,21.904247283935547,2.190424728393555,1227fa190eb2fd9738ac1306857963884fecf2317d976541b9313e0c1c701b1d,True,1.0839722156524658,1.0839722156524658,True,1
4104,1500,checkpoints\seed_4104_age_1500.pt,5fde36cbd5f6fcee955e9fafc4d8fef644734b2bf036e717bc6a1f4ee186e62e,5b0213c94acc2bf1a7ce1444f0a8c2598385ca2613f96b97d19de162d412094c,cd2618664616ac25b589c1f6edabb65e424d12b1a9d19fd9f40b0177cba60a68,full_per_parameter_reset,4104_1500_full_per_parameter_reset,4.301614157135106,0.07293795794248581,0.3412720561027527,0.3137509524822235,0.46897003054618835,21.904247283935547,2.190424728393555,1227fa190eb2fd9738ac1306857963884fecf2317d976541b9313e0c1c701b1d,True,1.0839722156524658,1.0839722156524658,False,
4104,3000,checkpoints\seed_4104_age_3000.pt,a1088a7a1f6f2aeb01ca64abf5a5d60254730b16125ba680351ab93568ac144d,5b0213c94acc2bf1a7ce1444f0a8c2598385ca2613f96b97d19de162d412094c,cd2618664616ac25b589c1f6edabb65e424d12b1a9d19fd9f40b0177cba60a68,clean,4104_3000_clean,0.0,0.052358806133270264,0.052358806133270264,0.0,0.9999999403953552,26.96158218383789,2.6961582183837893,88c96d65b81faaa39b143263df6af205ea3f3b0d793f5c0fd359e26f3945862c,True,0.8168348073959351,0.8168348073959351,False,
4104,3000,checkpoints\seed_4104_age_3000.pt,a1088a7a1f6f2aeb01ca64abf5a5d60254730b16125ba680351ab93568ac144d,5b0213c94acc2bf1a7ce1444f0a8c2598385ca2613f96b97d19de162d412094c,cd2618664616ac25b589c1f6edabb65e424d12b1a9d19fd9f40b0177cba60a68,reset_m,4104_3000_reset_m,0.8538054181421226,0.052358806133270264,0.025570858269929886,0.04470423236489296,0.5216547250747681,26.96158218383789,2.6961582183837893,88c96d65b81faaa39b143263df6af205ea3f3b0d793f5c0fd359e26f3945862c,True,0.8168348073959351,0.8168348073959351,False,
4104,3000,checkpoints\seed_4104_age_3000.pt,a1088a7a1f6f2aeb01ca64abf5a5d60254730b16125ba680351ab93568ac144d,5b0213c94acc2bf1a7ce1444f0a8c2598385ca2613f96b97d19de162d412094c,cd2618664616ac25b589c1f6edabb65e424d12b1a9d19fd9f40b0177cba60a68,reset_v,4104_3000_reset_v,2516.839606752662,0.052358806133270264,131.78321838378906,131.77871704101562,0.0862932801246643,26.96158218383789,2.6961582183837893,88c96d65b81faaa39b143263df6af205ea3f3b0d793f5c0fd359e26f3945862c,True,0.8168348073959351,0.8168348073959351,True,1
4104,3000,checkpoints\seed_4104_age_3000.pt,a1088a7a1f6f2aeb01ca64abf5a5d60254730b16125ba680351ab93568ac144d,5b0213c94acc2bf1a7ce1444f0a8c2598385ca2613f96b97d19de162d412094c,cd2618664616ac25b589c1f6edabb65e424d12b1a9d19fd9f40b0177cba60a68,full_per_parameter_reset,4104_3000_full_per_parameter_reset,6.154597665048345,0.052358806133270264,0.34133180975914,0.32224738597869873,0.4310012757778168,26.96158218383789,2.6961582183837893,88c96d65b81faaa39b143263df6af205ea3f3b0d793f5c0fd359e26f3945862c,True,0.8168348073959351,0.8168348073959351,False,
4105,500,checkpoints\seed_4105_age_500.pt,31c17decc01895c8b7b107b4297589638dd501322621816877a6b3d3fad5ff19,5b0213c94acc2bf1a7ce1444f0a8c2598385ca2613f96b97d19de162d412094c,9c5d4f5ce97d487b4a3d2cb91fc724d42f14ab031e00c07f4d53231d88da91f3,clean,4105_500_clean,0.0,0.08501772582530975,0.08501772582530975,0.0,0.9999999403953552,15.91799259185791,1.591799259185791,9571e9b262c48b266a4960aa66e89822f677267ea120e9c7e227452a06ba233d,True,1.5213122367858887,1.5213122367858887,False,
4105,500,checkpoints\seed_4105_age_500.pt,31c17decc01895c8b7b107b4297589638dd501322621816877a6b3d3fad5ff19,5b0213c94acc2bf1a7ce1444f0a8c2598385ca2613f96b97d19de162d412094c,9c5d4f5ce97d487b4a3d2cb91fc724d42f14ab031e00c07f4d53231d88da91f3,reset_m,4105_500_reset_m,0.8549088125045904,0.08501772582530975,0.048477865755558014,0.07268240302801132,0.5210975408554077,15.91799259185791,1.591799259185791,9571e9b262c48b266a4960aa66e89822f677267ea120e9c7e227452a06ba233d,True,1.5213122367858887,1.5213122367858887,False,
4105,500,checkpoints\seed_4105_age_500.pt,31c17decc01895c8b7b107b4297589638dd501322621816877a6b3d3fad5ff19,5b0213c94acc2bf1a7ce1444f0a8c2598385ca2613f96b97d19de162d412094c,9c5d4f5ce97d487b4a3d2cb91fc724d42f14ab031e00c07f4d53231d88da91f3,reset_v,4105_500_reset_v,1323.6479537016094,0.08501772582530975,112.53797912597656,112.53353881835938,0.052603013813495636,15.91799259185791,1.591799259185791,9571e9b262c48b266a4960aa66e89822f677267ea120e9c7e227452a06ba233d,True,1.5213122367858887,1.5213122367858887,True,1
4105,500,checkpoints\seed_4105_age_500.pt,31c17decc01895c8b7b107b4297589638dd501322621816877a6b3d3fad5ff19,5b0213c94acc2bf1a7ce1444f0a8c2598385ca2613f96b97d19de162d412094c,9c5d4f5ce97d487b4a3d2cb91fc724d42f14ab031e00c07f4d53231d88da91f3,full_per_parameter_reset,4105_500_full_per_parameter_reset,3.637484416154169,0.08501772582530975,0.3289094865322113,0.3092506527900696,0.35356366634368896,15.91799259185791,1.591799259185791,9571e9b262c48b266a4960aa66e89822f677267ea120e9c7e227452a06ba233d,True,1.5213122367858887,1.5213122367858887,True,89
4105,1500,checkpoints\seed_4105_age_1500.pt,cd0a7c4a5971e1e1167105c265d639a97617c2c00c768863ec9c71508ab03d21,5b0213c94acc2bf1a7ce1444f0a8c2598385ca2613f96b97d19de162d412094c,9c5d4f5ce97d487b4a3d2cb91fc724d42f14ab031e00c07f4d53231d88da91f3,clean,4105_1500_clean,0.0,0.06910411268472672,0.06910411268472672,0.0,1.0,22.28931427001953,2.228931427001953,673dda7ee46b6c7813772510835a68b0935f3aef049b1995a9bc3fb69c93e855,True,1.0162773132324219,1.0162773132324219,False,
4105,1500,checkpoints\seed_4105_age_1500.pt,cd0a7c4a5971e1e1167105c265d639a97617c2c00c768863ec9c71508ab03d21,5b0213c94acc2bf1a7ce1444f0a8c2598385ca2613f96b97d19de162d412094c,9c5d4f5ce97d487b4a3d2cb91fc724d42f14ab031e00c07f4d53231d88da91f3,reset_m,4105_1500_reset_m,0.8131517454820589,0.06910411268472672,0.04752408713102341,0.05619212985038757,0.5901693105697632,22.28931427001953,2.228931427001953,673dda7ee46b6c7813772510835a68b0935f3aef049b1995a9bc3fb69c93e855,True,1.0162773132324219,1.0162773132324219,False,
4105,1500,checkpoints\seed_4105_age_1500.pt,cd0a7c4a5971e1e1167105c265d639a97617c2c00c768863ec9c71508ab03d21,5b0213c94acc2bf1a7ce1444f0a8c2598385ca2613f96b97d19de162d412094c,9c5d4f5ce97d487b4a3d2cb91fc724d42f14ab031e00c07f4d53231d88da91f3,reset_v,4105_1500_reset_v,1405.5894452377013,0.06910411268472672,97.13626098632812,97.13201141357422,0.06197391450405121,22.28931427001953,2.228931427001953,673dda7ee46b6c7813772510835a68b0935f3aef049b1995a9bc3fb69c93e855,True,1.0162773132324219,1.0162773132324219,True,1
4105,1500,checkpoints\seed_4105_age_1500.pt,cd0a7c4a5971e1e1167105c265d639a97617c2c00c768863ec9c71508ab03d21,5b0213c94acc2bf1a7ce1444f0a8c2598385ca2613f96b97d19de162d412094c,9c5d4f5ce97d487b4a3d2cb91fc724d42f14ab031e00c07f4d53231d88da91f3,full_per_parameter_reset,4105_1500_full_per_parameter_reset,4.512936014900521,0.06910411268472672,0.3348252773284912,0.31186243891716003,0.4240930378437042,22.28931427001953,2.228931427001953,673dda7ee46b6c7813772510835a68b0935f3aef049b1995a9bc3fb69c93e855,True,1.0162773132324219,1.0162773132324219,False,
4105,3000,checkpoints\seed_4105_age_3000.pt,380355c7827ad8ac2fdfca6dc751f2d90f7a99ac73c2ae18059c1ed903f17912,5b0213c94acc2bf1a7ce1444f0a8c2598385ca2613f96b97d19de162d412094c,9c5d4f5ce97d487b4a3d2cb91fc724d42f14ab031e00c07f4d53231d88da91f3,clean,4105_3000_clean,0.0,0.08623335510492325,0.08623335510492325,0.0,0.9999999403953552,27.704959869384766,2.7704959869384767,558604dda5e73cc533a3aad0bcfffd3daddef5faa644b03d450f8812564b6461,True,0.6240501403808594,0.6240501403808594,False,
4105,3000,checkpoints\seed_4105_age_3000.pt,380355c7827ad8ac2fdfca6dc751f2d90f7a99ac73c2ae18059c1ed903f17912,5b0213c94acc2bf1a7ce1444f0a8c2598385ca2613f96b97d19de162d412094c,9c5d4f5ce97d487b4a3d2cb91fc724d42f14ab031e00c07f4d53231d88da91f3,reset_m,4105_3000_reset_m,0.9159792449292411,0.08623335510492325,0.035245005041360855,0.0789879634976387,0.40129417181015015,27.704959869384766,2.7704959869384767,558604dda5e73cc533a3aad0bcfffd3daddef5faa644b03d450f8812564b6461,True,0.6240501403808594,0.6240501403808594,False,
4105,3000,checkpoints\seed_4105_age_3000.pt,380355c7827ad8ac2fdfca6dc751f2d90f7a99ac73c2ae18059c1ed903f17912,5b0213c94acc2bf1a7ce1444f0a8c2598385ca2613f96b97d19de162d412094c,9c5d4f5ce97d487b4a3d2cb91fc724d42f14ab031e00c07f4d53231d88da91f3,reset_v,4105_3000_reset_v,1443.3501690900869,0.08623335510492325,124.48292541503906,124.46492767333984,0.20905666053295135,27.704959869384766,2.7704959869384767,558604dda5e73cc533a3aad0bcfffd3daddef5faa644b03d450f8812564b6461,True,0.6240501403808594,0.6240501403808594,True,1
4105,3000,checkpoints\seed_4105_age_3000.pt,380355c7827ad8ac2fdfca6dc751f2d90f7a99ac73c2ae18059c1ed903f17912,5b0213c94acc2bf1a7ce1444f0a8c2598385ca2613f96b97d19de162d412094c,9c5d4f5ce97d487b4a3d2cb91fc724d42f14ab031e00c07f4d53231d88da91f3,full_per_parameter_reset,4105_3000_full_per_parameter_reset,3.6960156971485705,0.08623335510492325,0.3359296917915344,0.3187198340892792,0.32281145453453064,27.704959869384766,2.7704959869384767,558604dda5e73cc533a3aad0bcfffd3daddef5faa644b03d450f8812564b6461,True,0.6240501403808594,0.6240501403808594,False,
