row_id,rewrite_family,clean_cumulative_update_distance_proxy,alt_divergence_ratio,max_validation_loss_gap,task_damaged
gpu_seed1101_ckpt75_exact_restore,exact_restore,0.0,0.0,0.0,False
gpu_seed1101_ckpt75_benign_nonzero,benign_nonzero,0.01634061150252819,1.0000004558936242,1.9391377767519202e-05,False
gpu_seed1101_ckpt75_reset_m,reset_m,6.408416748046875,0.9999999999998439,2.866672197977702,True
gpu_seed1101_ckpt75_reset_v,reset_v,631372.0625,1.0,905650110456.2783,True
gpu_seed1101_ckpt75_stale_m,stale_m,8.316341400146484,0.9999999999998798,2.335111618041992,True
gpu_seed1101_ckpt75_stale_v,stale_v,1865.91845703125,0.9999999999999996,1.1022974650065107,True
gpu_seed1101_ckpt75_stale_mv,stale_mv,9.426410675048828,0.9999999999998939,4.260000864664713,True
gpu_seed1101_ckpt75_model_current_optimizer_stale,model_current_optimizer_stale,8.26423454284668,0.999999999999879,2.5359261830647783,True
gpu_seed1101_ckpt75_step_counter_mismatch,step_counter_mismatch,2.869584798812866,0.9999999999996515,1.4692797660827637,True
gpu_seed1101_ckpt75_scheduler_mismatch,scheduler_mismatch,0.0,0.0,0.0,False
gpu_seed1101_ckpt75_optimizer_reset,optimizer_reset,19.69366455078125,0.9999999999999493,11.527745882670084,True
gpu_seed1101_ckpt150_exact_restore,exact_restore,0.0,0.0,0.0,False
gpu_seed1101_ckpt150_benign_nonzero,benign_nonzero,0.004866408184170723,1.0000015308170447,0.000198205312093247,False
gpu_seed1101_ckpt150_reset_m,reset_m,0.9456748366355896,0.9999999999989426,0.22392646471659328,False
gpu_seed1101_ckpt150_reset_v,reset_v,33543.41015625,1.0,17943427.07331856,True
gpu_seed1101_ckpt150_stale_m,stale_m,1.5043022632598877,0.9999999999993352,0.4689815044403076,False
gpu_seed1101_ckpt150_stale_v,stale_v,242.48141479492188,0.9999999999999959,0.007399400075276841,False
gpu_seed1101_ckpt150_stale_mv,stale_mv,1.5447096824645996,0.9999999999993525,0.47840380668640137,False
gpu_seed1101_ckpt150_model_current_optimizer_stale,model_current_optimizer_stale,1.4623780250549316,0.9999999999993161,0.424547990163167,False
gpu_seed1101_ckpt150_step_counter_mismatch,step_counter_mismatch,0.1448056399822235,0.9999999999930942,0.041153907775878906,False
gpu_seed1101_ckpt150_scheduler_mismatch,scheduler_mismatch,0.0,0.0,0.0,False
gpu_seed1101_ckpt150_optimizer_reset,optimizer_reset,19.276397705078125,0.9999999999999483,20.649147113164265,True
gpu_seed1101_ckpt300_exact_restore,exact_restore,0.0,0.0,0.0,False
gpu_seed1101_ckpt300_benign_nonzero,benign_nonzero,0.0005319059710018337,1.0000210091096615,3.9736429835457443e-07,False
gpu_seed1101_ckpt300_reset_m,reset_m,0.15352968871593475,0.9999999999934865,0.02248549461364746,False
gpu_seed1101_ckpt300_reset_v,reset_v,2571.784423828125,0.9999999999999997,3675.193335453669,True
gpu_seed1101_ckpt300_stale_m,stale_m,0.22183313965797424,0.999999999995492,0.03063853581746434,False
gpu_seed1101_ckpt300_stale_v,stale_v,0.008053610101342201,0.999999999875832,0.000621477762858369,False
gpu_seed1101_ckpt300_stale_mv,stale_mv,0.2216375172138214,0.999999999995488,0.030447403589884736,False
gpu_seed1101_ckpt300_model_current_optimizer_stale,model_current_optimizer_stale,0.42930054664611816,0.9999999999976706,0.06572413444519043,False
gpu_seed1101_ckpt300_step_counter_mismatch,step_counter_mismatch,0.013183163478970528,0.9999999999241457,0.004537502924601089,False
gpu_seed1101_ckpt300_scheduler_mismatch,scheduler_mismatch,0.0,0.0,0.0,False
gpu_seed1101_ckpt300_optimizer_reset,optimizer_reset,18.33888816833496,0.9999999999999456,14.440285603205362,True
gpu_seed1102_ckpt75_exact_restore,exact_restore,0.0,0.0,0.0,False
gpu_seed1102_ckpt75_benign_nonzero,benign_nonzero,0.016152719035744667,1.0000004611966926,0.0003102620442705373,False
gpu_seed1102_ckpt75_reset_m,reset_m,5.286141872406006,0.9999999999998108,0.8602023124694824,True
gpu_seed1102_ckpt75_reset_v,reset_v,241002.953125,1.0,25539791525.794067,True
gpu_seed1102_ckpt75_stale_m,stale_m,7.836328983306885,0.9999999999998723,2.8706917762756348,True
gpu_seed1102_ckpt75_stale_v,stale_v,19110.296875,1.0,31.29610999425252,True
gpu_seed1102_ckpt75_stale_mv,stale_mv,8.756280899047852,0.9999999999998858,2.235324939092,True
gpu_seed1102_ckpt75_model_current_optimizer_stale,model_current_optimizer_stale,7.40891695022583,0.999999999999865,1.0919036865234375,True
gpu_seed1102_ckpt75_step_counter_mismatch,step_counter_mismatch,2.3034846782684326,0.9999999999995658,0.5208006699879961,True
gpu_seed1102_ckpt75_scheduler_mismatch,scheduler_mismatch,0.0,0.0,0.0,False
gpu_seed1102_ckpt75_optimizer_reset,optimizer_reset,19.901222229003906,0.9999999999999498,17.087776025136314,True
gpu_seed1102_ckpt150_exact_restore,exact_restore,0.0,0.0,0.0,False
gpu_seed1102_ckpt150_benign_nonzero,benign_nonzero,0.004320054315030575,1.0000025867431466,0.00013240178426077165,False
gpu_seed1102_ckpt150_reset_m,reset_m,0.790669858455658,0.9999999999987352,0.1603846549987793,False
gpu_seed1102_ckpt150_reset_v,reset_v,26840.595703125,1.0,1446966.7512911956,True
gpu_seed1102_ckpt150_stale_m,stale_m,1.2785470485687256,0.9999999999992178,0.2588688532511396,True
gpu_seed1102_ckpt150_stale_v,stale_v,7889.02294921875,0.9999999999999999,239.0240318775177,True
gpu_seed1102_ckpt150_stale_mv,stale_mv,1.305376410484314,0.9999999999992338,0.26163593928019235,True
gpu_seed1102_ckpt150_model_current_optimizer_stale,model_current_optimizer_stale,1.2256934642791748,0.9999999999991841,0.21751141548156738,True
gpu_seed1102_ckpt150_step_counter_mismatch,step_counter_mismatch,0.15419438481330872,0.9999999999935146,0.08108067512512207,False
gpu_seed1102_ckpt150_scheduler_mismatch,scheduler_mismatch,0.0,0.0,0.0,False
gpu_seed1102_ckpt150_optimizer_reset,optimizer_reset,18.977853775024414,0.9999999999999474,15.818392912546793,True
gpu_seed1102_ckpt300_exact_restore,exact_restore,0.0,0.0,0.0,False
gpu_seed1102_ckpt300_benign_nonzero,benign_nonzero,0.0005632966640405357,1.000019838340237,5.7220458984375e-06,False
gpu_seed1102_ckpt300_reset_m,reset_m,0.17973896861076355,0.9999999999944363,0.024382273356119644,False
gpu_seed1102_ckpt300_reset_v,reset_v,4222.65234375,0.9999999999999998,36897.09794727961,True
gpu_seed1102_ckpt300_stale_m,stale_m,0.2425096482038498,0.9999999999958764,0.013368527094522964,False
gpu_seed1102_ckpt300_stale_v,stale_v,188.9020538330078,0.9999999999999948,0.0005867481231689453,False
gpu_seed1102_ckpt300_stale_mv,stale_mv,0.24448633193969727,0.9999999999959097,0.013389984766642105,False
gpu_seed1102_ckpt300_model_current_optimizer_stale,model_current_optimizer_stale,0.44008979201316833,0.9999999999977278,0.0506514708201089,False
gpu_seed1102_ckpt300_step_counter_mismatch,step_counter_mismatch,0.013262264430522919,0.9999999999245981,0.003410975138346206,False
gpu_seed1102_ckpt300_scheduler_mismatch,scheduler_mismatch,0.0,0.0,0.0,False
gpu_seed1102_ckpt300_optimizer_reset,optimizer_reset,18.45261573791504,0.9999999999999459,15.716391722361248,True
gpu_seed1103_ckpt75_exact_restore,exact_restore,0.0,0.0,0.0,False
gpu_seed1103_ckpt75_benign_nonzero,benign_nonzero,0.01678213384002447,1.0000006103841395,9.473164876361295e-05,False
gpu_seed1103_ckpt75_reset_m,reset_m,7.842945575714111,0.9999999999998724,2.2312493324279785,True
gpu_seed1103_ckpt75_reset_v,reset_v,1752306.375,1.0,5297194489164.071,True
gpu_seed1103_ckpt75_stale_m,stale_m,9.645172119140625,0.9999999999998963,4.009777704874675,True
gpu_seed1103_ckpt75_stale_v,stale_v,2451.666259765625,0.9999999999999997,39.58326498667399,True
gpu_seed1103_ckpt75_stale_mv,stale_mv,11.575037956237793,0.9999999999999136,2.8921505610148115,True
gpu_seed1103_ckpt75_model_current_optimizer_stale,model_current_optimizer_stale,10.111541748046875,0.9999999999999011,3.2127803166707363,True
gpu_seed1103_ckpt75_step_counter_mismatch,step_counter_mismatch,4.13914155960083,0.9999999999997584,3.4227280616760254,True
gpu_seed1103_ckpt75_scheduler_mismatch,scheduler_mismatch,0.0,0.0,0.0,False
gpu_seed1103_ckpt75_optimizer_reset,optimizer_reset,20.29296875,0.9999999999999508,20.240383466084797,True
gpu_seed1103_ckpt150_exact_restore,exact_restore,0.0,0.0,0.0,False
gpu_seed1103_ckpt150_benign_nonzero,benign_nonzero,0.0016029267571866512,1.0000058095141893,1.5894571969710114e-07,False
gpu_seed1103_ckpt150_reset_m,reset_m,0.9845191240310669,0.9999999999989843,0.2718773682912192,False
gpu_seed1103_ckpt150_reset_v,reset_v,55837.89453125,1.0,198505799.25498357,True
gpu_seed1103_ckpt150_stale_m,stale_m,1.7293535470962524,0.9999999999994217,0.2615880171457925,True
gpu_seed1103_ckpt150_stale_v,stale_v,649.7882690429688,0.9999999999999984,0.015167872111002456,False
gpu_seed1103_ckpt150_stale_mv,stale_mv,1.8026628494262695,0.9999999999994452,0.2613268693288169,True
gpu_seed1103_ckpt150_model_current_optimizer_stale,model_current_optimizer_stale,1.689619779586792,0.9999999999994081,0.2603542009989419,True
gpu_seed1103_ckpt150_step_counter_mismatch,step_counter_mismatch,0.17688104510307312,0.9999999999943464,0.07301831245422363,False
gpu_seed1103_ckpt150_scheduler_mismatch,scheduler_mismatch,0.0,0.0,0.0,False
gpu_seed1103_ckpt150_optimizer_reset,optimizer_reset,19.158700942993164,0.9999999999999479,11.935049136479696,True
gpu_seed1103_ckpt300_exact_restore,exact_restore,0.0,0.0,0.0,False
gpu_seed1103_ckpt300_benign_nonzero,benign_nonzero,0.001000699819996953,1.0000093057134125,1.5099843344579256e-06,False
gpu_seed1103_ckpt300_reset_m,reset_m,0.1599242240190506,0.999999999993747,0.027867237726847183,False
gpu_seed1103_ckpt300_reset_v,reset_v,4198.6552734375,0.9999999999999998,7959.604056358337,True
gpu_seed1103_ckpt300_stale_m,stale_m,0.24052412807941437,0.9999999999958424,0.032987991968790986,False
gpu_seed1103_ckpt300_stale_v,stale_v,0.00876194890588522,0.9999999998858701,0.0005084673563637843,False
gpu_seed1103_ckpt300_stale_mv,stale_mv,0.24075204133987427,0.9999999999958463,0.03308892250061035,False
gpu_seed1103_ckpt300_model_current_optimizer_stale,model_current_optimizer_stale,0.46887537837028503,0.9999999999978673,0.04003874460856105,False
gpu_seed1103_ckpt300_step_counter_mismatch,step_counter_mismatch,0.013566483743488789,0.9999999999262889,0.0029689470926919093,False
gpu_seed1103_ckpt300_scheduler_mismatch,scheduler_mismatch,0.0,0.0,0.0,False
gpu_seed1103_ckpt300_optimizer_reset,optimizer_reset,19.32038688659668,0.9999999999999484,19.782187461853027,True
