step,optimizer,divergence,bound,loss_gap,tightness
0,Adam,0.0,0.0,0.0,0.0
1,Adam,0.0,0.0,0.0,0.0
2,Adam,0.0,0.0,0.0,0.0
3,Adam,0.0,0.0,0.0,0.0
4,Adam,0.0,0.0,0.0,0.0
5,Adam,0.0,0.0,0.0,0.0
6,Adam,0.0,0.0,0.0,0.0
7,Adam,0.0,0.0,0.0,0.0
8,Adam,0.0,0.0,0.0,0.0
9,Adam,0.0,0.0,0.0,0.0
10,Adam,0.0,0.0,0.0,0.0
11,Adam,0.0,0.0,0.0,0.0
12,Adam,0.0,0.0,0.0,0.0
13,Adam,0.0,0.0,0.0,0.0
14,Adam,0.0,0.0,0.0,0.0
15,Adam,0.0,0.0,0.0,0.0
16,Adam,0.0,0.0,0.0,0.0
17,Adam,0.0,0.0,0.0,0.0
18,Adam,0.0,0.0,0.0,0.0
19,Adam,0.0,0.0,0.0,0.0
20,Adam,0.0,0.0,0.0,0.0
21,Adam,0.0,0.0,0.0,0.0
22,Adam,0.0,0.0,0.0,0.0
23,Adam,0.0,0.0,0.0,0.0
24,Adam,0.0,0.0,0.0,0.0
25,Adam,0.0,0.0,0.0,0.0
26,Adam,0.0,0.0,0.0,0.0
27,Adam,0.0,0.0,0.0,0.0
28,Adam,0.0,0.0,0.0,0.0
29,Adam,0.0,0.0,0.0,0.0
30,Adam,0.0,0.0,0.0,0.0
31,Adam,0.0,0.0,0.0,0.0
32,Adam,0.0,0.0,0.0,0.0
33,Adam,0.0,0.0,0.0,0.0
34,Adam,0.0,0.0,0.0,0.0
35,Adam,0.0,0.0,0.0,0.0
36,Adam,0.0,0.0,0.0,0.0
37,Adam,0.0,0.0,0.0,0.0
38,Adam,0.0,0.0,0.0,0.0
39,Adam,0.0,0.0,0.0,0.0
40,Adam,0.0,0.0,0.0,0.0
41,Adam,0.0,0.0,0.0,0.0
42,Adam,0.0,0.0,0.0,0.0
43,Adam,0.0,0.0,0.0,0.0
44,Adam,0.0,0.0,0.0,0.0
45,Adam,0.0,0.0,0.0,0.0
46,Adam,0.0,0.0,0.0,0.0
47,Adam,0.0,0.0,0.0,0.0
48,Adam,0.0,0.0,0.0,0.0
49,Adam,0.0,0.0,0.0,0.0
50,Adam,0.0,0.0,0.0,0.0
51,Adam,0.0,0.0,0.0,0.0
52,Adam,0.0,0.0,0.0,0.0
53,Adam,0.0,0.0,0.0,0.0
54,Adam,0.0,0.0,0.0,0.0
55,Adam,0.0,0.0,0.0,0.0
56,Adam,0.0,0.0,0.0,0.0
57,Adam,0.0,0.0,0.0,0.0
58,Adam,0.0,0.0,0.0,0.0
59,Adam,0.0,0.0,0.0,0.0
60,Adam,0.0,0.0,0.0,0.0
61,Adam,0.0,0.0,0.0,0.0
62,Adam,0.0,0.0,0.0,0.0
63,Adam,0.0,0.0,0.0,0.0
64,Adam,0.0,0.0,0.0,0.0
65,Adam,0.0,0.0,0.0,0.0
66,Adam,0.0,0.0,0.0,0.0
67,Adam,0.0,0.0,0.0,0.0
68,Adam,0.0,0.0,0.0,0.0
69,Adam,0.0,0.0,0.0,0.0
70,Adam,0.0,0.0,0.0,0.0
71,Adam,0.0,0.0,0.0,0.0
72,Adam,0.0,0.0,0.0,0.0
73,Adam,0.0,0.0,0.0,0.0
74,Adam,0.0,0.0,0.0,0.0
75,Adam,0.0,0.0,0.0,0.0
76,Adam,0.0,0.0,0.0,0.0
77,Adam,0.0,0.0,0.0,0.0
78,Adam,0.0,0.0,0.0,0.0
79,Adam,0.0,0.0,0.0,0.0
80,Adam,0.0,0.0,0.0,0.0
81,Adam,0.0,0.0,0.0,0.0
82,Adam,0.0,0.0,0.0,0.0
83,Adam,0.0,0.0,0.0,0.0
84,Adam,0.0,0.0,0.0,0.0
85,Adam,0.0,0.0,0.0,0.0
86,Adam,0.0,0.0,0.0,0.0
87,Adam,0.0,0.0,0.0,0.0
88,Adam,0.0,0.0,0.0,0.0
89,Adam,0.0,0.0,0.0,0.0
90,Adam,0.0,0.0,0.0,0.0
91,Adam,0.0,0.0,0.0,0.0
92,Adam,0.0,0.0,0.0,0.0
93,Adam,0.0,0.0,0.0,0.0
94,Adam,0.0,0.0,0.0,0.0
95,Adam,0.0,0.0,0.0,0.0
96,Adam,0.0,0.0,0.0,0.0
97,Adam,0.0,0.0,0.0,0.0
98,Adam,0.0,0.0,0.0,0.0
99,Adam,0.0,0.0,0.0,0.0
100,Adam,0.009999999776482582,0.009999999776482582,0.003454391506693355,1.0
101,Adam,0.007600849028676748,0.010109131141120269,0.0013023099145357264,0.7518795554802191
102,Adam,0.007993489503860474,0.010219453471259342,0.0012584688120114151,0.7821836584843745
103,Adam,0.007284661754965782,0.010330979764069138,0.0012918689453726984,0.7051278698949381
104,Adam,0.005773418117314577,0.010443723158558866,0.0008909229081837111,0.5528122518819479
105,Adam,0.0063276272267103195,0.010557696937125553,0.0009510421396043967,0.5993378351730831
106,Adam,0.006705193780362606,0.01067291452711883,0.000891890389539185,0.6282439312453375
107,Adam,0.007357799913734198,0.010789389502422834,0.0012356384668237297,0.6819477517316389
108,Adam,0.006935369223356247,0.010907135585055358,0.0012368520983727649,0.635856148415253
109,Adam,0.0048990859650075436,0.011026166646784446,0.0005780391338703339,0.4443145221677074
110,Adam,0.004994870163500309,0.011146496710762642,0.0006496337819044129,0.4481112131560985
111,Adam,0.005426595453172922,0.011268139953179082,0.0007573792508992483,0.4815875091826416
112,Adam,0.004259426612406969,0.01139111070492958,0.00032677546732884366,0.37392548652553026
113,Adam,0.004058203659951687,0.011515423453304977,0.00032276723732138635,0.35241462690518466
114,Adam,0.004327842965722084,0.011641092843697907,0.00053784392957823,0.3717729103127145
115,Adam,0.004082149360328913,0.011768133681328166,0.0005616161670332076,0.34688162718663107
116,Adam,0.0036319277714937925,0.011896560932986945,0.0004304111506598929,0.30529224302320296
117,Adam,0.0028201951645314693,0.012026389728800069,0.00020725633271467814,0.23450056318878781
118,Adam,0.0032394053414463997,0.012157635364010499,0.0002965518015116686,0.2664502795531944
119,Adam,0.0035847381222993135,0.012290313300780266,0.000385305866757335,0.2916718259795486
120,Adam,0.0028046101797372103,0.012424439170012099,0.000167865073763096,0.22573334227483519
121,Adam,0.003131037810817361,0.012560028773190896,0.00016985193815344246,0.24928587882700493
122,Adam,0.003533200593665242,0.012697098084245328,0.0002564649837495381,0.278268354723452
123,Adam,0.0027103014290332794,0.012835663251429723,0.00015496178252760728,0.21115398370484578
124,Adam,0.0022089609410613775,0.012975740599226529,0.0001441553890799696,0.17023775438243977
125,Adam,0.002420766744762659,0.013117346630269493,0.00016224101091211196,0.18454698293757943
126,Adam,0.0026092594489455223,0.013260498027287862,0.00014428307713387767,0.19676934030502533
127,Adam,0.002521578222513199,0.013405211655071792,0.00013242329021068144,0.18810431997611712
128,Adam,0.0018008098704740405,0.013551504562459193,6.460072972913622e-05,0.13288634204224828
129,Adam,0.0017119820695370436,0.013699393984344279,9.095033010453335e-05,0.12496772276886871
130,Adam,0.0018997632432729006,0.01384889734370802,0.0001337992647449937,0.13717794248334303
131,Adam,0.0012604969087988138,0.014000032253670755,5.3110766941699694e-05,0.09003528605931006
132,Adam,0.0014954854268580675,0.014152816519567221,5.273487214907391e-05,0.10566698330261388
133,Adam,0.001937172724865377,0.0143072681410442,9.596241356746305e-05,0.1353978066090816
134,Adam,0.0015903416788205504,0.01446340531418108,5.899036705159233e-05,0.10995624089032838
135,Adam,0.0013621612451970577,0.014621246433633559,3.9445994389097905e-05,0.09316314114394855
136,Adam,0.0014339457266032696,0.01478081009480072,3.847504950726943e-05,0.09701401461802643
137,Adam,0.0014806479448452592,0.014942115096015776,4.223965510163907e-05,0.0990922593843535
138,Adam,0.0014062661211937666,0.015105180440760728,4.741910552752415e-05,0.09309826696270462
139,Adam,0.0011813523015007377,0.015270025339905168,3.1375076815720604e-05,0.07736413497713779
140,Adam,0.0013053331058472395,0.015436669213969538,3.836362220965839e-05,0.08456054138064757
141,Adam,0.0012094407575204968,0.015605131695413074,3.4756710675765135e-05,0.07750275878004902
142,Adam,0.0006646480760537088,0.01577543263094672,8.299883518247952e-06,0.0421318445967603
143,Adam,0.0007912407745607197,0.015947592083871295,1.688446945991018e-05,0.04961506228648439
144,Adam,0.0010015757288783789,0.016121630336441154,2.6789904779889184e-05,0.062126206095572616
145,Adam,0.0009320192621089518,0.01629756789225368,2.0110298649456126e-05,0.057187628747473754
146,Adam,0.000902894651517272,0.016475425478664804,1.8005387062203226e-05,0.054802508905551134
147,Adam,0.0008807091508060694,0.016655224049230935,1.7554964827581898e-05,0.0528788533977564
148,Adam,0.0008388499263674021,0.0168369847861775,1.8539172321752062e-05,0.049821861634992075
149,Adam,0.0005411453312262893,0.017020729102894462,8.211598906626705e-06,0.03179331084790397
150,Adam,0.0003459375293459743,0.017206478646459012,3.019674888804502e-06,0.020105074167349527
151,Adam,0.0006795034278184175,0.017394255300185874,1.2371879698491739e-05,0.03906481859048926
152,Adam,0.0006778717506676912,0.01758408118620537,1.0234436203404584e-05,0.038550308286763285
153,Adam,0.000615968368947506,0.01777597866806966,8.578632773037498e-06,0.034651727505386094
154,Adam,0.0006185516249388456,0.017969970353387394,1.1061025723790863e-05,0.03442140486460217
155,Adam,0.00045535695971921086,0.01816607909648716,6.434154922629887e-06,0.025066331446683222
156,Adam,0.0003762568230740726,0.018364328001109948,4.0891077439653145e-06,0.020488461274016205
157,Adam,0.0003821185964625329,0.018564740423131033,3.223975678423585e-06,0.02058302932081001
158,Adam,0.00045628767111338675,0.018767339973311557,4.962268462804786e-06,0.02431285796294302
159,Adam,0.0004660194681491703,0.018972150520080118,5.618335134016661e-06,0.024563344448270925
160,Adam,0.00035194485099054873,0.019179196192344743,2.3959037953602547e-06,0.018350344167761594
161,Adam,0.0004643441934604198,0.019388501382335527,4.853508380975313e-06,0.023949462844171876
162,Adam,0.000477494701044634,0.01960009074847831,4.947396064380882e-06,0.024361861747079164
163,Adam,0.0003133331483695656,0.01981398921829971,1.5527095236222976e-06,0.015813733666523794
164,Adam,0.00028047579689882696,0.020030221991363832,2.270254790381898e-06,0.014002630476075403
165,Adam,0.00027788791339844465,0.02024881454224109,2.345452508656365e-06,0.013723663319585556
166,Adam,0.000291971315164119,0.020469792623509356,2.002471692463814e-06,0.014263520912702986
167,Adam,0.00028625206323340535,0.020693182268787906,1.7945449206635544e-06,0.013833158163651185
168,Adam,0.00027342006796970963,0.02091900979580446,1.7810977626098179e-06,0.01307041158442151
169,Adam,0.0003016113769263029,0.02114730180949571,2.1683168274222453e-06,0.014262404709752203
170,Adam,0.000264652946498245,0.02137808520514165,1.0707259487929832e-06,0.012379637556809495
171,Adam,0.0002766411635093391,0.02161138717153414,1.301639223960649e-06,0.012800712944226106
172,Adam,0.00025483130593784153,0.021847235194180043,1.4588185912600693e-06,0.011664235939828528
173,Adam,0.00013144683907739818,0.02208565705853932,4.396692743213748e-07,0.005951683426442359
174,Adam,0.00015564523346256465,0.022326680853298458,7.106652564203841e-07,0.006971266104678082
175,Adam,0.0002248812816105783,0.02257033497367961,1.0823162508444284e-06,0.009963577495541096
176,Adam,0.00024171313270926476,0.022816648124785874,1.0185542564933314e-06,0.010593717858439084
177,Adam,0.00019358332792762667,0.023065649324983062,6.03432174450802e-07,0.00839271096166155
178,Adam,0.00015539073501713574,0.02331736790931838,5.681963934911494e-07,0.006664162765774114
179,Adam,0.0001604424323886633,0.02357183353297642,7.143987228452886e-07,0.006806531709305016
180,Adam,0.00010036291496362537,0.02382907617477285,2.3271046178940935e-07,0.004211783714463789
181,Adam,9.926151687977836e-05,0.024089126140686253,4.157860318265705e-07,0.004120594342030814
182,Adam,0.0001170433170045726,0.0243520140674285,5.515261954358586e-07,0.004806309518403298
183,Adam,0.00011826273839687929,0.02461777092605409,3.411430589128628e-07,0.004803958033085624
184,Adam,0.00014129275223240256,0.024886428025608868,3.8642272337519046e-07,0.00567750229510672
185,Adam,0.00012701813830062747,0.02515801701681858,2.888411898549492e-07,0.005048813593524227
186,Adam,0.00010204311547568068,0.02543256989581767,2.4131744558175683e-07,0.004012300600910231
187,Adam,7.321070734178647e-05,0.025710119007918766,1.2607024535427058e-07,0.002847544475357638
188,Adam,0.00010121559898834676,0.025990697051423324,2.4881764271178497e-07,0.0038943010565699277
189,Adam,0.00011593127419473603,0.026274337081473823,3.334570967128414e-07,0.004412338695177958
190,Adam,7.459891639882699e-05,0.02656107251394804,9.950433710326223e-08,0.0028085807287959773
191,Adam,7.109891885193065e-05,0.026850937129395788,1.5836784306166862e-07,0.002647912008035399
192,Adam,6.614682206418365e-05,0.02714396507701864,1.5333362679559315e-07,0.002436888710860694
193,Adam,5.94101584283635e-05,0.027440190878693076,8.780336990810156e-08,0.002165078176423862
194,Adam,6.940770254004747e-05,0.02773964943303753,1.22181321060566e-07,0.0025021117410872493
195,Adam,6.354250217555091e-05,0.02804237601952384,1.290327111547196e-07,0.0022659457291105056
196,Adam,5.922969648963772e-05,0.028348406302633525,1.2759495708614121e-07,0.0020893483696166498
197,Adam,5.188830982660875e-05,0.028657776336059485,6.076812691935274e-08,0.0018106188427927244
198,Adam,6.011688310536556e-05,0.028970522566953486,8.30086929748397e-08,0.002075105237277996
199,Adam,4.6858665882609785e-05,0.02928668184022004,5.9510412764307574e-08,0.0015999991442614628
200,Adam,4.201265619485639e-05,0.02960629140285717,,0.0014190448787787698
0,AdamW,0.0,0.0,0.0,0.0
1,AdamW,0.0,0.0,0.0,0.0
2,AdamW,0.0,0.0,0.0,0.0
3,AdamW,0.0,0.0,0.0,0.0
4,AdamW,0.0,0.0,0.0,0.0
5,AdamW,0.0,0.0,0.0,0.0
6,AdamW,0.0,0.0,0.0,0.0
7,AdamW,0.0,0.0,0.0,0.0
8,AdamW,0.0,0.0,0.0,0.0
9,AdamW,0.0,0.0,0.0,0.0
10,AdamW,0.0,0.0,0.0,0.0
11,AdamW,0.0,0.0,0.0,0.0
12,AdamW,0.0,0.0,0.0,0.0
13,AdamW,0.0,0.0,0.0,0.0
14,AdamW,0.0,0.0,0.0,0.0
15,AdamW,0.0,0.0,0.0,0.0
16,AdamW,0.0,0.0,0.0,0.0
17,AdamW,0.0,0.0,0.0,0.0
18,AdamW,0.0,0.0,0.0,0.0
19,AdamW,0.0,0.0,0.0,0.0
20,AdamW,0.0,0.0,0.0,0.0
21,AdamW,0.0,0.0,0.0,0.0
22,AdamW,0.0,0.0,0.0,0.0
23,AdamW,0.0,0.0,0.0,0.0
24,AdamW,0.0,0.0,0.0,0.0
25,AdamW,0.0,0.0,0.0,0.0
26,AdamW,0.0,0.0,0.0,0.0
27,AdamW,0.0,0.0,0.0,0.0
28,AdamW,0.0,0.0,0.0,0.0
29,AdamW,0.0,0.0,0.0,0.0
30,AdamW,0.0,0.0,0.0,0.0
31,AdamW,0.0,0.0,0.0,0.0
32,AdamW,0.0,0.0,0.0,0.0
33,AdamW,0.0,0.0,0.0,0.0
34,AdamW,0.0,0.0,0.0,0.0
35,AdamW,0.0,0.0,0.0,0.0
36,AdamW,0.0,0.0,0.0,0.0
37,AdamW,0.0,0.0,0.0,0.0
38,AdamW,0.0,0.0,0.0,0.0
39,AdamW,0.0,0.0,0.0,0.0
40,AdamW,0.0,0.0,0.0,0.0
41,AdamW,0.0,0.0,0.0,0.0
42,AdamW,0.0,0.0,0.0,0.0
43,AdamW,0.0,0.0,0.0,0.0
44,AdamW,0.0,0.0,0.0,0.0
45,AdamW,0.0,0.0,0.0,0.0
46,AdamW,0.0,0.0,0.0,0.0
47,AdamW,0.0,0.0,0.0,0.0
48,AdamW,0.0,0.0,0.0,0.0
49,AdamW,0.0,0.0,0.0,0.0
50,AdamW,0.0,0.0,0.0,0.0
51,AdamW,0.0,0.0,0.0,0.0
52,AdamW,0.0,0.0,0.0,0.0
53,AdamW,0.0,0.0,0.0,0.0
54,AdamW,0.0,0.0,0.0,0.0
55,AdamW,0.0,0.0,0.0,0.0
56,AdamW,0.0,0.0,0.0,0.0
57,AdamW,0.0,0.0,0.0,0.0
58,AdamW,0.0,0.0,0.0,0.0
59,AdamW,0.0,0.0,0.0,0.0
60,AdamW,0.0,0.0,0.0,0.0
61,AdamW,0.0,0.0,0.0,0.0
62,AdamW,0.0,0.0,0.0,0.0
63,AdamW,0.0,0.0,0.0,0.0
64,AdamW,0.0,0.0,0.0,0.0
65,AdamW,0.0,0.0,0.0,0.0
66,AdamW,0.0,0.0,0.0,0.0
67,AdamW,0.0,0.0,0.0,0.0
68,AdamW,0.0,0.0,0.0,0.0
69,AdamW,0.0,0.0,0.0,0.0
70,AdamW,0.0,0.0,0.0,0.0
71,AdamW,0.0,0.0,0.0,0.0
72,AdamW,0.0,0.0,0.0,0.0
73,AdamW,0.0,0.0,0.0,0.0
74,AdamW,0.0,0.0,0.0,0.0
75,AdamW,0.0,0.0,0.0,0.0
76,AdamW,0.0,0.0,0.0,0.0
77,AdamW,0.0,0.0,0.0,0.0
78,AdamW,0.0,0.0,0.0,0.0
79,AdamW,0.0,0.0,0.0,0.0
80,AdamW,0.0,0.0,0.0,0.0
81,AdamW,0.0,0.0,0.0,0.0
82,AdamW,0.0,0.0,0.0,0.0
83,AdamW,0.0,0.0,0.0,0.0
84,AdamW,0.0,0.0,0.0,0.0
85,AdamW,0.0,0.0,0.0,0.0
86,AdamW,0.0,0.0,0.0,0.0
87,AdamW,0.0,0.0,0.0,0.0
88,AdamW,0.0,0.0,0.0,0.0
89,AdamW,0.0,0.0,0.0,0.0
90,AdamW,0.0,0.0,0.0,0.0
91,AdamW,0.0,0.0,0.0,0.0
92,AdamW,0.0,0.0,0.0,0.0
93,AdamW,0.0,0.0,0.0,0.0
94,AdamW,0.0,0.0,0.0,0.0
95,AdamW,0.0,0.0,0.0,0.0
96,AdamW,0.0,0.0,0.0,0.0
97,AdamW,0.0,0.0,0.0,0.0
98,AdamW,0.0,0.0,0.0,0.0
99,AdamW,0.0,0.0,0.0,0.0
100,AdamW,0.009999999776482582,0.009999999776482582,0.0034515626039137715,1.0
101,AdamW,0.007598301861435175,0.01010751838031942,0.0012980922651877336,0.751747518582801
102,AdamW,0.007992013357579708,0.010216193009199195,0.001257368738151854,0.7822887988102105
103,AdamW,0.007279060781002045,0.010326036092542054,0.0012903493625344709,0.7049230426629365
104,AdamW,0.005770904943346977,0.010437060193407528,0.0008901909250198514,0.5529243710783728
105,AdamW,0.006328073795884848,0.010549278009931412,0.0009511270118309767,0.599858472772014
106,AdamW,0.006704654544591904,0.010662702376778091,0.0008916830229281913,0.6287950566071998
107,AdamW,0.0073560019955039024,0.010777346266608472,0.0012351655159363872,0.6825429761215945
108,AdamW,0.0069244857877492905,0.010893222791563701,0.0012325871830398683,0.6356691605639413
109,AdamW,0.0048876795917749405,0.011010345204764845,0.0005745624021074036,0.4439170163038798
110,AdamW,0.004994900431483984,0.011128726901828674,0.0006494516110251425,0.4488294551161302
111,AdamW,0.005418556276708841,0.011248381422399768,0.0007543322808487574,0.48171875341268683
112,AdamW,0.004249179270118475,0.011369322451699073,0.0003242419234084082,0.37374076495503583
113,AdamW,0.004056407138705254,0.01149156382208913,0.00032355235362047097,0.35299000218821497
114,AdamW,0.00432311138138175,0.011615119514656108,0.0005375084051593149,0.3721968918121585
115,AdamW,0.004075795877724886,0.011740003660808867,0.0005596833814252022,0.3471716019417383
116,AdamW,0.0036219339817762375,0.011866230543895209,0.00042723735259642126,0.30523037356960886
117,AdamW,0.0028124789241701365,0.011993814600835498,0.00020551266595703055,0.23449411365540176
118,AdamW,0.0032398768234997988,0.012122770423773856,0.0002970171101424057,0.26725547958460927
119,AdamW,0.0035741652827709913,0.0122531127617471,0.00038303762767100125,0.2916944740710419
120,AdamW,0.0027937376871705055,0.01238485652237164,0.00016575361451032222,0.22557691178125316
121,AdamW,0.0031328352633863688,0.012518016773548496,0.0001705228182800056,0.25026610205590105
122,AdamW,0.0035239725839346647,0.012652608745186665,0.0002552135413225187,0.2785174705789636
123,AdamW,0.002695076633244753,0.012788647830944997,0.00015332784050769988,0.21073976458429103
124,AdamW,0.002205065917223692,0.012926149589992822,0.00014390956550869305,0.1705895403632658
125,AdamW,0.0024190391413867474,0.01306512974878948,0.00016138344039973163,0.1851523243855177
126,AdamW,0.0026057162322103977,0.013205604202883027,0.00014357742304582644,0.1973189709594296
127,AdamW,0.002510262653231621,0.013347589018728217,0.00013124837073519302,0.188068620460926
128,AdamW,0.0017874761251732707,0.013491100435524105,6.375912721523491e-05,0.13249298185243483
129,AdamW,0.0017124594887718558,0.013636154867071332,9.146794764092192e-05,0.12558228514308775
130,AdamW,0.001891584717668593,0.01378276890364945,0.00013264263429846324,0.1372427217558391
131,AdamW,0.0012503144098445773,0.013930959313914379,5.181417088806484e-05,0.08975077607151943
132,AdamW,0.0015012663789093494,0.014080743046816292,5.3172987421135076e-05,0.10661840599731641
133,AdamW,0.00193151889834553,0.014232137233538108,9.537579435203725e-05,0.13571530871652188
134,AdamW,0.00157883670181036,0.014385159189454842,5.800863812055468e-05,0.10975455196684504
135,AdamW,0.0013585222186520696,0.014539826416114007,3.9199995228500484e-05,0.09343455552856288
136,AdamW,0.0014313122956082225,0.014696156603237313,3.8221273484850826e-05,0.09739364748555611
137,AdamW,0.0014769254485145211,0.01485416763074389,4.213909164718643e-05,0.09942835473713832
138,AdamW,0.0013983675744384527,0.01501387757079528,4.6933423533346286e-05,0.09313833603908772
139,AdamW,0.0011762288631871343,0.015175304689862366,3.099932095551594e-05,0.07750940671213648
140,AdamW,0.001303534721955657,0.015338467450814599,3.831072531568225e-05,0.0849846783021617
141,AdamW,0.0011980172712355852,0.015503384515031615,3.405989593829872e-05,0.07727456350411897
142,AdamW,0.0006548736710101366,0.015670074744537615,8.027175340430404e-06,0.04179135592434982
143,AdamW,0.0007957991329021752,0.015838557204158648,1.7134510699179373e-05,0.05024442079189046
144,AdamW,0.0009988929377868772,0.016008851163703115,2.656545341039873e-05,0.06239629112497892
145,AdamW,0.0009279260993935168,0.016180976100165712,1.985945837645886e-05,0.05734673196779604
146,AdamW,0.0008994605159386992,0.016354951699955076,1.782863409971469e-05,0.05499621964283575
147,AdamW,0.0008767096442170441,0.01653079786114535,1.7414490606881827e-05,0.05303492617725958
148,AdamW,0.000832042598631233,0.01670853469575201,1.8291187842578438e-05,0.04979746062608184
149,AdamW,0.0005294376169331372,0.01688818253203211,7.86030327404319e-06,0.03134959110780237
150,AdamW,0.0003512938565108925,0.017069761916809298,3.1279584256083126e-06,0.02057989198812193
151,AdamW,0.0006812902283854783,0.017253293617823805,1.2401251019866777e-05,0.03948754617388879
152,AdamW,0.0006728277076035738,0.01743879862610771,1.0021669766047125e-05,0.038582228170023145
153,AdamW,0.0006141377380117774,0.017626298158385734,8.575119167630874e-06,0.03484212808005863
154,AdamW,0.0006139684119261801,0.01781581365950188,1.091457015078845e-05,0.0344619911085973
155,AdamW,0.0004488774575293064,0.018007366804872114,6.247660465419358e-06,0.024927434554610012
156,AdamW,0.0003739702806342393,0.018200979502963458,4.020076900701497e-06,0.020546711816984906
157,AdamW,0.0003808571200352162,0.01839667389779972,3.1917513574342138e-06,0.0207024988403348
158,AdamW,0.00045639718882739544,0.018594472371494163,4.994846342754045e-06,0.02454477759353177
159,AdamW,0.000461545743746683,0.018794397546809404,5.5019617768437e-06,0.024557623759801573
160,AdamW,0.0003500983293633908,0.01899647228974487,2.3540930342846877e-06,0.018429649675134118
161,AdamW,0.0004653852083720267,0.019200719712152006,4.885684738553664e-06,0.024237904378005555
162,AdamW,0.0004717338888440281,0.019407163174377677,4.798309468867501e-06,0.024307204747308724
163,AdamW,0.0003077593573834747,0.01961582628793594,1.4974266946410353e-06,0.015689339458147215
164,AdamW,0.0002793440071400255,0.019826732918208547,2.276379208687729e-06,0.01408926061053057
165,AdamW,0.0002763303346000612,0.02003990718717453,2.302796935360618e-06,0.013789002714389398
166,AdamW,0.00029131839983165264,0.020255373476169052,1.9829944521987386e-06,0.014382277383055708
167,AdamW,0.0002839567023329437,0.02047315642867202,1.764136645654446e-06,0.013869708040489112
168,AdamW,0.0002728576655499637,0.02069328095312658,1.7790255046890024e-06,0.01318580974027404
169,AdamW,0.00029952259501442313,0.02091577222578801,2.125328439461782e-06,0.014320417710665641
170,AdamW,0.0002618586295284331,0.021140655693603145,1.0312717106941705e-06,0.012386495164748731
171,AdamW,0.00027558603323996067,0.021367957077120876,1.3113563213096313e-06,0.012897163366873124
172,AdamW,0.0002502903516869992,0.021597702373433832,1.4150271194779407e-06,0.011588748995581486
173,AdamW,0.00012773291382472962,0.021829917859151764,4.2134002775640056e-07,0.005851277803648725
174,AdamW,0.00015772358165122569,0.022064630093406878,7.220409692365592e-07,0.007148254060164598
175,AdamW,0.0002249630051665008,0.022301865920891447,1.071669245789053e-06,0.010087183106762604
176,AdamW,0.0002396667841821909,0.022541652474928144,9.973327923518127e-07,0.010632174568779252
177,AdamW,0.00019001502369064838,0.022784017180573365,5.817604384894537e-07,0.008339838501028842
178,AdamW,0.00015444574819412082,0.02302898775775386,5.7024742616818e-07,0.006706579977320929
179,AdamW,0.00015839788829907775,0.023276592224437176,6.946150779008065e-07,0.006805029137073685
180,AdamW,9.764615970198065e-05,0.023526858899836158,2.207875695603434e-07,0.004150412093586393
181,AdamW,0.00010008449316956103,0.023779816407647866,4.2506886110960096e-07,0.004208800078766491
182,AdamW,0.00011600947618717328,0.024035493679327356,5.368627414847893e-07,0.004826590114392019
183,AdamW,0.00011817399354185909,0.024293919957396673,3.344578785036134e-07,0.00486434440177198
184,AdamW,0.0001403910864610225,0.02455512479878937,3.802510730732678e-07,0.005717384359127515
185,AdamW,0.00012508750660344958,0.02481913807823104,2.811725345885918e-07,0.005039961750854044
186,AdamW,0.00010018814646173269,0.02508598999165615,2.3543685778726342e-07,0.003993788823764032
187,AdamW,7.243687286973e-05,0.02535571105966166,1.2221253098410045e-07,0.0028568267203900126
188,AdamW,0.00010215657675871626,0.02562833213099772,2.543751973504982e-07,0.003986079789997605
189,AdamW,0.00011429526784922928,0.025903884386095952,3.2207257161243064e-07,0.004412282966742157
190,AdamW,7.267024921020493e-05,0.026182399340635636,9.361850739075805e-08,0.002775538187496024
191,AdamW,7.09081141394563e-05,0.02646390884914823,1.5994990931744724e-07,0.0026794270847761994
192,AdamW,6.49068460916169e-05,0.02674844510866068,1.4673083625904582e-07,0.0024265652013769276
193,AdamW,5.944884833297692e-05,0.027036040662377882,8.718213384550921e-08,0.002198874053910683
194,AdamW,6.893903628224507e-05,0.02732672840340475,1.2107217084444954e-07,0.002522769475531351
195,AdamW,6.289950397331268e-05,0.027620541578508236,1.2770888088708965e-07,0.0022772726521139352
196,AdamW,5.843603503308259e-05,0.027917513791919927,1.2331912147001134e-07,0.0020931675889418037
197,AdamW,5.153292659088038e-05,0.028217679009179427,5.83311442620138e-08,0.0018262638317671812
198,AdamW,5.97045618633274e-05,0.02852107156101908,8.294873532488367e-08,0.002093349183448215
199,AdamW,4.53927532362286e-05,0.02882772614729047,5.566323402206308e-08,0.0015746213559925566
200,AdamW,4.268882912583649e-05,0.029137677840933168,,0.001465073138596735
0,SGD,0.0,0.0,0.0,0.0
1,SGD,0.0,0.0,0.0,0.0
2,SGD,0.0,0.0,0.0,0.0
3,SGD,0.0,0.0,0.0,0.0
4,SGD,0.0,0.0,0.0,0.0
5,SGD,0.0,0.0,0.0,0.0
6,SGD,0.0,0.0,0.0,0.0
7,SGD,0.0,0.0,0.0,0.0
8,SGD,0.0,0.0,0.0,0.0
9,SGD,0.0,0.0,0.0,0.0
10,SGD,0.0,0.0,0.0,0.0
11,SGD,0.0,0.0,0.0,0.0
12,SGD,0.0,0.0,0.0,0.0
13,SGD,0.0,0.0,0.0,0.0
14,SGD,0.0,0.0,0.0,0.0
15,SGD,0.0,0.0,0.0,0.0
16,SGD,0.0,0.0,0.0,0.0
17,SGD,0.0,0.0,0.0,0.0
18,SGD,0.0,0.0,0.0,0.0
19,SGD,0.0,0.0,0.0,0.0
20,SGD,0.0,0.0,0.0,0.0
21,SGD,0.0,0.0,0.0,0.0
22,SGD,0.0,0.0,0.0,0.0
23,SGD,0.0,0.0,0.0,0.0
24,SGD,0.0,0.0,0.0,0.0
25,SGD,0.0,0.0,0.0,0.0
26,SGD,0.0,0.0,0.0,0.0
27,SGD,0.0,0.0,0.0,0.0
28,SGD,0.0,0.0,0.0,0.0
29,SGD,0.0,0.0,0.0,0.0
30,SGD,0.0,0.0,0.0,0.0
31,SGD,0.0,0.0,0.0,0.0
32,SGD,0.0,0.0,0.0,0.0
33,SGD,0.0,0.0,0.0,0.0
34,SGD,0.0,0.0,0.0,0.0
35,SGD,0.0,0.0,0.0,0.0
36,SGD,0.0,0.0,0.0,0.0
37,SGD,0.0,0.0,0.0,0.0
38,SGD,0.0,0.0,0.0,0.0
39,SGD,0.0,0.0,0.0,0.0
40,SGD,0.0,0.0,0.0,0.0
41,SGD,0.0,0.0,0.0,0.0
42,SGD,0.0,0.0,0.0,0.0
43,SGD,0.0,0.0,0.0,0.0
44,SGD,0.0,0.0,0.0,0.0
45,SGD,0.0,0.0,0.0,0.0
46,SGD,0.0,0.0,0.0,0.0
47,SGD,0.0,0.0,0.0,0.0
48,SGD,0.0,0.0,0.0,0.0
49,SGD,0.0,0.0,0.0,0.0
50,SGD,0.0,0.0,0.0,0.0
51,SGD,0.0,0.0,0.0,0.0
52,SGD,0.0,0.0,0.0,0.0
53,SGD,0.0,0.0,0.0,0.0
54,SGD,0.0,0.0,0.0,0.0
55,SGD,0.0,0.0,0.0,0.0
56,SGD,0.0,0.0,0.0,0.0
57,SGD,0.0,0.0,0.0,0.0
58,SGD,0.0,0.0,0.0,0.0
59,SGD,0.0,0.0,0.0,0.0
60,SGD,0.0,0.0,0.0,0.0
61,SGD,0.0,0.0,0.0,0.0
62,SGD,0.0,0.0,0.0,0.0
63,SGD,0.0,0.0,0.0,0.0
64,SGD,0.0,0.0,0.0,0.0
65,SGD,0.0,0.0,0.0,0.0
66,SGD,0.0,0.0,0.0,0.0
67,SGD,0.0,0.0,0.0,0.0
68,SGD,0.0,0.0,0.0,0.0
69,SGD,0.0,0.0,0.0,0.0
70,SGD,0.0,0.0,0.0,0.0
71,SGD,0.0,0.0,0.0,0.0
72,SGD,0.0,0.0,0.0,0.0
73,SGD,0.0,0.0,0.0,0.0
74,SGD,0.0,0.0,0.0,0.0
75,SGD,0.0,0.0,0.0,0.0
76,SGD,0.0,0.0,0.0,0.0
77,SGD,0.0,0.0,0.0,0.0
78,SGD,0.0,0.0,0.0,0.0
79,SGD,0.0,0.0,0.0,0.0
80,SGD,0.0,0.0,0.0,0.0
81,SGD,0.0,0.0,0.0,0.0
82,SGD,0.0,0.0,0.0,0.0
83,SGD,0.0,0.0,0.0,0.0
84,SGD,0.0,0.0,0.0,0.0
85,SGD,0.0,0.0,0.0,0.0
86,SGD,0.0,0.0,0.0,0.0
87,SGD,0.0,0.0,0.0,0.0
88,SGD,0.0,0.0,0.0,0.0
89,SGD,0.0,0.0,0.0,0.0
90,SGD,0.0,0.0,0.0,0.0
91,SGD,0.0,0.0,0.0,0.0
92,SGD,0.0,0.0,0.0,0.0
93,SGD,0.0,0.0,0.0,0.0
94,SGD,0.0,0.0,0.0,0.0
95,SGD,0.0,0.0,0.0,0.0
96,SGD,0.0,0.0,0.0,0.0
97,SGD,0.0,0.0,0.0,0.0
98,SGD,0.0,0.0,0.0,0.0
99,SGD,0.0,0.0,0.0,0.0
100,SGD,0.010000897571444511,0.009999999776482582,76.0,1.0
101,SGD,0.007297747302800417,0.011880003854334261,88.0,0.6142882942026935
102,SGD,0.006142919417470694,0.01411344947335987,104.0,0.4352528720257855
103,SGD,0.00539045874029398,0.016766783788913532,128.0,0.3214962874310002
104,SGD,0.0048601217567920685,0.019918946048931338,156.0,0.2439949254771347
105,SGD,0.00446082791313529,0.023663716112483326,196.0,0.1885091881567185
106,SGD,0.004208363126963377,0.028112504490780805,236.0,0.14969719714383556
107,SGD,0.0041071162559092045,0.03339766691704255,284.0,0.12297614279796823
108,SGD,0.003963593393564224,0.03967644205686133,328.0,0.09989790384641589
109,SGD,0.004076467826962471,0.04713562950974168,400.0,0.0864837887891149
110,SGD,0.004279838874936104,0.05599714727685407,504.0,0.07642958763196027
111,SGD,0.004435218404978514,0.06652463403501642,592.0,0.06667031648222158
112,SGD,0.004736004862934351,0.07903129264090415,720.0,0.0599256915163139
113,SGD,0.005130993202328682,0.09388920821728337,864.0,0.05464944587086373
114,SGD,0.005482090171426535,0.1115404180432945,1056.0,0.04914891182583391
115,SGD,0.006040283944457769,0.13251006258867007,1296.0,0.04558358683451583
116,SGD,0.006466882769018412,0.15742200894780356,1504.0,0.041079915141742585
117,SGD,0.007255229167640209,0.18701741148585976,1888.0,0.03879440480967608
118,SGD,0.00774058373644948,0.22217676189400068,2208.0,0.034839754033963596
119,SGD,0.008333869278430939,0.2639460846640781,2592.0,0.0315741348807556
120,SGD,0.009462565183639526,0.3135680573233608,3392.0,0.030177069898039536
121,SGD,0.010598478838801384,0.37251898128621147,4096.0,0.028450842430116134
122,SGD,0.011447264812886715,0.44255270324111023,4928.0,0.025866444220204097
123,SGD,0.012303466908633709,0.5257527937765344,5888.0,0.023401619647623148
124,SGD,0.013159270398318768,0.624594535609999,6784.0,0.02106850068015245
125,SGD,0.013829952105879784,0.742018565629698,7680.0,0.018638283119160628
126,SGD,0.015137087553739548,0.8815183616703101,9472.0,0.0171716077757673
127,SGD,0.016074741259217262,1.0472441768387022,11008.0,0.015349563754789073
128,SGD,0.016585173085331917,1.244126513535684,12544.0,0.01333077697878048
129,SGD,0.018084749579429626,1.4780228106447217,15104.0,0.012235771633010832
130,SGD,0.019492873921990395,1.7558917079725636,17664.0,0.011101410088950074
131,SGD,0.02166576124727726,2.0860000724764975,21504.0,0.010386270610985975
132,SGD,0.024111900478601456,2.478168945507626,26624.0,0.009729724247538093
133,SGD,0.027206074446439743,2.9440657282372045,33280.0,0.009240987449940431
134,SGD,0.029029130935668945,3.4975512980635033,38912.0,0.00829984422294008
135,SGD,0.03111787512898445,4.155092383046174,46080.0,0.00748909344493837
136,SGD,0.03531589359045029,4.936251462904166,59392.0,0.007154395163181727
137,SGD,0.03887781500816345,5.8642687716030855,70656.0,0.006629610019994977
138,SGD,0.04537568613886833,6.966753716668751,90112.0,0.006513175000043685
139,SGD,0.050972357392311096,8.276506285616561,110592.0,0.006158680442361785
140,SGD,0.05425747483968735,9.832492877127992,129024.0,0.005518180945332717
141,SGD,0.057868022471666336,11.681005588890294,151552.0,0.004954027462045231
142,SGD,0.06210056319832802,13.877039452027677,180224.0,0.004475058488736518
143,SGD,0.07028578966856003,16.48592858617296,225280.0,0.0042633806947040866
144,SGD,0.07531609386205673,19.58528995236676,266240.0,0.0038455439794474553
145,SGD,0.08207665383815765,23.267332532302532,319488.0,0.0035275489239778085
146,SGD,0.0843893513083458,27.641600634221025,352256.0,0.0030529835238220456
147,SGD,0.09468754380941391,32.838232941443096,425984.0,0.0028834542948233564
148,SGD,0.1015777587890625,39.01183426336947,516096.0,0.002603767823458634
149,SGD,0.10017384588718414,46.34607517726339,557056.0,0.0021614310489947975
150,SGD,0.11151321977376938,55.05915640458349,688128.0,0.00202533469554732
151,SGD,0.12149178981781006,65.41030049231864,819200.0,0.0018573800900376122
152,SGD,0.1318802386522293,77.70746393308794,983040.0,0.0016971373401889458
153,SGD,0.14555367827415466,92.31649916699709,1179648.0,0.0015766810872112201
154,SGD,0.15329231321811676,109.67203904361821,1376256.0,0.0013977337756723035
155,SGD,0.1712496429681778,130.2904275673062,1671168.0,0.001314368570014191
156,SGD,0.19583669304847717,154.78508162796186,2097152.0,0.0012652168477010341
157,SGD,0.20891591906547546,183.88474074350728,2490368.0,0.0011361242820951798
158,SGD,0.23834927380084991,218.45514776146535,3211264.0,0.0010910673254589875
159,SGD,0.25564682483673096,259.5248055413684,3866624.0,0.0009850573794032984
160,SGD,0.273179292678833,308.3155759040707,4456448.0,0.0008860379235716264
161,SGD,0.3146653473377228,366.2790311961391,5505024.0,0.0008590864355792793
162,SGD,0.33377301692962646,435.1396399633241,6553600.0,0.0007670480606128153
163,SGD,0.374837189912796,516.9460715484365,7864320.0,0.0007250992135214916
164,SGD,0.4467322528362274,614.1321459747612,10485760.0,0.000727420402537578
165,SGD,0.5124636888504028,729.5892424326638,13107200.0,0.000702400280933007
166,SGD,0.5891318917274475,866.7523205915103,16252928.0,0.0006797003916013721
167,SGD,0.6506544947624207,1029.7021139536664,20971520.0,0.0006318861406083296
168,SGD,0.7228699922561646,1223.2865356011544,24117248.0,0.0005909245064165835
169,SGD,0.7634595632553101,1453.2649082726941,28835840.0,0.0005253409470698185
170,SGD,0.8479622006416321,1726.479309754653,35651584.0,0.0004911510933554915
171,SGD,0.9717851877212524,2051.0581312760855,45088768.0,0.00047379699916971486
172,SGD,1.0872434377670288,2436.657904965901,54525952.0,0.0004462027416943635
173,SGD,1.191361427307129,2894.750594971613,65011712.0,0.0004115592650284305
174,SGD,1.3527699708938599,3438.9648994267714,79691776.0,0.00039336544874864763
175,SGD,1.5042917728424072,4085.491717328884,104857600.0,0.00036820335884218144
176,SGD,1.6919790506362915,4853.565843357435,123731968.0,0.00034860535640037215
177,SGD,1.9529999494552612,5766.0382215161435,155189248.0,0.0003387074234380868
178,SGD,2.135643720626831,6850.055782695724,192937984.0,0.0003117702670424655
179,SGD,2.4763898849487305,8137.869091978539,247463936.0,0.0003043044631167263
180,SGD,2.818082571029663,9667.791833969257,306184192.0,0.0002914918545440647
181,SGD,3.0667123794555664,11485.340681762977,369098752.0,0.00026701100685024107
182,SGD,3.4499242305755615,13644.589461748968,461373440.0,0.00025284192245190123
183,SGD,3.8901307582855225,16209.77790195541,570425344.0,0.00023998667852298276
184,SGD,4.228201389312744,19257.222825745735,671088640.0,0.00021956444226526247
185,SGD,4.685181617736816,22877.58865071726,805306368.0,0.00020479350727332557
186,SGD,4.921006679534912,27178.584742328192,956301312.0,0.00018106191791034977
187,SGD,5.245766639709473,32288.169871117763,1107296256.0,0.0001624671407716387
188,SGD,5.782305717468262,38358.359109203986,1308622848.0,0.00015074434495506909
189,SGD,6.110813617706299,45569.74642489132,1543503872.0,0.00013409803865769204
190,SGD,6.632366180419922,54136.87752692788,1811939328.0,0.00012251105869785266
191,SGD,7.230780124664307,64314.63280569659,2281701376.0,0.00011242822681596418
192,SGD,8.096524238586426,76405.81026997976,2751463424.0,0.00010596738925976147
193,SGD,9.106680870056152,90770.1340789598,3355443200.0,0.00010032684166946767
194,SGD,10.3441743850708,107834.95668194693,4294967296.0,9.592598451706485e-05
195,SGD,11.601370811462402,128107.97296478633,5234491392.0,9.055931916627335e-05
196,SGD,13.246240615844727,152192.32466102438,6308233216.0,8.703619348313309e-05
197,SGD,14.207035064697266,180804.5443986029,7650410496.0,7.857675874217155e-05
198,SGD,15.57479476928711,214795.8732347168,9395240960.0,7.250974860335353e-05
199,SGD,16.445341110229492,255177.58589601688,10737418240.0,6.444665213241282e-05
200,SGD,17.096464157104492,303151.07717439334,,5.639585488680098e-05
0,SGD_momentum,0.0,0.0,0.0,0.0
1,SGD_momentum,0.0,0.0,0.0,0.0
2,SGD_momentum,0.0,0.0,0.0,0.0
3,SGD_momentum,0.0,0.0,0.0,0.0
4,SGD_momentum,0.0,0.0,0.0,0.0
5,SGD_momentum,0.0,0.0,0.0,0.0
6,SGD_momentum,0.0,0.0,0.0,0.0
7,SGD_momentum,0.0,0.0,0.0,0.0
8,SGD_momentum,0.0,0.0,0.0,0.0
9,SGD_momentum,0.0,0.0,0.0,0.0
10,SGD_momentum,0.0,0.0,0.0,0.0
11,SGD_momentum,0.0,0.0,0.0,0.0
12,SGD_momentum,0.0,0.0,0.0,0.0
13,SGD_momentum,0.0,0.0,0.0,0.0
14,SGD_momentum,0.0,0.0,0.0,0.0
15,SGD_momentum,0.0,0.0,0.0,0.0
16,SGD_momentum,0.0,0.0,0.0,0.0
17,SGD_momentum,0.0,0.0,0.0,0.0
18,SGD_momentum,0.0,0.0,0.0,0.0
19,SGD_momentum,0.0,0.0,0.0,0.0
20,SGD_momentum,0.0,0.0,0.0,0.0
21,SGD_momentum,0.0,0.0,0.0,0.0
22,SGD_momentum,0.0,0.0,0.0,0.0
23,SGD_momentum,0.0,0.0,0.0,0.0
24,SGD_momentum,0.0,0.0,0.0,0.0
25,SGD_momentum,0.0,0.0,0.0,0.0
26,SGD_momentum,0.0,0.0,0.0,0.0
27,SGD_momentum,0.0,0.0,0.0,0.0
28,SGD_momentum,0.0,0.0,0.0,0.0
29,SGD_momentum,0.0,0.0,0.0,0.0
30,SGD_momentum,0.0,0.0,0.0,0.0
31,SGD_momentum,0.0,0.0,0.0,0.0
32,SGD_momentum,0.0,0.0,0.0,0.0
33,SGD_momentum,0.0,0.0,0.0,0.0
34,SGD_momentum,0.0,0.0,0.0,0.0
35,SGD_momentum,0.0,0.0,0.0,0.0
36,SGD_momentum,0.0,0.0,0.0,0.0
37,SGD_momentum,0.0,0.0,0.0,0.0
38,SGD_momentum,0.0,0.0,0.0,0.0
39,SGD_momentum,0.0,0.0,0.0,0.0
40,SGD_momentum,0.0,0.0,0.0,0.0
41,SGD_momentum,0.0,0.0,0.0,0.0
42,SGD_momentum,0.0,0.0,0.0,0.0
43,SGD_momentum,0.0,0.0,0.0,0.0
44,SGD_momentum,0.0,0.0,0.0,0.0
45,SGD_momentum,0.0,0.0,0.0,0.0
46,SGD_momentum,0.0,0.0,0.0,0.0
47,SGD_momentum,0.0,0.0,0.0,0.0
48,SGD_momentum,0.0,0.0,0.0,0.0
49,SGD_momentum,0.0,0.0,0.0,0.0
50,SGD_momentum,0.0,0.0,0.0,0.0
51,SGD_momentum,0.0,0.0,0.0,0.0
52,SGD_momentum,0.0,0.0,0.0,0.0
53,SGD_momentum,0.0,0.0,0.0,0.0
54,SGD_momentum,0.0,0.0,0.0,0.0
55,SGD_momentum,0.0,0.0,0.0,0.0
56,SGD_momentum,0.0,0.0,0.0,0.0
57,SGD_momentum,0.0,0.0,0.0,0.0
58,SGD_momentum,0.0,0.0,0.0,0.0
59,SGD_momentum,0.0,0.0,0.0,0.0
60,SGD_momentum,0.0,0.0,0.0,0.0
61,SGD_momentum,0.0,0.0,0.0,0.0
62,SGD_momentum,0.0,0.0,0.0,0.0
63,SGD_momentum,0.0,0.0,0.0,0.0
64,SGD_momentum,0.0,0.0,0.0,0.0
65,SGD_momentum,0.0,0.0,0.0,0.0
66,SGD_momentum,0.0,0.0,0.0,0.0
67,SGD_momentum,0.0,0.0,0.0,0.0
68,SGD_momentum,0.0,0.0,0.0,0.0
69,SGD_momentum,0.0,0.0,0.0,0.0
70,SGD_momentum,0.0,0.0,0.0,0.0
71,SGD_momentum,0.0,0.0,0.0,0.0
72,SGD_momentum,0.0,0.0,0.0,0.0
73,SGD_momentum,0.0,0.0,0.0,0.0
74,SGD_momentum,0.0,0.0,0.0,0.0
75,SGD_momentum,0.0,0.0,0.0,0.0
76,SGD_momentum,0.0,0.0,0.0,0.0
77,SGD_momentum,0.0,0.0,0.0,0.0
78,SGD_momentum,0.0,0.0,0.0,0.0
79,SGD_momentum,0.0,0.0,0.0,0.0
80,SGD_momentum,0.0,0.0,0.0,0.0
81,SGD_momentum,0.0,0.0,0.0,0.0
82,SGD_momentum,0.0,0.0,0.0,0.0
83,SGD_momentum,0.0,0.0,0.0,0.0
84,SGD_momentum,0.0,0.0,0.0,0.0
85,SGD_momentum,0.0,0.0,0.0,0.0
86,SGD_momentum,0.0,0.0,0.0,0.0
87,SGD_momentum,0.0,0.0,0.0,0.0
88,SGD_momentum,0.0,0.0,0.0,0.0
89,SGD_momentum,0.0,0.0,0.0,0.0
90,SGD_momentum,0.0,0.0,0.0,0.0
91,SGD_momentum,0.0,0.0,0.0,0.0
92,SGD_momentum,0.0,0.0,0.0,0.0
93,SGD_momentum,0.0,0.0,0.0,0.0
94,SGD_momentum,0.0,0.0,0.0,0.0
95,SGD_momentum,0.0,0.0,0.0,0.0
96,SGD_momentum,0.0,0.0,0.0,0.0
97,SGD_momentum,0.0,0.0,0.0,0.0
98,SGD_momentum,0.0,0.0,0.0,0.0
99,SGD_momentum,0.0,0.0,0.0,0.0
100,SGD_momentum,0.009999999776482582,0.009999999776482582,0.003556542725164036,1.0
101,SGD_momentum,0.007327638100832701,0.0100392892806483,0.0019055478405789472,0.7298961008083941
102,SGD_momentum,0.008630492724478245,0.010078733151331227,0.0028911763256473932,0.8563072952614392
103,SGD_momentum,0.00710515771061182,0.01011833199502977,0.001586003165357397,0.7022064223729709
104,SGD_momentum,0.008075354620814323,0.010158086420625233,0.0025426375614188146,0.7949680960006327
105,SGD_momentum,0.0056782872416079044,0.010197997039391194,0.0010973328498948831,0.5568041665117889
106,SGD_momentum,0.0075255827978253365,0.010238064465002883,0.0019972326217612135,0.7350591338382647
107,SGD_momentum,0.005969957914203405,0.010278289313546641,0.0011289438816675101,0.580831861420274
108,SGD_momentum,0.0059283520095050335,0.010318672203529373,0.001496016254350252,0.5745266341029144
109,SGD_momentum,0.004780336283147335,0.010359213755888072,0.0007886100347604952,0.4614574422146894
110,SGD_momentum,0.005971475038677454,0.010399914593999362,0.0013476850481310976,0.574185007454093
111,SGD_momentum,0.004512113053351641,0.010440775343689075,0.0006600206124858232,0.43216264164509455
112,SGD_momentum,0.005040379706770182,0.010481796633241891,0.0010402806401543785,0.4808698244330709
113,SGD_momentum,0.004082735162228346,0.010522979093410986,0.0004965397306477826,0.3879828255845125
114,SGD_momentum,0.004902417305856943,0.010564323357427737,0.0009341379641227832,0.464054075210607
115,SGD_momentum,0.003026361344382167,0.01060583006101145,0.00035986802458864986,0.28534884369942004
116,SGD_momentum,0.004167628940194845,0.010647499842379142,0.0006981158189773851,0.39141854913271407
117,SGD_momentum,0.0034919108729809523,0.010689333342255357,0.00035912503426516196,0.3266724650804266
118,SGD_momentum,0.003918895497918129,0.010731331203882012,0.0005895498629797657,0.365182606282852
119,SGD_momentum,0.0026146224699914455,0.010773494073028288,0.0002328771615793812,0.24269029641341877
120,SGD_momentum,0.0035704816691577435,0.010815822598000563,0.0004870056777690479,0.3301165155776307
121,SGD_momentum,0.002570126438513398,0.010858317429652377,0.00019891710530828277,0.23669656511374243
122,SGD_momentum,0.0031618131324648857,0.010900979221394443,0.0004228691454954969,0.2900485422685201
123,SGD_momentum,0.0019157363567501307,0.010943808629204695,9.09427510578098e-05,0.17505207023063143
124,SGD_momentum,0.00333813251927495,0.010986806311638361,0.0004063463292141023,0.3038310155462425
125,SGD_momentum,0.001571131870150566,0.011029972929838115,5.7780854376687785e-05,0.14244204225564
126,SGD_momentum,0.0027928331401199102,0.011073309147544218,0.0003221520876195427,0.2522130559986479
127,SGD_momentum,0.0013058995828032494,0.011116815631104738,3.4038933222291234e-05,0.11747065222070927
128,SGD_momentum,0.0026929795276373625,0.011160493049485784,0.0002800860098659541,0.24129574882549124
129,SGD_momentum,0.0011030080495402217,0.01120434207428181,3.169875390085508e-05,0.09844469601406057
130,SGD_momentum,0.002292051212862134,0.011248363379725925,0.00020355014908091107,0.20376752914947005
131,SGD_momentum,0.0014037761138752103,0.01129255764270027,4.6308844844134e-05,0.12430984709497044
132,SGD_momentum,0.0019852654077112675,0.011336925542746417,0.00016192739292364422,0.17511497276979812
133,SGD_momentum,0.0009403147851116955,0.01138146776207583,2.973109212689451e-05,0.08261805988195273
134,SGD_momentum,0.0018019122071564198,0.011426184985580344,0.00012954903525042027,0.15770024810821837
135,SGD_momentum,0.0011556929675862193,0.011471077900842702,3.411281778653574e-05,0.10074841942284415
136,SGD_momentum,0.0015812563942745328,0.011516147198147121,0.00010344673199824683,0.13730776162091324
137,SGD_momentum,0.0008650390082038939,0.01156139357048992,2.0072739232546155e-05,0.07482134423759068
138,SGD_momentum,0.0015212302096188068,0.011606817713590156,8.80690288624919e-05,0.1310635048431607
139,SGD_momentum,0.0007844357751309872,0.011652420325900336,2.034295218322768e-05,0.06731955706982076
140,SGD_momentum,0.001237236661836505,0.011698202108617155,6.451382074601497e-05,0.10576297539988037
141,SGD_momentum,0.000804934767074883,0.01174416376569227,1.7518403467420285e-05,0.06853912999972846
142,SGD_momentum,0.0012442764127627015,0.011790306003843135,5.644252604497524e-05,0.10553385233234157
143,SGD_momentum,0.0006449822103604674,0.011836629532563854,1.3193265900213191e-05,0.05449036050220642
144,SGD_momentum,0.001041886513121426,0.011883135064136106,4.297218293913829e-05,0.0876777472862268
145,SGD_momentum,0.0006359338876791298,0.011929823313640087,1.0400393534837349e-05,0.05330622851321094
146,SGD_momentum,0.0009944812627509236,0.011976694998965505,3.9533101841016105e-05,0.08303469887450775
147,SGD_momentum,0.00038024879177100956,0.012023750840822623,3.310633701403276e-06,0.0316248063358068
148,SGD_momentum,0.000965367304161191,0.01207099156275334,3.433059124091642e-05,0.07997415118240667
149,SGD_momentum,0.00042668450623750687,0.012118417891142316,2.9784085811002114e-06,0.035209588419077564
150,SGD_momentum,0.0008310595294460654,0.012166030555228137,2.799605530867666e-05,0.0683098341462682
151,SGD_momentum,0.00021690885478165,0.012213830287114534,6.69420643362173e-07,0.017759281870036024
152,SGD_momentum,0.0007824982167221606,0.012261817821781634,2.312105724300295e-05,0.06381584101927752
153,SGD_momentum,0.0003263629332650453,0.01230999389709727,2.626678011097283e-06,0.026512030468349993
154,SGD_momentum,0.0006381060229614377,0.012358359253828317,1.6298858959373774e-05,0.05163355505819012
155,SGD_momentum,0.00035966315772384405,0.012406914635652086,3.134624336098568e-06,0.0289889282134922
156,SGD_momentum,0.0005882045370526612,0.012455660789167763,1.3284873524810337e-05,0.04722387250335216
157,SGD_momentum,0.00027714320458471775,0.012504598463907883,2.7625990810520307e-06,0.02216330299486531
158,SGD_momentum,0.00048024134594015777,0.012553728412349857,9.679220003278033e-06,0.038254877767446
159,SGD_momentum,0.0003324255521874875,0.012603051389927542,2.920765894032229e-06,0.026376592612576712
160,SGD_momentum,0.00046274950727820396,0.01265256815504286,8.316046155698587e-06,0.0365735636913972
161,SGD_momentum,0.00023952493211254478,0.012702279469077454,1.8737887046427204e-06,0.018856846339717723
162,SGD_momentum,0.00041126165888272226,0.012752186096404395,6.398948066532739e-06,0.032250286795820954
163,SGD_momentum,0.0002602774475235492,0.01280228880439995,2.153863645659726e-06,0.020330540226064564
164,SGD_momentum,0.0003460810403339565,0.01285258836345535,4.90699800081984e-06,0.026926952808820404
165,SGD_momentum,0.00021843308059033006,0.012903085546988675,1.6140448870771706e-06,0.016928747763073463
166,SGD_momentum,0.00034263142151758075,0.012953781131456711,4.051207983302163e-06,0.02645030188795928
167,SGD_momentum,0.0002229950187029317,0.013004675896366915,1.6130142057591002e-06,0.01714729536360297
168,SGD_momentum,0.00027532383683137596,0.013055770624289384,3.0019783299195524e-06,0.021088286915760795
169,SGD_momentum,0.00018871951033361256,0.013107066100868895,1.1271560644843248e-06,0.014398303089438295
170,SGD_momentum,0.0002758188056759536,0.013158563114836985,2.8104006277729354e-06,0.020961164472810344
171,SGD_momentum,0.00014397726044990122,0.01321026245802408,7.307348575125161e-07,0.010898894772711167
172,SGD_momentum,0.00024602326448075473,0.013262164925371668,2.241422740745236e-06,0.018550761950644343
173,SGD_momentum,0.0001536931231385097,0.013314271314944521,6.351413093241831e-07,0.0115434873980672
174,SGD_momentum,0.00022652462939731777,0.013366582427942964,1.9152120707133236e-06,0.016947086558473313
175,SGD_momentum,9.712199971545488e-05,0.01341909906871521,4.1734272659965654e-07,0.007237594656550492
176,SGD_momentum,0.00019516934116836637,0.013471822044769708,1.4156530077080731e-06,0.01448722678489795
177,SGD_momentum,0.00013437127927318215,0.013524752166787567,5.934210740576873e-07,0.009935211944449135
178,SGD_momentum,0.0001633601204957813,0.013577890248635026,1.0143790918348827e-06,0.012031333108779824
179,SGD_momentum,0.00011801412620116025,0.013631237107375963,5.003985106277753e-07,0.008657624049199609
180,SGD_momentum,0.00014879163063596934,0.013684793563284458,7.815492324425577e-07,0.010872771295225748
181,SGD_momentum,0.00011517042730702087,0.013738560439857404,4.990872550791892e-07,0.008383005469255427
182,SGD_momentum,0.00011415674089221284,0.013792538563827185,5.547142967188279e-07,0.008276702679781115
183,SGD_momentum,0.00010670895426301286,0.013846728765174362,3.9247483574200714e-07,0.007706437821718186
184,SGD_momentum,0.00012110990064684302,0.013901131877140455,5.080882159447242e-07,0.008712233055352903
185,SGD_momentum,9.168552787741646e-05,0.013955748736240748,3.171752807062944e-07,0.00656973191551697
186,SGD_momentum,9.8521908512339e-05,0.01401058018227715,3.602033866734189e-07,0.007031964931542625
187,SGD_momentum,9.004312596516684e-05,0.014065627058351113,2.8582885125416624e-07,0.006401643210901571
188,SGD_momentum,9.030559886014089e-05,0.014120890210876593,2.99264452108261e-07,0.006395177464844472
189,SGD_momentum,7.379588350886479e-05,0.014176370489593061,2.2365448471006744e-07,0.005205555509644636
190,SGD_momentum,8.272503328043967e-05,0.01423206874757858,2.2121044973566484e-07,0.005812579657087054
191,SGD_momentum,8.022302063181996e-05,0.014287985841262901,2.1924958942820538e-07,0.00561471865405552
192,SGD_momentum,6.832938379375264e-05,0.014344122630440657,1.7040437683135679e-07,0.004763580565655938
193,SGD_momentum,6.212708103703335e-05,0.014400479978284569,1.5191717972484753e-07,0.004314236826183493
194,SGD_momentum,6.741668039467186e-05,0.014457058751358717,1.5406485065483366e-07,0.004663236247022641
195,SGD_momentum,5.935780791332945e-05,0.014513859819631873,1.3114129271407649e-07,0.0040897327555169255
196,SGD_momentum,5.686195436283015e-05,0.014570884056490872,1.1679039979561878e-07,0.003902436814566507
197,SGD_momentum,5.338880146155134e-05,0.01462813233875404,1.008962174364747e-07,0.0036497346500010378
198,SGD_momentum,5.615300324279815e-05,0.014685605546684681,1.0269238054361196e-07,0.0038236763927977663
199,SGD_momentum,4.5286535168997943e-05,0.01474330456400461,8.806629642199582e-08,0.003071667886422412
200,SGD_momentum,4.108334906050004e-05,0.014801230277907742,,0.0027756712306422856
0,RMSProp,0.0,0.0,0.0,0.0
1,RMSProp,0.0,0.0,0.0,0.0
2,RMSProp,0.0,0.0,0.0,0.0
3,RMSProp,0.0,0.0,0.0,0.0
4,RMSProp,0.0,0.0,0.0,0.0
5,RMSProp,0.0,0.0,0.0,0.0
6,RMSProp,0.0,0.0,0.0,0.0
7,RMSProp,0.0,0.0,0.0,0.0
8,RMSProp,0.0,0.0,0.0,0.0
9,RMSProp,0.0,0.0,0.0,0.0
10,RMSProp,0.0,0.0,0.0,0.0
11,RMSProp,0.0,0.0,0.0,0.0
12,RMSProp,0.0,0.0,0.0,0.0
13,RMSProp,0.0,0.0,0.0,0.0
14,RMSProp,0.0,0.0,0.0,0.0
15,RMSProp,0.0,0.0,0.0,0.0
16,RMSProp,0.0,0.0,0.0,0.0
17,RMSProp,0.0,0.0,0.0,0.0
18,RMSProp,0.0,0.0,0.0,0.0
19,RMSProp,0.0,0.0,0.0,0.0
20,RMSProp,0.0,0.0,0.0,0.0
21,RMSProp,0.0,0.0,0.0,0.0
22,RMSProp,0.0,0.0,0.0,0.0
23,RMSProp,0.0,0.0,0.0,0.0
24,RMSProp,0.0,0.0,0.0,0.0
25,RMSProp,0.0,0.0,0.0,0.0
26,RMSProp,0.0,0.0,0.0,0.0
27,RMSProp,0.0,0.0,0.0,0.0
28,RMSProp,0.0,0.0,0.0,0.0
29,RMSProp,0.0,0.0,0.0,0.0
30,RMSProp,0.0,0.0,0.0,0.0
31,RMSProp,0.0,0.0,0.0,0.0
32,RMSProp,0.0,0.0,0.0,0.0
33,RMSProp,0.0,0.0,0.0,0.0
34,RMSProp,0.0,0.0,0.0,0.0
35,RMSProp,0.0,0.0,0.0,0.0
36,RMSProp,0.0,0.0,0.0,0.0
37,RMSProp,0.0,0.0,0.0,0.0
38,RMSProp,0.0,0.0,0.0,0.0
39,RMSProp,0.0,0.0,0.0,0.0
40,RMSProp,0.0,0.0,0.0,0.0
41,RMSProp,0.0,0.0,0.0,0.0
42,RMSProp,0.0,0.0,0.0,0.0
43,RMSProp,0.0,0.0,0.0,0.0
44,RMSProp,0.0,0.0,0.0,0.0
45,RMSProp,0.0,0.0,0.0,0.0
46,RMSProp,0.0,0.0,0.0,0.0
47,RMSProp,0.0,0.0,0.0,0.0
48,RMSProp,0.0,0.0,0.0,0.0
49,RMSProp,0.0,0.0,0.0,0.0
50,RMSProp,0.0,0.0,0.0,0.0
51,RMSProp,0.0,0.0,0.0,0.0
52,RMSProp,0.0,0.0,0.0,0.0
53,RMSProp,0.0,0.0,0.0,0.0
54,RMSProp,0.0,0.0,0.0,0.0
55,RMSProp,0.0,0.0,0.0,0.0
56,RMSProp,0.0,0.0,0.0,0.0
57,RMSProp,0.0,0.0,0.0,0.0
58,RMSProp,0.0,0.0,0.0,0.0
59,RMSProp,0.0,0.0,0.0,0.0
60,RMSProp,0.0,0.0,0.0,0.0
61,RMSProp,0.0,0.0,0.0,0.0
62,RMSProp,0.0,0.0,0.0,0.0
63,RMSProp,0.0,0.0,0.0,0.0
64,RMSProp,0.0,0.0,0.0,0.0
65,RMSProp,0.0,0.0,0.0,0.0
66,RMSProp,0.0,0.0,0.0,0.0
67,RMSProp,0.0,0.0,0.0,0.0
68,RMSProp,0.0,0.0,0.0,0.0
69,RMSProp,0.0,0.0,0.0,0.0
70,RMSProp,0.0,0.0,0.0,0.0
71,RMSProp,0.0,0.0,0.0,0.0
72,RMSProp,0.0,0.0,0.0,0.0
73,RMSProp,0.0,0.0,0.0,0.0
74,RMSProp,0.0,0.0,0.0,0.0
75,RMSProp,0.0,0.0,0.0,0.0
76,RMSProp,0.0,0.0,0.0,0.0
77,RMSProp,0.0,0.0,0.0,0.0
78,RMSProp,0.0,0.0,0.0,0.0
79,RMSProp,0.0,0.0,0.0,0.0
80,RMSProp,0.0,0.0,0.0,0.0
81,RMSProp,0.0,0.0,0.0,0.0
82,RMSProp,0.0,0.0,0.0,0.0
83,RMSProp,0.0,0.0,0.0,0.0
84,RMSProp,0.0,0.0,0.0,0.0
85,RMSProp,0.0,0.0,0.0,0.0
86,RMSProp,0.0,0.0,0.0,0.0
87,RMSProp,0.0,0.0,0.0,0.0
88,RMSProp,0.0,0.0,0.0,0.0
89,RMSProp,0.0,0.0,0.0,0.0
90,RMSProp,0.0,0.0,0.0,0.0
91,RMSProp,0.0,0.0,0.0,0.0
92,RMSProp,0.0,0.0,0.0,0.0
93,RMSProp,0.0,0.0,0.0,0.0
94,RMSProp,0.0,0.0,0.0,0.0
95,RMSProp,0.0,0.0,0.0,0.0
96,RMSProp,0.0,0.0,0.0,0.0
97,RMSProp,0.0,0.0,0.0,0.0
98,RMSProp,0.0,0.0,0.0,0.0
99,RMSProp,0.0,0.0,0.0,0.0
100,RMSProp,0.009999998845160007,0.009999999776482582,0.014053191989660263,0.9999999068677404
101,RMSProp,0.00841559562832117,0.00962876641241388,0.014631185680627823,0.8740055857489045
102,RMSProp,0.008266069926321507,0.009271314469712992,0.015631500631570816,0.8915747549416686
103,RMSProp,0.008366154506802559,0.008927132336026882,0.016245968639850616,0.9371603547355956
104,RMSProp,0.008153875358402729,0.008595727391760429,0.01617426425218582,0.9485963184708203
105,RMSProp,0.007668341509997845,0.00827662530500187,0.01521371304988861,0.9265058193903719
106,RMSProp,0.006836835760623217,0.007969369352622964,0.01324944943189621,0.8578891827084164
107,RMSProp,0.005639812909066677,0.007673519766582187,0.010285347700119019,0.7349707931460336
108,RMSProp,0.004205218981951475,0.0073886531044953215,0.006455287337303162,0.569145542831478
109,RMSProp,0.0025626744609326124,0.007114361643572584,0.002017885446548462,0.3602114412117131
110,RMSProp,0.0014790772693231702,0.006850252797054811,0.0026806965470314026,0.2159157206518105
111,RMSProp,0.002226440468803048,0.006595948552313499,0.007254660129547119,0.33754666992090687
112,RMSProp,0.003871083026751876,0.006351084929810427,0.011336002498865128,0.609515235512277
113,RMSProp,0.00544328335672617,0.006115311462142523,0.014624491333961487,0.8901072971382383
114,RMSProp,0.006771861109882593,0.005888290692426306,0.016927629709243774,1.0
115,RMSProp,0.00778002617880702,0.005669697691303988,0.018179722130298615,1.0
116,RMSProp,0.008433597162365913,0.005459219591879901,0.018437962979078293,1.0
117,RMSProp,0.00876963883638382,0.005256555141921663,0.017854422330856323,1.0
118,RMSProp,0.00881053414195776,0.005061414272685103,0.016634970903396606,1.0
119,RMSProp,0.008640987798571587,0.004873517683745864,0.01499585434794426,1.0
120,RMSProp,0.008297692984342575,0.00469259644324343,0.01313088834285736,1.0
121,RMSProp,0.007870015688240528,0.00451839160296544,0.011192452162504196,1.0
122,RMSProp,0.007377649657428265,0.004350653827721344,0.009286746382713318,1.0
123,RMSProp,0.006899351254105568,0.00418914303847496,0.0074775610119104385,1.0
124,RMSProp,0.006426712963730097,0.004033628068725125,0.0057951100170612335,1.0
125,RMSProp,0.006032521370798349,0.0038838863336426587,0.004245180636644363,1.0
126,RMSProp,0.0056787533685564995,0.003739703511490059,0.002817651256918907,1.0
127,RMSProp,0.005441396031528711,0.0036008732368679615,0.0014926176518201828,1.0
128,RMSProp,0.00525190494954586,0.003467196805349315,0.00024515576660633087,1.0
129,RMSProp,0.005194110795855522,0.0033384828890785263,0.0009518153965473175,1.0
130,RMSProp,0.005169392563402653,0.003214547262928507,0.0021253228187561035,1.0
131,RMSProp,0.005269496701657772,0.0030952125408236883,0.0033008046448230743,1.0
132,RMSProp,0.005371716804802418,0.002980307921851609,0.004500340670347214,1.0
133,RMSProp,0.0055734156630933285,0.0028696689457996774,0.00574040412902832,1.0
134,RMSProp,0.005735765676945448,0.0027631372577672383,0.007028408348560333,1.0
135,RMSProp,0.00595595920458436,0.0026605603815160164,0.008357666432857513,1.0
136,RMSProp,0.0060825287364423275,0.00256179150123455,0.009700026363134384,1.0
137,RMSProp,0.0062041557393968105,0.002466689251404257,0.010996360331773758,1.0
138,RMSProp,0.0061565847136080265,0.0023751175144663783,0.012145139276981354,1.0
139,RMSProp,0.0060149603523314,0.0022869452260001893,0.012991804629564285,1.0
140,RMSProp,0.0056075104512274265,0.002202046187133657,0.013323161751031876,1.0
141,RMSProp,0.005006339401006699,0.0021202988839180334,0.012875266373157501,1.0
142,RMSProp,0.004062305204570293,0.0020415863134078697,0.011364437639713287,1.0
143,RMSProp,0.0029016209300607443,0.0019657958161975178,0.008550584316253662,1.0
144,RMSProp,0.0016017711022868752,0.001892818915174438,0.004331294447183609,0.8462357859199963
145,RMSProp,0.0014498193049803376,0.0018225511602585234,0.0011541172862052917,0.795488947906782
146,RMSProp,0.0029976037330925465,0.0017548919789052142,0.007456816732883453,1.0
147,RMSProp,0.004772479180246592,0.0016897445321584386,0.01384337991476059,1.0
148,RMSProp,0.006483486387878656,0.00162701557604735,0.019445709884166718,1.0
149,RMSProp,0.007846508175134659,0.0015666153281284757,0.023500069975852966,1.0
150,RMSProp,0.00890608225017786,0.0015084573389822701,0.025574613362550735,1.0
151,RMSProp,0.009559827856719494,0.0014524583684801446,0.0256740041077137,1.0
152,RMSProp,0.010010906495153904,0.0013985382666448743,0.024182356894016266,1.0
153,RMSProp,0.010286626406013966,0.0013466198589338681,0.02169470489025116,1.0
154,RMSProp,0.01063707284629345,0.0012966288357811081,0.018833238631486893,1.0
155,RMSProp,0.011083369143307209,0.001248493646239652,0.016118191182613373,1.0
156,RMSProp,0.011773718520998955,0.001202145395572493,0.013913359493017197,1.0
157,RMSProp,0.01263556256890297,0.0011575177466451798,0.012424912303686142,1.0
158,RMSProp,0.013688870705664158,0.001114546824979073,0.011723019182682037,1.0
159,RMSProp,0.014810500666499138,0.0010731711273293469,0.011761840432882309,1.0
160,RMSProp,0.015964550897479057,0.001033331433656873,0.01238967478275299,1.0
161,RMSProp,0.017051460221409798,0.0009949707223680065,0.013354197144508362,1.0
162,RMSProp,0.01806713081896305,0.0009580340887009541,0.01431863009929657,1.0
163,RMSProp,0.01903277263045311,0.0009224686661419103,0.014906514436006546,1.0
164,RMSProp,0.020068349316716194,0.0008882235507584891,0.014789409935474396,1.0
165,RMSProp,0.021322250366210938,0.0008552497283421545,0.013820953667163849,1.0
166,RMSProp,0.02285364270210266,0.0008235000042553627,0.012194395065307617,1.0
167,RMSProp,0.02456255629658699,0.0007929289358830151,0.010523069649934769,1.0
168,RMSProp,0.02610670030117035,0.0007634927675915386,0.009656846523284912,1.0
169,RMSProp,0.027144651859998703,0.0007351493681025013,0.010139428079128265,1.0
170,RMSProp,0.027362773194909096,0.0007078581701911281,0.011591538786888123,1.0
171,RMSProp,0.026717491447925568,0.0006815801126234108,0.012543506920337677,1.0
172,RMSProp,0.02526128850877285,0.000656277584248704,0.010913893580436707,1.0
173,RMSProp,0.0233555119484663,0.0006319143701677909,0.004846692085266113,1.0
174,RMSProp,0.02144077979028225,0.0006084555998993719,0.006469443440437317,1.0
175,RMSProp,0.020199855789542198,0.0005858676974707847,0.022241584956645966,1.0
176,RMSProp,0.01989690773189068,0.000564118333361522,0.040001243352890015,1.0
177,RMSProp,0.020375028252601624,0.00054317637823077,0.05624791234731674,1.0
178,RMSProp,0.02090522088110447,0.0005230118583627317,0.06771723181009293,1.0
179,RMSProp,0.02099630795419216,0.0005035959127659694,0.07262806594371796,1.0
180,RMSProp,0.02033917047083378,0.00048490075186536404,0.07112813368439674,1.0
181,RMSProp,0.0190262608230114,0.0004668996177275651,0.06478589028120041,1.0
182,RMSProp,0.01718883216381073,0.0004495667457630056,0.055669721215963364,1.0
183,RMSProp,0.015081839635968208,0.00043287732784966617,0.04562085494399071,1.0
184,RMSProp,0.01285491418093443,0.00041680747682580675,0.03592979162931442,1.0
185,RMSProp,0.01068211067467928,0.00040133419230084863,0.027321726083755493,1.0
186,RMSProp,0.008626721799373627,0.00038643532773546916,0.020084615796804428,1.0
187,RMSProp,0.006772357504814863,0.0003720895587437932,0.014226369559764862,1.0
188,RMSProp,0.005116844084113836,0.0003582763525723142,0.009605465456843376,1.0
189,RMSProp,0.0037014626432210207,0.00034497593871185843,0.006021127104759216,1.0
190,RMSProp,0.0025081876665353775,0.0003321692806005311,0.003266235813498497,1.0
191,RMSProp,0.0016412304248660803,0.00031983804837714487,0.001153700053691864,1.0
192,RMSProp,0.0012523031327873468,0.00030796459264613094,0.00047381967306137085,1.0
193,RMSProp,0.0015102314064279199,0.00029653191921638367,0.0017431359738111496,1.0
194,RMSProp,0.002029638970270753,0.00028552366477788523,0.0027539636939764023,1.0
195,RMSProp,0.002620837651193142,0.00027492407348129414,0.003583780489861965,1.0
196,RMSProp,0.003192184492945671,0.0002647179743869768,0.00429263710975647,1.0
197,RMSProp,0.003754072356969118,0.00025489075975120836,0.004927436821162701,1.0
198,RMSProp,0.004295018967241049,0.00024542836411846054,0.005525457672774792,1.0
199,RMSProp,0.004835146479308605,0.0002363172441898537,0.006117124110460281,1.0
200,RMSProp,0.0053747775964438915,0.00022754435943895995,,1.0
